{"status":"OK","request_id":"397fe52b-ecd0-4ab6-bef0-445a619bd5b8","parameters":{"query":"Network Engineer","page":1,"num_pages":1,"country":"us","language":"en"},"data":[{"job_id":"08wQDwTPDJeEFMAyAAAAAA==","job_title":"CCNP Cisco Network Engineer","employer_name":"CSZ Net Inc","employer_logo":"https:\/\/encrypted-tbn0.gstatic.com\/images?q=tbn:ANd9GcThidkI2j0kix0a2kLR997vRbqgFv7Oh7J5DEhI&s=0","employer_website":null,"job_publisher":"Indeed","job_employment_type":"Contractor","job_employment_types":["CONTRACTOR"],"job_apply_link":"https:\/\/www.indeed.com\/viewjob?jk=3e2e4e6db522d950&utm_campaign=google_jobs_apply&utm_source=google_jobs_apply&utm_medium=organic","job_apply_is_direct":true,"apply_options":[{"publisher":"Indeed","apply_link":"https:\/\/www.indeed.com\/viewjob?jk=3e2e4e6db522d950&utm_campaign=google_jobs_apply&utm_source=google_jobs_apply&utm_medium=organic","is_direct":true},{"publisher":"Glassdoor","apply_link":"https:\/\/www.glassdoor.com\/job-listing\/ccnp-cisco-network-engineer-csznet-JV_IC1138213_KO0,27_KE28,34.htm?jl=1009929002983&utm_campaign=google_jobs_apply&utm_source=google_jobs_apply&utm_medium=organic","is_direct":true},{"publisher":"SimplyHired","apply_link":"https:\/\/www.simplyhired.com\/job\/p5_whnoMGmcgTrSfYeOSyqa245dCMbNC9w8YoeQGhQH5HHy9pA_ADA?utm_campaign=google_jobs_apply&utm_source=google_jobs_apply&utm_medium=organic","is_direct":false}],"job_description":"Hi,\n\nPlease let me know your interest in the below position\n\nRole: Senior CCNP Cisco Network Engineer\n\nLocation: Washington, DC (DC Metro)\n\nDuration: 12+ months\n\nPay rate: $50\/hr on C2C\n\nJob ID: Q009 - Senior Cisco Network Engineer - 780307\n\nClient: State of DC Agency: OCFO\nHybrid position - local candidates only\n\nDescription:\n\nThis is a contractor role within the DC Office of Lottery and Gaming Information Technology Department. The position supports daily operational and maintenance tasks within a Cisco-based network environment. Technologies include Cisco ISE, firewalls, routers, and switches across a hybrid Microsoft on premises and Microsoft Azure infrastructure. The environment is virtualized using VMware. The ideal candidate is a well-rounded Cisco network engineer with an active CCNP and working knowledge of Windows Active Directory, VMware, and general Windows server administration. The contractor is responsible for the planning, analysis, design, development, testing, quality assurance, configuration, installation, implementation, integration, maintenance, and management of networked systems supporting voice, data, and video services.\n\nRequired Skills:\n\u2022 4 years of experience with Maintenance, configuration, optimization, and upgrades of infrastructure: Windows servers, Cisco ISE, Cisco ASA firewalls, routers, and switches\n\u2022 4 years of experience with Monitor performance, capacity, and availability of LAN, WAN, telephony, and virtual systems.\n\u2022 4 years of experience with Diagnose and resolve incidents promptly to ensure continuity of services.\n\u2022 4 years of experience with Maintain network documentation, configuration standards, and change management processes.\n\u2022 4 years of experience with Implement and maintain information security and assurance requirements in all network activities.\n\u2022 4 years of experience with Support telephony systems, VoIP, voice switching, analog services, ACD, and IVR platforms.\n\u2022 4 years of experience with Cisco ISE, Cisco Umbrella, Cisco FMC, Cisco DNA, Microsoft Active Directory tools, Microsoft Intune, Tanium, Cayosoft, SSH, RDP, IDS and IPS appliance\n\u2022 4 years of experience with firewalls, VMware vCenter, DHCP, DNS, and associated utilities\n\u2022 Active, current CCNP certification\n\nRegards\n\nKanchan Illa\n\nCSZNet, Inc.\n\nDirect: 202-903-0969\n\nPhone: 202 524 9658 Ext 106\n\nEmail: kanchan.illa@csznet.com\n\nJob Type: Contract\n\nPay: Up to $55.00 per hour\n\nExpected hours: 40 per week\n\nEducation:\n\u2022 Bachelor's (Required)\n\nExperience:\n\u2022 Cisco routers: 4 years (Required)\n\u2022 VMware: 4 years (Required)\n\nLicense\/Certification:\n\u2022 CCNP (Required)\n\nLocation:\n\u2022 Washington, DC 20001 (Required)\n\nWork Location: In person","job_is_remote":false,"job_posted_at":"7 days ago","job_posted_at_timestamp":1762214400,"job_posted_at_datetime_utc":"2025-11-04T00:00:00.000Z","job_location":"Washington, DC","job_city":"Washington","job_state":"District of Columbia","job_country":"US","job_latitude":38.9071923,"job_longitude":-77.0368707,"job_benefits":null,"job_google_link":"https:\/\/www.google.com\/search?q=jobs&gl=us&hl=en&udm=8#vhid=vt%3D20\/docid%3D08wQDwTPDJeEFMAyAAAAAA%3D%3D&vssid=jobs-detail-viewer","job_salary":null,"job_min_salary":null,"job_max_salary":null,"job_salary_period":null,"job_highlights":{"Qualifications":["The ideal candidate is a well-rounded Cisco network engineer with an active CCNP and working knowledge of Windows Active Directory, VMware, and general Windows server administration","4 years of experience with Maintenance, configuration, optimization, and upgrades of infrastructure: Windows servers, Cisco ISE, Cisco ASA firewalls, routers, and switches","4 years of experience with Monitor performance, capacity, and availability of LAN, WAN, telephony, and virtual systems","4 years of experience with Diagnose and resolve incidents promptly to ensure continuity of services","4 years of experience with Maintain network documentation, configuration standards, and change management processes","4 years of experience with Implement and maintain information security and assurance requirements in all network activities","4 years of experience with Support telephony systems, VoIP, voice switching, analog services, ACD, and IVR platforms","4 years of experience with Cisco ISE, Cisco Umbrella, Cisco FMC, Cisco DNA, Microsoft Active Directory tools, Microsoft Intune, Tanium, Cayosoft, SSH, RDP, IDS and IPS appliance","4 years of experience with firewalls, VMware vCenter, DHCP, DNS, and associated utilities","Active, current CCNP certification","Bachelor's (Required)","Cisco routers: 4 years (Required)","VMware: 4 years (Required)","CCNP (Required)"],"Benefits":["Pay rate: $50\/hr on C2C","Pay: Up to $55.00 per hour","Expected hours: 40 per week"],"Responsibilities":["The position supports daily operational and maintenance tasks within a Cisco-based network environment","The contractor is responsible for the planning, analysis, design, development, testing, quality assurance, configuration, installation, implementation, integration, maintenance, and management of networked systems supporting voice, data, and video services"]},"job_onet_soc":"15114200","job_onet_job_zone":"4"},{"job_id":"XAVRqVIA-6Y6m9CzAAAAAA==","job_title":"Insider Threat Program Network Engineer","employer_name":"Leidos","employer_logo":null,"employer_website":"https:\/\/www.leidos.com","job_publisher":"Leidos Careers","job_employment_type":"Full-time","job_employment_types":["FULLTIME"],"job_apply_link":"https:\/\/careers.leidos.com\/jobs\/16999764-insider-threat-program-network-engineer?utm_campaign=google_jobs_apply&utm_source=google_jobs_apply&utm_medium=organic","job_apply_is_direct":false,"apply_options":[{"publisher":"Leidos Careers","apply_link":"https:\/\/careers.leidos.com\/jobs\/16999764-insider-threat-program-network-engineer?utm_campaign=google_jobs_apply&utm_source=google_jobs_apply&utm_medium=organic","is_direct":false},{"publisher":"Indeed","apply_link":"https:\/\/www.indeed.com\/viewjob?jk=ae726f9b53738723&utm_campaign=google_jobs_apply&utm_source=google_jobs_apply&utm_medium=organic","is_direct":false},{"publisher":"LinkedIn","apply_link":"https:\/\/www.linkedin.com\/jobs\/view\/insider-threat-program-senior-network-engineer-at-leidos-4334442115?utm_campaign=google_jobs_apply&utm_source=google_jobs_apply&utm_medium=organic","is_direct":false},{"publisher":"ZipRecruiter","apply_link":"https:\/\/www.ziprecruiter.com\/c\/Leidos\/Job\/Insider-Threat-Program-Senior-Network-Engineer\/-in-Washington,DC?jid=c02263a7550264f4&utm_campaign=google_jobs_apply&utm_source=google_jobs_apply&utm_medium=organic","is_direct":true},{"publisher":"Built In","apply_link":"https:\/\/builtin.com\/job\/insider-threat-program-senior-network-engineer\/7292832?utm_campaign=google_jobs_apply&utm_source=google_jobs_apply&utm_medium=organic","is_direct":false},{"publisher":"Security Clearance Jobs","apply_link":"https:\/\/www.clearancejobs.com\/jobs\/8624844\/insider-threat-program-senior-network-engineer?utm_campaign=google_jobs_apply&utm_source=google_jobs_apply&utm_medium=organic","is_direct":false},{"publisher":"Glassdoor","apply_link":"https:\/\/www.glassdoor.com\/job-listing\/insider-threat-program-senior-network-engineer-leidos-JV_IC1138213_KO0,46_KE47,53.htm?jl=1009895944607&utm_campaign=google_jobs_apply&utm_source=google_jobs_apply&utm_medium=organic","is_direct":false},{"publisher":"LocalJobs.com","apply_link":"https:\/\/www.localjobs.com\/job\/washington-dc-insider-threat-program-senior-network-engineer-1?utm_campaign=google_jobs_apply&utm_source=google_jobs_apply&utm_medium=organic","is_direct":false}],"job_description":"Description\n\nThe Digital Modernization Sector at Leidos currently has an opening for a Senior Network Engineer supporting the HEITS Contract as part of the Department of Homeland Security (DHS) Insider Threat Program (ITP). This is an exciting opportunity to use your experience to support, sustain, design and evolve the network enterprise of the ITP. The ITP mission is to identify insider threats to the department by utilizing advanced analytics, monitoring, and data correlation which in turn help address and eliminate potential threat actors from compromising the DHS mission in safeguarding the homeland.\n\nThe selected candidate will be responsible for the following:\n\nSupport the ITP network infrastructure, perform all routine maintenance activities, provide guidance on upgrades and system recapitalization, perform availability\/capacity management. Oversee High Speed Guard Cross Domain solution that supports the transfer of data between multiple classification domains. Support all documentation to effectively capture the configuration baseline. Design and support system recapitalization plans to account for capacity growth and changes as directed by the customer. Serve as the subject matter expert on all ITP network infrastructure.\n\nBasic Qualifications:\n\u2022 Bachelors degree and (12)+ years of prior relevant experience or Masters with (10)+ years of prior relevant experience\n\u2022 Prior leadership responsibilities\n\u2022 Excellent written and oral communication skills\n\u2022 Experienced and adept at developing and maintaining technical documents, analyses, and reports\n\u2022 Experienced with preparing and presenting briefings to senior customer management, and customer stakeholders\n\u2022 Working knowledge of defense-in-depth principles, network\/HW\/SW security architecture, network topology, IT device integrity, and common security elements\n\u2022 Active Top Secret government security clearance; ability to obtain DHS EOD SCI\n\nPreferred Qualifications:\n\u2022 Master\u2019s degree from an accredited college or university in IT Management, Engineering, or related field\n\u2022 Proven experience (10+ years) in IT service delivery management\n\u2022 Experience with User Activity Monitoring products and platforms\n\u2022 Experience with Everfox High Speed Guard Platform\n\u2022 Experience with Cisco, Juniper LAN\/WAN network infrastructure\n\u2022 Experience with Palo Alto Firewalls\n\u2022 DHS Cleared preferred\n\u2022 CCNP or Higher\n\u2022 ForcePoint\/FirePower Experience\n\nWe\u2019re not looking for perfectly polished resumes or perfect fits. We\u2019re looking for people who break limits, ask hard questions, and don\u2019t wait to be told what\u2019s next. At Leidos, we\u2019re not following the roadmap \u2014 we\u2019re redrawing it.\n\nOriginal Posting:\nNovember 5, 2025\n\nFor U.S. Positions: While subject to change based on business needs, Leidos reasonably anticipates that this job requisition will remain open for at least 3 days with an anticipated close date of no earlier than 3 days after the original posting date as listed above.\n\nPay Range:\nPay Range $126,100.00 - $227,950.00\n\nThe Leidos pay range for this job level is a general guideline only and not a guarantee of compensation or salary. Additional factors considered in extending an offer include (but are not limited to) responsibilities of the job, education, experience, knowledge, skills, and abilities, as well as internal equity, alignment with market data, applicable bargaining agreement (if any), or other law.\n\nAbout Leidos\n\nLeidos is an industry and technology leader serving government and commercial customers with smarter, more efficient digital and mission innovations. Headquartered in Reston, Virginia, with 47,000 global employees, Leidos reported annual revenues of approximately $16.7 billion for the fiscal year ended January 3, 2025. For more information, visit www.Leidos.com.\n\nPay and Benefits\n\nPay and benefits are fundamental to any career decision. That's why we craft compensation packages that reflect the importance of the work we do for our customers. Employment benefits include competitive compensation, Health and Wellness programs, Income Protection, Paid Leave and Retirement. More details are available at www.leidos.com\/careers\/pay-benefits.\n\nSecuring Your Data\n\nBeware of fake employment opportunities using Leidos\u2019 name. Leidos will never ask you to provide payment-related information during any part of the employment application process (i.e., ask you for money), nor will Leidos ever advance money as part of the hiring process (i.e., send you a check or money order before doing any work). Further, Leidos will only communicate with you through emails that are generated by the Leidos.com automated system \u2013 never from free commercial services (e.g., Gmail, Yahoo, Hotmail) or via WhatsApp, Telegram, etc. If you received an email purporting to be from Leidos that asks for payment-related information or any other personal information (e.g., about you or your previous employer), and you are concerned about its legitimacy, please make us aware immediately by emailing us at LeidosCareersFraud@leidos.com.\n\nIf you believe you are the victim of a scam, contact your local law enforcement and report the incident to the U.S. Federal Trade Commission.\n\nCommitment to Non-Descrimination\n\nAll qualified applicants will receive consideration for employment without regard to sex, race, ethnicity, age, national origin, citizenship, religion, physical or mental disability, medical condition, genetic information, pregnancy, family structure, marital status, ancestry, domestic partner status, sexual orientation, gender identity or expression, veteran or military status, or any other basis prohibited by law. Leidos will also consider for employment qualified applicants with criminal histories consistent with relevant laws.","job_is_remote":false,"job_posted_at":"7 days ago","job_posted_at_timestamp":1762214400,"job_posted_at_datetime_utc":"2025-11-04T00:00:00.000Z","job_location":"Washington, DC","job_city":"Washington","job_state":"District of Columbia","job_country":"US","job_latitude":38.9071923,"job_longitude":-77.0368707,"job_benefits":["health_insurance"],"job_google_link":"https:\/\/www.google.com\/search?q=jobs&gl=us&hl=en&udm=8#vhid=vt%3D20\/docid%3DXAVRqVIA-6Y6m9CzAAAAAA%3D%3D&vssid=jobs-detail-viewer","job_salary":null,"job_min_salary":null,"job_max_salary":null,"job_salary_period":null,"job_highlights":{"Qualifications":["Bachelors degree and (12)+ years of prior relevant experience or Masters with (10)+ years of prior relevant experience","Prior leadership responsibilities","Excellent written and oral communication skills","Experienced and adept at developing and maintaining technical documents, analyses, and reports","Experienced with preparing and presenting briefings to senior customer management, and customer stakeholders","Working knowledge of defense-in-depth principles, network\/HW\/SW security architecture, network topology, IT device integrity, and common security elements","Active Top Secret government security clearance; ability to obtain DHS EOD SCI","All qualified applicants will receive consideration for employment without regard to sex, race, ethnicity, age, national origin, citizenship, religion, physical or mental disability, medical condition, genetic information, pregnancy, family structure, marital status, ancestry, domestic partner status, sexual orientation, gender identity or expression, veteran or military status, or any other basis prohibited by law"],"Benefits":["Pay Range $126,100.00 - $227,950.00","The Leidos pay range for this job level is a general guideline only and not a guarantee of compensation or salary","Pay and Benefits","Pay and benefits are fundamental to any career decision","That's why we craft compensation packages that reflect the importance of the work we do for our customers","Employment benefits include competitive compensation, Health and Wellness programs, Income Protection, Paid Leave and Retirement"],"Responsibilities":["The ITP mission is to identify insider threats to the department by utilizing advanced analytics, monitoring, and data correlation which in turn help address and eliminate potential threat actors from compromising the DHS mission in safeguarding the homeland","Support the ITP network infrastructure, perform all routine maintenance activities, provide guidance on upgrades and system recapitalization, perform availability\/capacity management","Oversee High Speed Guard Cross Domain solution that supports the transfer of data between multiple classification domains","Support all documentation to effectively capture the configuration baseline","Design and support system recapitalization plans to account for capacity growth and changes as directed by the customer","Serve as the subject matter expert on all ITP network infrastructure"]},"job_onet_soc":"15114200","job_onet_job_zone":"4"},{"job_id":"hREA2nlp_fnoBNW6AAAAAA==","job_title":"Network Engineer Jobs","employer_name":"ClearanceJobs","employer_logo":null,"employer_website":"https:\/\/www.clearancejobs.com","job_publisher":"Security Clearance Jobs","job_employment_type":"Full-time","job_employment_types":["FULLTIME"],"job_apply_link":"https:\/\/www.clearancejobs.com\/jobs\/8611930\/network-engineer?utm_campaign=google_jobs_apply&utm_source=google_jobs_apply&utm_medium=organic","job_apply_is_direct":true,"apply_options":[{"publisher":"Security Clearance Jobs","apply_link":"https:\/\/www.clearancejobs.com\/jobs\/8611930\/network-engineer?utm_campaign=google_jobs_apply&utm_source=google_jobs_apply&utm_medium=organic","is_direct":true}],"job_description":"Cleared Network Engineer\n\nFull-time, Onsite (JBAB D.C.)\n\nAn active TS\/SCI security clearance is a must to apply!\n\nWe're looking for an adept networking professional who is passionate about deploying and operating technologies that enable highly scalable and available resources for the applications users rely upon.\n\nCompany POC is a senior-level technologist with direct experience in the environment. This perspective along with the long-term thinking at the company drives focus on the best all-around match for the customer, team member, and company.\n\nResponsibilities:\n\nWork within the networking team to administer the existing network environment\n\nServe as an escalation point for network administrators\n\nAssist with planning of system design, layout and development of baseline configuration for an enterprise network\n\nAssist with developing test plans and procedures to implement and validate the organization\u2019s requirement for reliability and high availability.\n\nDeploy health monitoring and predictive alerts across all sites and networks.\n\nAnalyze legacy infrastructure and provide recommendations for lifecycle, modernization, and migration strategies.\n\nCollaborate with security teams to ensure compliance with security controls\n\nMentor other technical staff on the team\n\nAssist in the design and implementation to scale network automation and management\n\nRequirements:\n\n6 years of relevant experience\n\nCCNP Infrastructure, Datacenter, or Security (but must be well versed in enterprise route\/switch)","job_is_remote":false,"job_posted_at":"15 days ago","job_posted_at_timestamp":1761523200,"job_posted_at_datetime_utc":"2025-10-27T00:00:00.000Z","job_location":"NAVAL ANACOST ANNEX, DC","job_city":null,"job_state":null,"job_country":null,"job_latitude":null,"job_longitude":null,"job_benefits":null,"job_google_link":"https:\/\/www.google.com\/search?q=jobs&gl=us&hl=en&udm=8#vhid=vt%3D20\/docid%3DhREA2nlp_fnoBNW6AAAAAA%3D%3D&vssid=jobs-detail-viewer","job_salary":null,"job_min_salary":null,"job_max_salary":null,"job_salary_period":null,"job_highlights":{"Qualifications":["An active TS\/SCI security clearance is a must to apply!","We're looking for an adept networking professional who is passionate about deploying and operating technologies that enable highly scalable and available resources for the applications users rely upon","6 years of relevant experience","CCNP Infrastructure, Datacenter, or Security (but must be well versed in enterprise route\/switch)"],"Responsibilities":["Work within the networking team to administer the existing network environment","Serve as an escalation point for network administrators","Assist with planning of system design, layout and development of baseline configuration for an enterprise network","Assist with developing test plans and procedures to implement and validate the organization\u2019s requirement for reliability and high availability","Deploy health monitoring and predictive alerts across all sites and networks","Analyze legacy infrastructure and provide recommendations for lifecycle, modernization, and migration strategies","Collaborate with security teams to ensure compliance with security controls","Mentor other technical staff on the team","Assist in the design and implementation to scale network automation and management"]},"job_onet_soc":"15114300","job_onet_job_zone":"4"},{"job_id":"NIjSkYsMd7L5_KUTAAAAAA==","job_title":"Senior Network Engineer - Top Secret","employer_name":"General Dynamics Information Technology","employer_logo":"https:\/\/encrypted-tbn0.gstatic.com\/images?q=tbn:ANd9GcTZDSRPaqtXcHet5dmQdiz2Jo7Q9dVc0kF1Tr3A&s=0","employer_website":null,"job_publisher":"Indeed","job_employment_type":"Full-time","job_employment_types":["FULLTIME"],"job_apply_link":"https:\/\/www.indeed.com\/viewjob?jk=9446a2711b4bd319&utm_campaign=google_jobs_apply&utm_source=google_jobs_apply&utm_medium=organic","job_apply_is_direct":false,"apply_options":[{"publisher":"Indeed","apply_link":"https:\/\/www.indeed.com\/viewjob?jk=9446a2711b4bd319&utm_campaign=google_jobs_apply&utm_source=google_jobs_apply&utm_medium=organic","is_direct":false},{"publisher":"GDIT","apply_link":"https:\/\/www.gdit.com\/careers\/job\/cfdc553db\/senior-network-engineer-top-secretsci\/?utm_campaign=google_jobs_apply&utm_source=google_jobs_apply&utm_medium=organic","is_direct":false},{"publisher":"ZipRecruiter","apply_link":"https:\/\/www.ziprecruiter.com\/c\/General-Dynamics\/Job\/Senior-Network-Engineer-Top-Secret\/-in-Arlington,VA?jid=9baa88adb94da5d2&utm_campaign=google_jobs_apply&utm_source=google_jobs_apply&utm_medium=organic","is_direct":true},{"publisher":"LinkedIn","apply_link":"https:\/\/www.linkedin.com\/jobs\/view\/senior-network-engineer-top-secret-at-general-dynamics-information-technology-4334472825?utm_campaign=google_jobs_apply&utm_source=google_jobs_apply&utm_medium=organic","is_direct":false},{"publisher":"LocalJobs.com","apply_link":"https:\/\/www.localjobs.com\/job\/arlington-va-senior-network-engineer-top-secret-sci?utm_campaign=google_jobs_apply&utm_source=google_jobs_apply&utm_medium=organic","is_direct":false},{"publisher":"JobTarget","apply_link":"https:\/\/www.jobtarget.com\/jobs\/jt-ubuyfth94w\/senior-network-engineer-top-secretsci-arlington-virginia?utm_campaign=google_jobs_apply&utm_source=google_jobs_apply&utm_medium=organic","is_direct":false},{"publisher":"Glassdoor","apply_link":"https:\/\/www.glassdoor.com\/job-listing\/senior-network-engineer-army-ts-sci-praescient-analytics-JV_IC1130337_KO0,35_KE36,56.htm?jl=1009930629870&utm_campaign=google_jobs_apply&utm_source=google_jobs_apply&utm_medium=organic","is_direct":true},{"publisher":"Security Clearance Jobs","apply_link":"https:\/\/www.clearancejobs.com\/jobs\/8624857\/senior-network-engineer-top-secretsci?utm_campaign=google_jobs_apply&utm_source=google_jobs_apply&utm_medium=organic","is_direct":false}],"job_description":"Type of Requisition:\n\nRegular\n\nClearance Level Must Currently Possess:\n\nTop Secret\/SCI\n\nClearance Level Must Be Able to Obtain:\n\nTop Secret\/SCI\n\nPublic Trust\/Other Required:\n\nNone\n\nJob Family:\n\nIT Infrastructure and Operations\n\nJob Qualifications:\n\nSkills:\n\nLAN WAN, Network Engineering, Network Monitoring, Network Systems\n\nCertifications:\n\nNone\n\nExperience:\n\n5 + years of related experience\n\nUS Citizenship Required:\n\nYes\n\nJob Description:\n\nTransform technology into opportunity as a Senior Network Engineer at GDIT. Shape what\u2019s next for mission-critical government projects while shaping what\u2019s next for your engineering career.\n\nGDIT is seeking a Senior Network Engineer to help support the JSP ETM-NG program at the Pentagon in Arlington, VA.\n\nSelected candidate will support Mid-Shift: Tuesday - Saturday (10:00pm \u2013 6:30am).\n\nDue to the nature of work this role entails, telecommuting is not allowed and will require full-time onsite support\n\nMeaningful work and personal impact:\n\u2022 The Senior Network Engineer will play a crucial role in driving the success of multiple concurrent efforts.\n\u2022 Designs, plans, and builds communications networks.\n\u2022 Configure routers and switches, and firewalls for LAN and WAN systems and VPN concentrators with appropriate network engineering and communications protocols.\n\u2022 Coordinates LAN\/WAN hardware\/software improvements and\/or enhancements.\n\u2022 Monitors the network utilizing industry leading technologies.\n\u2022 Provides innovative methods and technical solutions using the engineering design process.\n\u2022 Plans for implementation of enhancements.\n\u2022 Analyzes customer requirements and provides technical solutions to a wide range of difficult problems.\n\u2022 Performs maintenance and upgrade of networks including servers, routers, switches, firewalls, remote access systems, and networks.\n\u2022 Maintains network integrity and connectivity while ensuring compliance with policies and maintains system backup and recovery capability.\n\u2022 Coordinates the acquisition of hardware and software as well as subcontractor services as needed.\n\u2022 Creates plans and configure systems for data communication networks.\n\u2022 Evaluates new communications technologies to enhance capabilities of the network.\n\u2022 Maintains current knowledge of relevant technology as assigned.\n\u2022 Designs and builds the hardware and software components for computer or telecommunications networks.\n\u2022 Provides guidance and leadership to less-experienced network personnel.\n\nWhat you\u2019ll need to succeed (Required):\nBring your program management expertise along with a drive for innovation to GDIT. The Senior Network Engineer must have:\n\u2022 Education: Bachelor\u2019s Degree. An additional 4 years of experience may be substituted in leu of degree.\n\u2022 Experience: 5+ years of related experience.\n\u2022 Security clearance level: Active Top Secret required with the ability to obtain SCI.\n\u2022 Certifications: Current IAT Level II certification required. In addition, candidate must possess a current Networking Certification to include Brocade, Cisco (CCNA\/CCNP), Juniper (JNCIA\/JNCIS\/JNCIP), or Aruba.\n\u2022 Role requirements: Hands-on experience\/knowledge with Aruba networking systems required.\n\nGDIT is your place. At GDIT, the mission is our purpose, and our people are at the center of everything we do.\n\u2022 Growth: AI-powered career tool that identifies career steps and learning opportunities.\n\u2022 Support: An internal mobility team focused on helping you achieve your career goals.\n\u2022 Rewards: Comprehensive benefits and wellness packages, 401K with company match, and competitive pay and paid time off.\n\u2022 Community: Award-winning culture of innovation and a military-friendly workplace.\n\nOwn your opportunity. Explore a career in program management at GDIT and you\u2019ll find endless opportunities to grow alongside colleagues who share your passion for the mission and delivering results.\n\nThe likely salary range for this position is $91,811 - $109,250. This is not, however, a guarantee of compensation or salary. Rather, salary will be set based on experience, geographic location and possibly contractual requirements and could fall outside of this range.\n\nScheduled Weekly Hours:\n\n40\n\nTravel Required:\n\nLess than 10%\n\nTelecommuting Options:\n\nOnsite\n\nWork Location:\n\nUSA VA Arlington\n\nAdditional Work Locations:\n\nTotal Rewards at GDIT:\n\nOur benefits package for all US-based employees includes a variety of medical plan options, some with Health Savings Accounts, dental plan options, a vision plan, and a 401(k) plan offering the ability to contribute both pre and post-tax dollars up to the IRS annual limits and receive a company match. To encourage work\/life balance, GDIT offers employees full flex work weeks where possible and a variety of paid time off plans, including vacation, sick and personal time, holidays, paid parental, military, bereavement and jury duty leave. To ensure our employees are able to protect their income, other offerings such as short and long-term disability benefits, life, accidental death and dismemberment, personal accident, critical illness and business travel and accident insurance are provided or available. We regularly review our Total Rewards package to ensure our offerings are competitive and reflect what our employees have told us they value most.\n\nWe are GDIT. A global technology and professional services company that delivers consulting, technology and mission services to every major agency across the U.S. government, defense and intelligence community. Our 30,000 experts extract the power of technology to create immediate value and deliver solutions at the edge of innovation. We operate across 50 countries worldwide, offering leading capabilities in digital modernization, AI\/ML, Cloud, Cyber and application development. Together with our clients, we strive to create a safer, smarter world by harnessing the power of deep expertise and advanced technology.\n\nJoin our Talent Community to stay up to date on our career opportunities and events at\n\ngdit.com\/tc\n\n.\n\nEqual Opportunity Employer \/ Individuals with Disabilities \/ Protected Veterans","job_is_remote":false,"job_posted_at":"6 days ago","job_posted_at_timestamp":1762300800,"job_posted_at_datetime_utc":"2025-11-05T00:00:00.000Z","job_location":"Arlington, VA","job_city":"Arlington","job_state":"Virginia","job_country":"US","job_latitude":38.8816208,"job_longitude":-77.09098089999999,"job_benefits":["dental_coverage","health_insurance","paid_time_off"],"job_google_link":"https:\/\/www.google.com\/search?q=jobs&gl=us&hl=en&udm=8#vhid=vt%3D20\/docid%3DNIjSkYsMd7L5_KUTAAAAAA%3D%3D&vssid=jobs-detail-viewer","job_min_salary":91811,"job_max_salary":109250,"job_salary_period":"YEAR","job_highlights":{"Qualifications":["LAN WAN, Network Engineering, Network Monitoring, Network Systems","5 + years of related experience","Bring your program management expertise along with a drive for innovation to GDIT","Education: Bachelor\u2019s Degree","An additional 4 years of experience may be substituted in leu of degree","Experience: 5+ years of related experience","Security clearance level: Active Top Secret required with the ability to obtain SCI","Certifications: Current IAT Level II certification required","In addition, candidate must possess a current Networking Certification to include Brocade, Cisco (CCNA\/CCNP), Juniper (JNCIA\/JNCIS\/JNCIP), or Aruba","Role requirements: Hands-on experience\/knowledge with Aruba networking systems required"],"Benefits":["Support: An internal mobility team focused on helping you achieve your career goals","Rewards: Comprehensive benefits and wellness packages, 401K with company match, and competitive pay and paid time off","Community: Award-winning culture of innovation and a military-friendly workplace","Own your opportunity","Explore a career in program management at GDIT and you\u2019ll find endless opportunities to grow alongside colleagues who share your passion for the mission and delivering results","The likely salary range for this position is $91,811 - $109,250","This is not, however, a guarantee of compensation or salary","Rather, salary will be set based on experience, geographic location and possibly contractual requirements and could fall outside of this range","40","Our benefits package for all US-based employees includes a variety of medical plan options, some with Health Savings Accounts, dental plan options, a vision plan, and a 401(k) plan offering the ability to contribute both pre and post-tax dollars up to the IRS annual limits and receive a company match","To encourage work\/life balance, GDIT offers employees full flex work weeks where possible and a variety of paid time off plans, including vacation, sick and personal time, holidays, paid parental, military, bereavement and jury duty leave","To ensure our employees are able to protect their income, other offerings such as short and long-term disability benefits, life, accidental death and dismemberment, personal accident, critical illness and business travel and accident insurance are provided or available"],"Responsibilities":["The Senior Network Engineer will play a crucial role in driving the success of multiple concurrent efforts","Designs, plans, and builds communications networks","Configure routers and switches, and firewalls for LAN and WAN systems and VPN concentrators with appropriate network engineering and communications protocols","Coordinates LAN\/WAN hardware\/software improvements and\/or enhancements","Monitors the network utilizing industry leading technologies","Provides innovative methods and technical solutions using the engineering design process","Plans for implementation of enhancements","Analyzes customer requirements and provides technical solutions to a wide range of difficult problems","Performs maintenance and upgrade of networks including servers, routers, switches, firewalls, remote access systems, and networks","Maintains network integrity and connectivity while ensuring compliance with policies and maintains system backup and recovery capability","Coordinates the acquisition of hardware and software as well as subcontractor services as needed","Creates plans and configure systems for data communication networks","Evaluates new communications technologies to enhance capabilities of the network","Maintains current knowledge of relevant technology as assigned","Designs and builds the hardware and software components for computer or telecommunications networks","Provides guidance and leadership to less-experienced network personnel"]},"job_onet_soc":"15114200","job_onet_job_zone":"4"},{"job_id":"p4sgonCpZ8tebXWqAAAAAA==","job_title":"Senior Cisco Network engineer","employer_name":"Synergetic Information Systems, Inc","employer_logo":"https:\/\/encrypted-tbn0.gstatic.com\/images?q=tbn:ANd9GcQUDtk3yiM07JqN35qFUlvIhssgwliwTzbEF9a8&s=0","employer_website":"https:\/\/gosynergetic.com","job_publisher":"Dice","job_employment_type":"Full-time","job_employment_types":["FULLTIME"],"job_apply_link":"https:\/\/www.dice.com\/job-detail\/840b4ada-135e-436f-90ea-10c1e4e7f5b5?utm_campaign=google_jobs_apply&utm_source=google_jobs_apply&utm_medium=organic","job_apply_is_direct":true,"apply_options":[{"publisher":"Dice","apply_link":"https:\/\/www.dice.com\/job-detail\/840b4ada-135e-436f-90ea-10c1e4e7f5b5?utm_campaign=google_jobs_apply&utm_source=google_jobs_apply&utm_medium=organic","is_direct":true},{"publisher":"Indeed","apply_link":"https:\/\/www.indeed.com\/viewjob?jk=98f14008cbd7cb51&utm_campaign=google_jobs_apply&utm_source=google_jobs_apply&utm_medium=organic","is_direct":true},{"publisher":"ZipRecruiter","apply_link":"https:\/\/www.ziprecruiter.com\/c\/AHU-Technologies-Inc\/Job\/Senior-Cisco-Network-Engineer\/-in-Washington,DC?jid=211e0b067bc08dbc&utm_campaign=google_jobs_apply&utm_source=google_jobs_apply&utm_medium=organic","is_direct":true},{"publisher":"Tallo","apply_link":"https:\/\/tallo.com\/jobs\/technology\/network-engineer-architect\/sc\/richland\/senior-cisco-network-engineer-2\/?utm_campaign=google_jobs_apply&utm_source=google_jobs_apply&utm_medium=organic","is_direct":false},{"publisher":"LinkedIn","apply_link":"https:\/\/www.linkedin.com\/jobs\/view\/senior-cisco-network-engineer-at-kanak-elite-services-4334589259?utm_campaign=google_jobs_apply&utm_source=google_jobs_apply&utm_medium=organic","is_direct":false},{"publisher":"SimplyHired","apply_link":"https:\/\/www.simplyhired.com\/job\/Hr3b6NuvQh_vHqC0IpTFzzut0m1hgpGfXTMWP7rQCfiH8HjEPe_big?utm_campaign=google_jobs_apply&utm_source=google_jobs_apply&utm_medium=organic","is_direct":false},{"publisher":"LingaTech - JazzHR","apply_link":"https:\/\/lingatech.applytojob.com\/apply\/HK0oQByGWt\/Senior-Cisco-Network-Engineer?utm_campaign=google_jobs_apply&utm_source=google_jobs_apply&utm_medium=organic","is_direct":false},{"publisher":"WayUp","apply_link":"https:\/\/www.wayup.com\/i-j-Q009-Senior-Cisco-Network-Engineer-Go-intellects-Inc-473081942739800\/?utm_campaign=google_jobs_apply&utm_source=google_jobs_apply&utm_medium=organic","is_direct":false}],"job_description":"only submit candidates local to the DMV area*\n\u2022 *read position notes at the top of the job description**\n\nThis is a contractor role within the DC Office of Lottery and Gaming Information Technology Department. The position supports daily operational and maintenance tasks within a Cisco-based network environment. Technologies include Cisco ISE, firewalls, routers, and switches across a hybrid Microsoft on premises and Microsoft Azure infrastructure. The environment is virtualized using VMware. The ideal candidate is a well-rounded Cisco network engineer with an active CCNP and working knowledge of Windows Active Directory, VMware, and general Windows server administration. The contractor is responsible for the planning, analysis, design, development, testing, quality assurance, configuration, installation, implementation, integration, maintenance, and management of networked systems supporting voice, data, and video services.\n\nResponsibilities, Duties and Competencies\n\u2022 Perform daily operations, maintenance, configuration, optimization, and upgrades of agency network infrastructure including Windows servers, Cisco ISE, Cisco ASA firewalls, routers, and switches.\n\u2022 Monitor performance, capacity, and availability of LAN, WAN, telephony, and virtual systems.\n\u2022 Diagnose and resolve incidents promptly to ensure continuity of services.\n\u2022 Maintain network documentation, configuration standards, and change management processes.\n\u2022 Implement and maintain information security and assurance requirements in all network activities.\n\u2022 Support agency telephony systems, VoIP, voice switching, analog services, ACD, and IVR platforms.\n\u2022 Enforce agency policies related to security, compliance, auditing, disaster recovery, and encryption.\n\u2022 Use enterprise tools to analyze, monitor, troubleshoot, and manage network and system health including Cisco ISE, Cisco Umbrella, Cisco FMC, Cisco DNA, Microsoft Active Directory tools, Microsoft Intune, Tanium, Cayosoft, SSH, RDP, IDS and IPS appliances, firewalls, VMware vCenter, DHCP, DNS, and associated utilitie\n\nRequires Skillsets\n\u2022 Maintenance, configuration, optimization, and upgrades of infrastructure: Windows servers, Cisco ISE, Cisco ASA firewalls, routers, and switches 4 Years\n\u2022 Monitor performance, capacity, and availability of LAN, WAN, telephony, and virtual systems. 4 Years\n\u2022 Diagnose and resolve incidents promptly to ensure continuity of services. 4 Years\n\u2022 Maintain network documentation, configuration standards, and change management processes. 4 Years\n\u2022 Implement and maintain information security and assurance requirements in all network activities. 4 Years\n\u2022 Support telephony systems, VoIP, voice switching, analog services, ACD, and IVR platforms. 4 Years\n\u2022 Cisco ISE, Cisco Umbrella, Cisco FMC, Cisco DNA, Microsoft Active Directory tools, Microsoft Intune, Tanium, Cayosoft, SSH, RDP, IDS and IPS appliance 4 Years\n\u2022 firewalls, VMware vCenter, DHCP, DNS, and associated utilities 4 Years\n\u2022 Active, current CCNP certification\n\u2022 Strong working knowledge of Active Directory, VMware, & Windows server administration\n\u2022 Highly desired","job_is_remote":false,"job_posted_at":"7 days ago","job_posted_at_timestamp":1762214400,"job_posted_at_datetime_utc":"2025-11-04T00:00:00.000Z","job_location":"Washington, DC","job_city":"Washington","job_state":"District of Columbia","job_country":"US","job_latitude":38.9071923,"job_longitude":-77.0368707,"job_benefits":null,"job_google_link":"https:\/\/www.google.com\/search?q=jobs&gl=us&hl=en&udm=8#vhid=vt%3D20\/docid%3Dp4sgonCpZ8tebXWqAAAAAA%3D%3D&vssid=jobs-detail-viewer","job_salary":null,"job_min_salary":null,"job_max_salary":null,"job_salary_period":null,"job_highlights":{"Qualifications":["The ideal candidate is a well-rounded Cisco network engineer with an active CCNP and working knowledge of Windows Active Directory, VMware, and general Windows server administration","Requires Skillsets","Maintenance, configuration, optimization, and upgrades of infrastructure: Windows servers, Cisco ISE, Cisco ASA firewalls, routers, and switches 4 Years","Monitor performance, capacity, and availability of LAN, WAN, telephony, and virtual systems","4 Years","4 Years","4 Years","Support telephony systems, VoIP, voice switching, analog services, ACD, and IVR platforms","4 Years","Cisco ISE, Cisco Umbrella, Cisco FMC, Cisco DNA, Microsoft Active Directory tools, Microsoft Intune, Tanium, Cayosoft, SSH, RDP, IDS and IPS appliance 4 Years","firewalls, VMware vCenter, DHCP, DNS, and associated utilities 4 Years","Active, current CCNP certification","Strong working knowledge of Active Directory, VMware, & Windows server administration"],"Responsibilities":["The position supports daily operational and maintenance tasks within a Cisco-based network environment","The contractor is responsible for the planning, analysis, design, development, testing, quality assurance, configuration, installation, implementation, integration, maintenance, and management of networked systems supporting voice, data, and video services","Perform daily operations, maintenance, configuration, optimization, and upgrades of agency network infrastructure including Windows servers, Cisco ISE, Cisco ASA firewalls, routers, and switches","Monitor performance, capacity, and availability of LAN, WAN, telephony, and virtual systems","Diagnose and resolve incidents promptly to ensure continuity of services","Maintain network documentation, configuration standards, and change management processes","Implement and maintain information security and assurance requirements in all network activities","Support agency telephony systems, VoIP, voice switching, analog services, ACD, and IVR platforms","Enforce agency policies related to security, compliance, auditing, disaster recovery, and encryption","Use enterprise tools to analyze, monitor, troubleshoot, and manage network and system health including Cisco ISE, Cisco Umbrella, Cisco FMC, Cisco DNA, Microsoft Active Directory tools, Microsoft Intune, Tanium, Cayosoft, SSH, RDP, IDS and IPS appliances, firewalls, VMware vCenter, DHCP, DNS, and associated utilitie","Diagnose and resolve incidents promptly to ensure continuity of services","4 Years","Maintain network documentation, configuration standards, and change management processes","Implement and maintain information security and assurance requirements in all network activities"]},"job_onet_soc":"15114300","job_onet_job_zone":"4"},{"job_id":"AfggRT6X01q-QjRDAAAAAA==","job_title":"Lead Network Engineer","employer_name":"The MITRE Corporation","employer_logo":"https:\/\/encrypted-tbn0.gstatic.com\/images?q=tbn:ANd9GcRvN3G6Bhf3gxoVsaGZLyNlvY_O-H4KroJnmSts&s=0","employer_website":null,"job_publisher":"MITRE Jobs - MITRE Corporation","job_employment_type":"Full-time","job_employment_types":["FULLTIME"],"job_apply_link":"https:\/\/careers.mitre.org\/us\/en\/job\/R115508\/Lead-Network-Engineer?utm_campaign=google_jobs_apply&utm_source=google_jobs_apply&utm_medium=organic","job_apply_is_direct":false,"apply_options":[{"publisher":"MITRE Jobs - MITRE Corporation","apply_link":"https:\/\/careers.mitre.org\/us\/en\/job\/R115508\/Lead-Network-Engineer?utm_campaign=google_jobs_apply&utm_source=google_jobs_apply&utm_medium=organic","is_direct":false},{"publisher":"Lever","apply_link":"https:\/\/jobs.lever.co\/uvcyber\/2a377ab6-830e-4c33-a182-90110157bd64?utm_campaign=google_jobs_apply&utm_source=google_jobs_apply&utm_medium=organic","is_direct":false},{"publisher":"Indeed","apply_link":"https:\/\/www.indeed.com\/viewjob?jk=8dcb17e7d1bc64a9&utm_campaign=google_jobs_apply&utm_source=google_jobs_apply&utm_medium=organic","is_direct":false},{"publisher":"LinkedIn","apply_link":"https:\/\/www.linkedin.com\/jobs\/view\/network-lead-engineer-at-ultraviolet-cyber-4334059984?utm_campaign=google_jobs_apply&utm_source=google_jobs_apply&utm_medium=organic","is_direct":false},{"publisher":"JobTarget","apply_link":"https:\/\/www.jobtarget.com\/jobs\/jt-54aieo0qmj\/network-lead-engineer-mclean-virginia?utm_campaign=google_jobs_apply&utm_source=google_jobs_apply&utm_medium=organic","is_direct":false},{"publisher":"Glassdoor","apply_link":"https:\/\/www.glassdoor.com\/job-listing\/lead-network-engineer-mitre-JV_IC1158535_KO0,21_KE22,27.htm?jl=1009878071306&utm_campaign=google_jobs_apply&utm_source=google_jobs_apply&utm_medium=organic","is_direct":false},{"publisher":"Ladders","apply_link":"https:\/\/www.theladders.com\/job\/network-lead-engineer-ultraviolet-cyber-mclean-va_84252200?utm_campaign=google_jobs_apply&utm_source=google_jobs_apply&utm_medium=organic","is_direct":false},{"publisher":"JobGet","apply_link":"https:\/\/www.jobget.com\/jobs\/job\/78b5d255-a1ff-43ab-a680-c736b52fa395?utm_campaign=google_jobs_apply&utm_source=google_jobs_apply&utm_medium=organic","is_direct":false}],"job_description":"Why choose between doing meaningful work and having a fulfilling life? At MITRE, you can have both. That's because MITRE people are committed to tackling our nation's toughest challenges\u2014and we're committed to the long-term well-being of our employees. MITRE is different from most technology companies. We are a not-for-profit corporation chartered to work for the public interest, with no commercial conflicts to influence what we do. The R&D centers we operate for the government create lasting impact in fields as diverse as cybersecurity, healthcare, aviation, defense, and enterprise transformation. We're making a difference every day\u2014working for a safer, healthier, and more secure nation and world. Our workplace reflects our values. We offer competitive benefits, exceptional professional development opportunities for career growth, and a culture of innovation that embraces adaptability, collaboration, technical excellence, and people in partnership. If this sounds like the choice you want to make, then choose MITRE - and make a difference with us.\n\nDepartment Summary:\n\nThe team seeks a full-time Lead Network Engineer to support the deployment, operation, and maintenance of IT systems in Classified lab environment. This is a role best suited for someone who has prior experience working as a classified Network Engineer . This is an on-premises position on our McLean Va campus.\n\nRoles and Responsibilities:\n\u2022 MITRE\u2019s Classified Infrastructure Services team (Special Programs) is looking for a Lead Network Engineer role that will be supporting many classified infrastructures as well as standalone environments.\n\u2022 This role will require knowledge of implementing and maintaining NIST 800-53 Security Controls \/ RMF compliance in each environment along with additional security lockdowns if required and ensure the accreditation is enforced and in compliance in all environments.\n\u2022 Provide guidance for hardware\/software purchases when requested.\n\u2022 Work with project leads to ensure their environment compliant and meeting the requirements of the end-users.\n\u2022 The successful candidate will, in addition to providing top level technical support and vision, provide task leadership for a small team that supports both the infrastructures and manages end user issues.\n\nBasic Qualifications:\n\u2022 Typically requires a minimum of 8 years of related experience with a Bachelor\u2019s degree; or 6 years and a Master\u2019s degree; or a PhD with 3 years\u2019 experience; or equivalent combination of related education and work experience.\n\u2022 Active a DoD TS\/SCI with CI Poly\n\u2022 Familiarity with managing a Windows supporting services environment, including WSUS, Network Policy Server, Certificate Service\n\u2022 Familiarity with scripting and automation tools, including batch scripts, PowerShell, automation with PDQ Inventory\/Deploy, Ansible, Chef, or other similar tools\n\u2022 Experience with STIGs and system hardening through Group Policy and\/or automation\n\u2022 Experience with VMware vCenter\/vSphere, and VDI implementations using VMware Horizon\n\u2022 Excellent analytical and problem-solving skills\n\u2022 Strong written and verbal communications skills\n\u2022 Demonstrated ability to develop effective technical and support documentation to include design & test plans, implementation plans, and automation plans using standard templates (where existing) or proposing & creating new templates where needed\n\u2022 Ability to review operational metrics and make analytic decisions\/recommendations about operational infrastructure performance\n\u2022 Deploy all hardware\/software configurations following established standards in an automatable and auditable method.\n\u2022 This position has an on-site requirement of 5 days a week on-site.\n\nPreferred Qualifications:\n\u2022 8+ years of experience in Network Engineering\n\nThis requisition requires the candidate to have a minimum of the following clearance(s):\nTop Secret\/SCI\/Polygraph\n\nThis requisition requires the hired candidate to have or obtain, within one year from the date of hire, the following clearance(s):\nTop Secret\/SCI\/Polygraph\n\nWork Location Type:\nOnsite\n\nCommitment to Non-Discrimination\n\nAll qualified applicants will receive consideration for employment without regard to disability, status as a protected veteran or any other status protected by applicable federal, state, local or international law.\n\nMITRE intends to maintain a website that is fully accessible to all individuals. If you are unable to search or apply for jobs and would like to request a reasonable accommodation for any part of MITRE\u2019s employment process, please email recruitinghelp@mitre.org for general support and collegerecruiting@mitre.org for intern positions. This service is for individuals requiring reasonable accommodation requests. Please note that vendor solicitations will not receive a reply.\n\nBenefits information may be found here.\n\nCopyright \u00a9 1997-2025, The MITRE Corporation. All rights reserved. MITRE is a registered trademark of The MITRE Corporation. Material on this site may be copied and distributed with permission only.","job_is_remote":false,"job_posted_at":"2 days ago","job_posted_at_timestamp":1762646400,"job_posted_at_datetime_utc":"2025-11-09T00:00:00.000Z","job_location":"McLean, VA","job_city":"McLean","job_state":"Virginia","job_country":"US","job_latitude":38.9338676,"job_longitude":-77.1772604,"job_benefits":null,"job_google_link":"https:\/\/www.google.com\/search?q=jobs&gl=us&hl=en&udm=8#vhid=vt%3D20\/docid%3DAfggRT6X01q-QjRDAAAAAA%3D%3D&vssid=jobs-detail-viewer","job_salary":null,"job_min_salary":null,"job_max_salary":null,"job_salary_period":null,"job_highlights":{"Qualifications":["This is a role best suited for someone who has prior experience working as a classified Network Engineer ","Typically requires a minimum of 8 years of related experience with a Bachelor\u2019s degree; or 6 years and a Master\u2019s degree; or a PhD with 3 years\u2019 experience; or equivalent combination of related education and work experience","Active a DoD TS\/SCI with CI Poly","Familiarity with managing a Windows supporting services environment, including WSUS, Network Policy Server, Certificate Service","Familiarity with scripting and automation tools, including batch scripts, PowerShell, automation with PDQ Inventory\/Deploy, Ansible, Chef, or other similar tools","Experience with STIGs and system hardening through Group Policy and\/or automation","Experience with VMware vCenter\/vSphere, and VDI implementations using VMware Horizon","Excellent analytical and problem-solving skills","Strong written and verbal communications skills","Demonstrated ability to develop effective technical and support documentation to include design & test plans, implementation plans, and automation plans using standard templates (where existing) or proposing & creating new templates where needed","Ability to review operational metrics and make analytic decisions\/recommendations about operational infrastructure performance","Deploy all hardware\/software configurations following established standards in an automatable and auditable method","This position has an on-site requirement of 5 days a week on-site","This requisition requires the hired candidate to have or obtain, within one year from the date of hire, the following clearance(s):"],"Responsibilities":["The team seeks a full-time Lead Network Engineer to support the deployment, operation, and maintenance of IT systems in Classified lab environment","MITRE\u2019s Classified Infrastructure Services team (Special Programs) is looking for a Lead Network Engineer role that will be supporting many classified infrastructures as well as standalone environments","This role will require knowledge of implementing and maintaining NIST 800-53 Security Controls \/ RMF compliance in each environment along with additional security lockdowns if required and ensure the accreditation is enforced and in compliance in all environments","Provide guidance for hardware\/software purchases when requested","Work with project leads to ensure their environment compliant and meeting the requirements of the end-users","The successful candidate will, in addition to providing top level technical support and vision, provide task leadership for a small team that supports both the infrastructures and manages end user issues"]},"job_onet_soc":"15114200","job_onet_job_zone":"4"},{"job_id":"9hBXY88UOqf17sQrAAAAAA==","job_title":"Network Engineer","employer_name":"KBR","employer_logo":"https:\/\/encrypted-tbn0.gstatic.com\/images?q=tbn:ANd9GcRnwTr9RRsxNwkbWwjF3osg7_aKN3CMgcS77dtc&s=0","employer_website":null,"job_publisher":"WhatJobs","job_employment_type":"Full-time","job_employment_types":["FULLTIME"],"job_apply_link":"https:\/\/www.whatjobs.com\/jobs\/network-engineer?id=2247423309&utm_campaign=google_jobs_apply&utm_source=google_jobs_apply&utm_medium=organic","job_apply_is_direct":false,"apply_options":[{"publisher":"WhatJobs","apply_link":"https:\/\/www.whatjobs.com\/jobs\/network-engineer?id=2247423309&utm_campaign=google_jobs_apply&utm_source=google_jobs_apply&utm_medium=organic","is_direct":false}],"job_description":"Overview\n\nJoin to apply for the Network Engineer role at KBR, Inc.\n\nKBRs National Security Solutions team provides high-end engineering and advanced technology solutions to customers in the intelligence and national security communities. In this position, your work will have a profound impact on the countrys most critical role protecting national security.\nWhy Join Us?\nInnovative Projects: KBRs work is at the forefront of engineering, logistics, operations, science, program management, mission IT and cybersecurity solutions. Collaborative Environment: Be part of a dynamic team that thrives on collaboration and innovation, fostering a supportive and intellectually stimulating workplace. Impactful Work: Your contributions will be pivotal in designing and optimizing defense systems that ensure national security and shape the future of space defense.\n\nThis is a contingent position based upon contract award.\nKey Responsibilities\nReview and analyze the existing network architecture and provide designs of current\/modern WAN\/MAN\/LAN technologies. Recommend best practices such as SDN, Intent-based networking, and network segmentation protocols to improve the architecture and meet networking requirements. Design telecommunications circuit specifications; identify the need for routers, switches, and encryption devices to support enterprise services. Deliver service catalog items for automatically provisioning network configurations to deliver Infrastructure-as-Code. Develop and maintain network architecture specifications and artifacts; design and plan network communications systems. Provide specifications and detailed schematics for network architecture. Conduct cost\/benefit analysis and provide detailed information for hardware and software selection, implementation techniques, and tools to meet business needs, including current and future capacity requirements. Conduct testing of network design and monitor network hardware operations to ensure proper configurations. Plan enhancements and upgrades to the network; advise users on hardware requirements, configurations, and limitations. Maintain technical expertise in network and computer hardware and software interconnection (routers, multiplexers, firewalls, hubs, bridges, gateways, etc.). Evaluate and report on new communications technologies to enhance network capabilities.\nQualifications Clearance Requirement: TS\/SCI with willingness to sit for a poly upon request. 4+ years of network configuration and management experience; 6+ years as a network administrator\/technician. Must be a US Citizen. Bachelors degree in computer science, network technology, software engineering, information security, or a related field from an accredited university; 5-7 years of additional experience in lieu of a degree. Proven expertise with network hardware including routers, switches, firewalls, unified communications equipment. Proven experience in VMware environments and in virtual\/physical IP and Fiber Channel networks and routing protocols. Proven experience designing, optimizing, and troubleshooting LAN, WAN and low-bandwidth networks protected by network encryptors. Information Assurance Certifications consistent with the 8570 IAT Level III.\n\nCompensation\n\nBasic Compensation: $94,400 - $141,500\n\nThe offered rate will be based on the candidates knowledge, skills, abilities and\/or experience and internal parity.\n\nAdditional Compensation: KBR may offer bonuses, commissions, or other forms of compensation as per internal policy or contractual designation. This may include sign-on bonuses, relocation benefits, short\/long-term incentives, or discretionary payments for exceptional performance.\nReady to Make a Difference?\n\nIf youre excited about making a significant impact in space defense and working on projects that matter, apply and join our team at KBR. Lets shape the future together.\nKBR Benefits\n\nKBR offers competitive lifestyle benefits, which could include a 401K plan with company match, medical, dental, vision, life insurance, AD&D, flexible spending account, disability, paid time off, and flexible work schedules. We support career advancement through professional training and development.\nEqual Opportunity\n\nKBR is an equal opportunity employer. All qualified applicants will receive consideration for employment without regard to race, color, religion, disability, sex, sexual orientation, gender identity or expression, age, national origin, veteran status, genetic information, union status and\/or beliefs, or any other characteristic protected by federal, state, or local law.\n\nR\n\nLocation note: Washington, DC area; opportunities may vary by location.\n#J-18808-Ljbffr","job_is_remote":false,"job_posted_at":"6 days ago","job_posted_at_timestamp":1762300800,"job_posted_at_datetime_utc":"2025-11-05T00:00:00.000Z","job_location":"Chevy Chase","job_city":null,"job_state":null,"job_country":null,"job_latitude":null,"job_longitude":null,"job_benefits":["health_insurance","paid_time_off","dental_coverage"],"job_google_link":"https:\/\/www.google.com\/search?q=jobs&gl=us&hl=en&udm=8#vhid=vt%3D20\/docid%3D9hBXY88UOqf17sQrAAAAAA%3D%3D&vssid=jobs-detail-viewer","job_salary":null,"job_min_salary":null,"job_max_salary":null,"job_salary_period":null,"job_highlights":{"Qualifications":["Qualifications Clearance Requirement: TS\/SCI with willingness to sit for a poly upon request","4+ years of network configuration and management experience; 6+ years as a network administrator\/technician","Must be a US Citizen","Bachelors degree in computer science, network technology, software engineering, information security, or a related field from an accredited university; 5-7 years of additional experience in lieu of a degree","Proven expertise with network hardware including routers, switches, firewalls, unified communications equipment","Proven experience in VMware environments and in virtual\/physical IP and Fiber Channel networks and routing protocols","Proven experience designing, optimizing, and troubleshooting LAN, WAN and low-bandwidth networks protected by network encryptors","Information Assurance Certifications consistent with the 8570 IAT Level III"],"Benefits":["This is a contingent position based upon contract award","Compensation","Basic Compensation: $94,400 - $141,500","The offered rate will be based on the candidates knowledge, skills, abilities and\/or experience and internal parity","Additional Compensation: KBR may offer bonuses, commissions, or other forms of compensation as per internal policy or contractual designation","This may include sign-on bonuses, relocation benefits, short\/long-term incentives, or discretionary payments for exceptional performance","KBR offers competitive lifestyle benefits, which could include a 401K plan with company match, medical, dental, vision, life insurance, AD&D, flexible spending account, disability, paid time off, and flexible work schedules","We support career advancement through professional training and development"],"Responsibilities":["Impactful Work: Your contributions will be pivotal in designing and optimizing defense systems that ensure national security and shape the future of space defense","Review and analyze the existing network architecture and provide designs of current\/modern WAN\/MAN\/LAN technologies","Recommend best practices such as SDN, Intent-based networking, and network segmentation protocols to improve the architecture and meet networking requirements","Design telecommunications circuit specifications; identify the need for routers, switches, and encryption devices to support enterprise services","Deliver service catalog items for automatically provisioning network configurations to deliver Infrastructure-as-Code","Develop and maintain network architecture specifications and artifacts; design and plan network communications systems","Provide specifications and detailed schematics for network architecture","Conduct cost\/benefit analysis and provide detailed information for hardware and software selection, implementation techniques, and tools to meet business needs, including current and future capacity requirements","Conduct testing of network design and monitor network hardware operations to ensure proper configurations","Plan enhancements and upgrades to the network; advise users on hardware requirements, configurations, and limitations","Maintain technical expertise in network and computer hardware and software interconnection (routers, multiplexers, firewalls, hubs, bridges, gateways, etc.). Evaluate and report on new communications technologies to enhance network capabilities"]},"job_onet_soc":"15114200","job_onet_job_zone":"4"},{"job_id":"17YAEc2pp0EFzOcmAAAAAA==","job_title":"Network Engineer - Cleared","employer_name":"RightDirection Technology Solutions","employer_logo":"https:\/\/encrypted-tbn0.gstatic.com\/images?q=tbn:ANd9GcRkx-EKKdsH7Ru-L6DjBhMgnG8WiaorDR7kPbIm&s=0","employer_website":"https:\/\/www.rightdirectiontech.com","job_publisher":"Indeed","job_employment_type":"Full-time","job_employment_types":["FULLTIME"],"job_apply_link":"https:\/\/www.indeed.com\/viewjob?jk=612741b2dabfe6ee&utm_campaign=google_jobs_apply&utm_source=google_jobs_apply&utm_medium=organic","job_apply_is_direct":false,"apply_options":[{"publisher":"Indeed","apply_link":"https:\/\/www.indeed.com\/viewjob?jk=612741b2dabfe6ee&utm_campaign=google_jobs_apply&utm_source=google_jobs_apply&utm_medium=organic","is_direct":false},{"publisher":"Datasoft Tech","apply_link":"https:\/\/www.datasoft-tech.com\/jobview\/network-engineer-consultant\/b33c0539-25c6-4f61-a413-57fe47151140\/?utm_campaign=google_jobs_apply&utm_source=google_jobs_apply&utm_medium=organic","is_direct":false},{"publisher":"ZipRecruiter","apply_link":"https:\/\/www.ziprecruiter.com\/c\/RightDirection-Technology-Solutions\/Job\/Network-Engineer-Cleared\/-in-Washington,DC?jid=76df052e4724df60&utm_campaign=google_jobs_apply&utm_source=google_jobs_apply&utm_medium=organic","is_direct":true},{"publisher":"Glassdoor","apply_link":"https:\/\/www.glassdoor.com\/job-listing\/network-engineer-cleared-rightdirection-technology-solutions-JV_IC1138213_KO0,24_KE25,60.htm?jl=1009081120558&utm_campaign=google_jobs_apply&utm_source=google_jobs_apply&utm_medium=organic","is_direct":false},{"publisher":"LinkedIn","apply_link":"https:\/\/www.linkedin.com\/jobs\/view\/network-engineer-telephone-at-tjfact-llc-totally-joined-for-achieving-collaborative-techniques-4206612301?utm_campaign=google_jobs_apply&utm_source=google_jobs_apply&utm_medium=organic","is_direct":false},{"publisher":"JobTarget","apply_link":"https:\/\/www.jobtarget.com\/jobs\/jt-d236hjbv04\/network-engineer-cleared-washington-district-of-columbia?utm_campaign=google_jobs_apply&utm_source=google_jobs_apply&utm_medium=organic","is_direct":false},{"publisher":"Milwaukee Jobs","apply_link":"https:\/\/www.milwaukeejobs.com\/job\/detail\/74520126\/Federal-Network-Engineer?utm_campaign=google_jobs_apply&utm_source=google_jobs_apply&utm_medium=organic","is_direct":false},{"publisher":"Ladders","apply_link":"https:\/\/www.theladders.com\/job\/ste-dot-net-work-engineer-blueforce-inc-washington-dc_81796873?utm_campaign=google_jobs_apply&utm_source=google_jobs_apply&utm_medium=organic","is_direct":false}],"job_description":"Description:\n\nRDTS is seeking a cleared Network Engineer to support the U.S. Dept of Treasury in Washington, D.C. This position is full-time, 100% onsite, Monday-Friday standard office hours, and available immediately upon favorable background check clearance.\n\nThe Network Engineer shall perform a full range of duties to support network operations and administration services that encompasses major hardware and infrastructure software platforms throughout the enterprise system. The network includes the intranet, extranet, LAN, and WAN. Support may include after-hours or weekend support for maintenance, outage resolution, or other service support requested by the government. Tasks include:\n\u2022 Build and maintain the day-day operation of the TFIN computer network. Maintain hardware and software;\n\u2022 Assist in disaster recovery operations. Protect data, software, and hardware from attacks;\n\u2022 Replace faulty network hardware components. Work closely with customers to identify potential issues and fix existing problems;\n\u2022 Design, configure, and test networking software, computer hardware, and operating system software. Review network designs and configurations to ensure consistency with architecture;\n\u2022 Implement, administer, and troubleshoot CISCO network devices including WAPs, firewalls, routers, switches, and controllers; Troubleshoot, diagnose, and resolve hardware, software, and other network and system problems;\n\u2022 Monitor and optimize network performance;\n\u2022 Coordinate computer network access and use;\n\u2022 Replace faulty network hardware components;\n\u2022 Protect data, software, and hardware by coordinating, planning and implementing network security measures;\n\u2022 Confer with customers and users and solve existing system issues;\n\u2022 Implement network and operating System Technical Implementation Guides (STIGs) to secure all aspects of the network;\n\u2022 Assist in providing IATT and ATO packages; Conduct research and testing on the state-of-the-art network information technologies;\n\u2022 Participate in customer briefings and design reviews;\n\u2022 Create, update, and maintain system level baseline documentation to include block diagrams, Simple Network Diagrams (SND), Detailed Network Diagrams (DND), and router & switch configuration Templates.\n\nRequirements:\n\u2022 Active Security Clearance\n\u2022 Minimum of 5 years' experience in supporting network operations with a federal government agency\n\u2022 Demonstrated knowledge of CISCO network devices\n\u2022 Desired certifications: CCNP, CCNA, Security+, Net+\n\u2022 College degree in Network Operations & Security, desired\n\nAll qualified applicants will receive consideration for employment without regard to race, color, sex, sexual orientation, gender identity, religion, national origin, disability, veteran status, age, marital status, pregnancy, genetic information, or other legally protected status.","job_is_remote":false,"job_posted_at":null,"job_posted_at_timestamp":null,"job_posted_at_datetime_utc":null,"job_location":"Washington, DC","job_city":"Washington","job_state":"District of Columbia","job_country":"US","job_latitude":38.9071923,"job_longitude":-77.0368707,"job_benefits":null,"job_google_link":"https:\/\/www.google.com\/search?q=jobs&gl=us&hl=en&udm=8#vhid=vt%3D20\/docid%3D17YAEc2pp0EFzOcmAAAAAA%3D%3D&vssid=jobs-detail-viewer","job_salary":null,"job_min_salary":null,"job_max_salary":null,"job_salary_period":null,"job_highlights":{"Qualifications":["Active Security Clearance","Minimum of 5 years' experience in supporting network operations with a federal government agency","Demonstrated knowledge of CISCO network devices"],"Responsibilities":["The Network Engineer shall perform a full range of duties to support network operations and administration services that encompasses major hardware and infrastructure software platforms throughout the enterprise system","The network includes the intranet, extranet, LAN, and WAN","Support may include after-hours or weekend support for maintenance, outage resolution, or other service support requested by the government","Build and maintain the day-day operation of the TFIN computer network","Maintain hardware and software;","Assist in disaster recovery operations","Protect data, software, and hardware from attacks;","Replace faulty network hardware components","Work closely with customers to identify potential issues and fix existing problems;","Design, configure, and test networking software, computer hardware, and operating system software","Review network designs and configurations to ensure consistency with architecture;","Implement, administer, and troubleshoot CISCO network devices including WAPs, firewalls, routers, switches, and controllers; Troubleshoot, diagnose, and resolve hardware, software, and other network and system problems;","Monitor and optimize network performance;","Coordinate computer network access and use;","Replace faulty network hardware components;","Protect data, software, and hardware by coordinating, planning and implementing network security measures;","Confer with customers and users and solve existing system issues;","Implement network and operating System Technical Implementation Guides (STIGs) to secure all aspects of the network;","Assist in providing IATT and ATO packages; Conduct research and testing on the state-of-the-art network information technologies;","Participate in customer briefings and design reviews;","Create, update, and maintain system level baseline documentation to include block diagrams, Simple Network Diagrams (SND), Detailed Network Diagrams (DND), and router & switch configuration Templates"]},"job_onet_soc":"15114200","job_onet_job_zone":"4"},{"job_id":"D3XZjoZlb_J26x88AAAAAA==","job_title":"Network Engineer with CCIE (Routing and Switching)","employer_name":"Business Operational Concepts, LLC","employer_logo":"https:\/\/encrypted-tbn0.gstatic.com\/images?q=tbn:ANd9GcQWE2gZfyBO_1jHOqjNNshn5UyYkJyrigQvVwuZ&s=0","employer_website":null,"job_publisher":"ZipRecruiter","job_employment_type":"Full-time","job_employment_types":["FULLTIME"],"job_apply_link":"https:\/\/www.ziprecruiter.com\/c\/Business-Operational-Concepts,-LLC\/Job\/Network-Engineer-with-CCIE-(Routing-and-Switching)\/-in-Washington,DC?jid=596facf6f8d1aa26&utm_campaign=google_jobs_apply&utm_source=google_jobs_apply&utm_medium=organic","job_apply_is_direct":false,"apply_options":[{"publisher":"ZipRecruiter","apply_link":"https:\/\/www.ziprecruiter.com\/c\/Business-Operational-Concepts,-LLC\/Job\/Network-Engineer-with-CCIE-(Routing-and-Switching)\/-in-Washington,DC?jid=596facf6f8d1aa26&utm_campaign=google_jobs_apply&utm_source=google_jobs_apply&utm_medium=organic","is_direct":false}],"job_description":"Business Operational Concepts (BOC) is a recognized leader in providing Technical and Program Management Services, Information Technology, and Support. BOC has enabled their Government and Commercial clients to achieve their organizational initiatives through the application of high quality, innovative, and cost-effective professional services and solutions. We provide a positive working environment, with opportunities for advancement in our growing Federal sector workforce.\n\nWe offer an excellent compensation package which includes a generous salary, insurance (medical, dental, etc.), paid leave, 401k plan and more. We are committed to the diversity we bring to the marketplace and believe customer satisfaction comes first. JOB DESCRIPTION: Business Operational Concepts (BOC) is currently seeking a Network Engineer with CCIE (Routing and Switching) to work with our government client\n\nThe ideal candidate will provide day-to-day operational services supporting switches, routers, firewalls, VPN devices, and other LAN\/WAN infrastructure components that directly support the government customer. The successful candidate must be able to operate in an enterprise setting, with collaborative and communications skills to support staff managing the enterprise IT environment. RESPONSIBILITIES: Planning, implementing, designing, engineering and supporting changes to the mission-critical voice, video and data network.\n\nTroubleshooting complex data\/voice\/video network issues (HQ\/RRO\/POST). Provide guidance and technical assistance to improve network and environment health. Ensure integration and interoperability of network technologies.\n\nAssist in the design and implementation of data center and infrastructure migration. Ensure quick response to information assurance notifications. Responsible for the operations and maintenance of remote access and LAN\/WAN software and hardware.\n\nUse network monitoring tools to optimize, improve, expand, upgrade and network capabilities and connectivity as required. Review system logs to determine usage levels, bandwidth, performance, and security of systems. Install new hardware and software making sure that all components interface correctly with each other and the network.\n\nContacting manufacturer\/vendor for warranty repair or replacement. Engineer and implement designs related to upgrades and enhancements involving all IT Infrastructure, servers, firewalls, circuits, cabling, AD, DNSSEC\/DNS, network monitoring tools, and other special systems. EDUCATION AND EXPERIENCE: This work requires a high degree of system specific knowledge and a background in the various technologies and practices incorporated by the customer to include: Firewalls \/ Routers \/ Switch \/ WAN optimizer \/ Load balancer Candidates must be local to the Washington D.C\n\narea to be considered CCIE Lab certified (R&S) Bachelor's Degree in Computer Science or related field; or equivalent post high school education, military and\/or work-related experience. Comptia Network+ Minimum of 10+ years of Enterprise network \/ Datacenter (Cisco Nexus environment) ITIL V3 foundations certification preferred (Not Required).REQUIRED SKILLS: Deep level of experience in the following: VPN \/ Remote Access Technologies IP telephony QoS Network Monitoring ToolsREQUIRED SKILLS: Deep level of experience in the following: VPN \/ Remote Access Technologies IP telephony QoS Network Monitoring Tools.","job_is_remote":false,"job_posted_at":null,"job_posted_at_timestamp":null,"job_posted_at_datetime_utc":null,"job_location":"Washington, DC","job_city":"Washington","job_state":"District of Columbia","job_country":"US","job_latitude":38.9071923,"job_longitude":-77.0368707,"job_benefits":["dental_coverage","health_insurance"],"job_google_link":"https:\/\/www.google.com\/search?q=jobs&gl=us&hl=en&udm=8#vhid=vt%3D20\/docid%3DD3XZjoZlb_J26x88AAAAAA%3D%3D&vssid=jobs-detail-viewer","job_salary":null,"job_min_salary":null,"job_max_salary":null,"job_salary_period":null,"job_highlights":{"Qualifications":["The successful candidate must be able to operate in an enterprise setting, with collaborative and communications skills to support staff managing the enterprise IT environment","EDUCATION AND EXPERIENCE: This work requires a high degree of system specific knowledge and a background in the various technologies and practices incorporated by the customer to include: Firewalls \/ Routers \/ Switch \/ WAN optimizer \/ Load balancer Candidates must be local to the Washington D.C","area to be considered CCIE Lab certified (R&S) Bachelor's Degree in Computer Science or related field; or equivalent post high school education, military and\/or work-related experience","REQUIRED SKILLS: Deep level of experience in the following: VPN \/ Remote Access Technologies IP telephony QoS Network Monitoring ToolsREQUIRED SKILLS: Deep level of experience in the following: VPN \/ Remote Access Technologies IP telephony QoS Network Monitoring Tools"],"Benefits":["We offer an excellent compensation package which includes a generous salary, insurance (medical, dental, etc.), paid leave, 401k plan and more"],"Responsibilities":["JOB DESCRIPTION: Business Operational Concepts (BOC) is currently seeking a Network Engineer with CCIE (Routing and Switching) to work with our government client","The ideal candidate will provide day-to-day operational services supporting switches, routers, firewalls, VPN devices, and other LAN\/WAN infrastructure components that directly support the government customer","RESPONSIBILITIES: Planning, implementing, designing, engineering and supporting changes to the mission-critical voice, video and data network","Troubleshooting complex data\/voice\/video network issues (HQ\/RRO\/POST)","Provide guidance and technical assistance to improve network and environment health","Ensure integration and interoperability of network technologies","Assist in the design and implementation of data center and infrastructure migration","Ensure quick response to information assurance notifications","Responsible for the operations and maintenance of remote access and LAN\/WAN software and hardware","Use network monitoring tools to optimize, improve, expand, upgrade and network capabilities and connectivity as required","Review system logs to determine usage levels, bandwidth, performance, and security of systems","Install new hardware and software making sure that all components interface correctly with each other and the network","Contacting manufacturer\/vendor for warranty repair or replacement","Engineer and implement designs related to upgrades and enhancements involving all IT Infrastructure, servers, firewalls, circuits, cabling, AD, DNSSEC\/DNS, network monitoring tools, and other special systems"]},"job_onet_soc":"15114200","job_onet_job_zone":"4"},{"job_id":"KP_pSarMg_FxkAbqAAAAAA==","job_title":"Lead Network Engineer","employer_name":"Total Wine & More","employer_logo":null,"employer_website":"https:\/\/www.totalwine.com","job_publisher":"Total Wine Careers","job_employment_type":"Full-time","job_employment_types":["FULLTIME"],"job_apply_link":"https:\/\/careers.totalwine.com\/job\/22575770\/lead-network-engineer\/?utm_campaign=google_jobs_apply&utm_source=google_jobs_apply&utm_medium=organic","job_apply_is_direct":false,"apply_options":[{"publisher":"Total Wine Careers","apply_link":"https:\/\/careers.totalwine.com\/job\/22575770\/lead-network-engineer\/?utm_campaign=google_jobs_apply&utm_source=google_jobs_apply&utm_medium=organic","is_direct":false},{"publisher":"Indeed","apply_link":"https:\/\/www.indeed.com\/viewjob?jk=e5214af88c78d375&utm_campaign=google_jobs_apply&utm_source=google_jobs_apply&utm_medium=organic","is_direct":false},{"publisher":"LinkedIn","apply_link":"https:\/\/www.linkedin.com\/jobs\/view\/network-engineer-lead-at-leidos-4309839424?utm_campaign=google_jobs_apply&utm_source=google_jobs_apply&utm_medium=organic","is_direct":false},{"publisher":"ZipRecruiter","apply_link":"https:\/\/www.ziprecruiter.com\/c\/Leidos\/Job\/Network-Engineer-Lead\/-in-Bethesda,MD?jid=01bc38bb3b9ee735&utm_campaign=google_jobs_apply&utm_source=google_jobs_apply&utm_medium=organic","is_direct":true},{"publisher":"LocalJobs.com","apply_link":"https:\/\/www.localjobs.com\/job\/bethesda-md-network-engineer-lead?utm_campaign=google_jobs_apply&utm_source=google_jobs_apply&utm_medium=organic","is_direct":false},{"publisher":"Milwaukee Jobs","apply_link":"https:\/\/www.milwaukeejobs.com\/job\/detail\/85065523\/Network-Engineer-Lead?keywords=Contractor&utm_campaign=google_jobs_apply&utm_source=google_jobs_apply&utm_medium=organic","is_direct":false},{"publisher":"Fairygodboss","apply_link":"https:\/\/fairygodboss.com\/jobs\/leidos\/network-engineer-lead-83a5ae37accaa61ccdbe94445efa2eee?utm_campaign=google_jobs_apply&utm_source=google_jobs_apply&utm_medium=organic","is_direct":false},{"publisher":"Women In Technology Jobs","apply_link":"https:\/\/womenintechnology-jobs.careerwebsite.com\/job\/network-engineer-lead\/80497304\/?utm_campaign=google_jobs_apply&utm_source=google_jobs_apply&utm_medium=organic","is_direct":false}],"job_description":"About the Role\n\nTotal Wine & more is seeking a Lead Network Engineer to join our Technology team in our Bethesda, MD office. You will play a critical role in designing, implementing, and supporting advanced enterprise network systems. You will be responsible for overseeing our network infrastructure, ensuring optimal performance, reliability, and security.\n\nYou will\n\u2022 Champion network standards, policies, and procedures to ensure consistency and compliance.\n\u2022 Spearhead the resolution of complex issues impacting the enterprise network.\n\u2022 Lead efforts to assess network performance metrics and optimize availability and throughput.\n\u2022 Collaborate with cybersecurity, cloud, and system engineering teams on cross-functional initiatives and enterprise-wide technology roadmaps.\n\u2022 Evaluate emerging technologies and provide recommendations for continuous improvement.\n\u2022 Maintain network documentation including diagrams, runbooks, and change control records.\n\nYou will come with\n\u2022 Bachelor\u2019s degree in computer science, Information Systems, or a related field (or equivalent experience).\n\u2022 Relevant certifications preferred: CCNA, CCNP, CMNO, CMNA, PCNSA, PCNSE (or equivalent experience).\n\u2022 4\u20136 years of progressively responsible experience in network engineering roles, including design, implementation, and support of large-scale enterprise networks.\n\u2022 Deep technical knowledge of routing, switching, firewalls, and wireless technologies.\n\u2022 Strategic thinking and problem-solving abilities.\n\u2022 Strong leadership and communication skills for cross-functional collaboration.\n\u2022 Ability to influence decisions across departments and negotiate technical and business trade-offs.\n\u2022 Proficient with tools like Cisco, Palo Alto, Meraki, and monitoring platforms.\n\nWe offer\n\u2022 Paid Time Off (PTO)\n\u2022 Generous store discounts\n\u2022 Health care plans (medical, prescription, dental, vision)\n\u2022 401(k), HSA, FSA, Pre-tax commuter benefits\n\u2022 Disability & life insurance coverage\n\u2022 Paid parental leave\n\u2022 Pet insurance\n\u2022 Critical illness and accident insurance\n\u2022 Discounted home and auto insurance\n\u2022 College tuition assistance\n\u2022 Career development & product training\n\u2022 Consumer classes\n\u2022 & More!\n\nGrow with us\n\nTotal Wine & More is the country's largest independent retailer of fine wine, beer and spirits, and we continue to grow our footprint year over year. Total Wine offers exciting and unique career opportunities across the country and in our corporate office. Our strength is our people. We have a commitment to training and career growth, all in an environment that values new ideas and teamwork. If you share our entrepreneurial spirit and a passion for providing best-in-class customer experience, take a moment to apply or learn more at https:\/\/careers.totalwine.com\/!\n\nTotal Wine & More considers several factors when establishing compensation. Estimated salaries determined by third parties have not been validated by Total Wine & More. Compensation may vary based on a number of factors including, but not limited to, market location, job-related knowledge, skills and\/or experience.\n\nTotal Wine & More is an equal opportunity employer and all qualified applicants will receive consideration for employment without discrimination based on race, color, religion, national origin, sex, sexual orientation, age, marital status, veteran status, disability, or any other characteristic protected by applicable law. Total Wine & More makes reasonable accommodations during all aspects of the employment process, including during the interview process. Total Wine & More is a Drug Free Workplace.\n\nThe information provided above indicates the general nature and level of work required of the position and is not a comprehensive list of all responsibilities or qualifications. Benefits list is only a highlight of some of the benefits offered to team members; eligibility for certain benefits apply.\n\nPay Range: $101,520-$171,000","job_is_remote":false,"job_posted_at":"19 days ago","job_posted_at_timestamp":1761177600,"job_posted_at_datetime_utc":"2025-10-23T00:00:00.000Z","job_location":"Bethesda, MD","job_city":"Bethesda","job_state":"Maryland","job_country":"US","job_latitude":38.9848328,"job_longitude":-77.09431719999999,"job_benefits":["dental_coverage","health_insurance","paid_time_off"],"job_google_link":"https:\/\/www.google.com\/search?q=jobs&gl=us&hl=en&udm=8#vhid=vt%3D20\/docid%3DKP_pSarMg_FxkAbqAAAAAA%3D%3D&vssid=jobs-detail-viewer","job_salary":null,"job_min_salary":null,"job_max_salary":null,"job_salary_period":null,"job_highlights":{"Qualifications":["Bachelor\u2019s degree in computer science, Information Systems, or a related field (or equivalent experience)","4\u20136 years of progressively responsible experience in network engineering roles, including design, implementation, and support of large-scale enterprise networks","Deep technical knowledge of routing, switching, firewalls, and wireless technologies","Strategic thinking and problem-solving abilities","Strong leadership and communication skills for cross-functional collaboration","Ability to influence decisions across departments and negotiate technical and business trade-offs","Proficient with tools like Cisco, Palo Alto, Meraki, and monitoring platforms"],"Benefits":["We offer","Paid Time Off (PTO)","Generous store discounts","Health care plans (medical, prescription, dental, vision)","401(k), HSA, FSA, Pre-tax commuter benefits","Disability & life insurance coverage","Paid parental leave","Pet insurance","Critical illness and accident insurance","Discounted home and auto insurance","College tuition assistance","Career development & product training","Consumer classes","Estimated salaries determined by third parties have not been validated by Total Wine & More","Pay Range: $101,520-$171,000"],"Responsibilities":["You will play a critical role in designing, implementing, and supporting advanced enterprise network systems","You will be responsible for overseeing our network infrastructure, ensuring optimal performance, reliability, and security","Champion network standards, policies, and procedures to ensure consistency and compliance","Spearhead the resolution of complex issues impacting the enterprise network","Lead efforts to assess network performance metrics and optimize availability and throughput","Collaborate with cybersecurity, cloud, and system engineering teams on cross-functional initiatives and enterprise-wide technology roadmaps","Evaluate emerging technologies and provide recommendations for continuous improvement","Maintain network documentation including diagrams, runbooks, and change control records"]},"job_onet_soc":"15114200","job_onet_job_zone":"4"}]}