{"status":"OK","request_id":"24edb013-04c1-4fe0-874c-a850132aefe8","parameters":{"query":"Web Developer","page":1,"num_pages":1,"country":"us","language":"en"},"data":[{"job_id":"IjaZs6D9Qv_qUWF-AAAAAA==","job_title":"Laravel and Vue.js Developer","employer_name":"Jobs via Dice","employer_logo":"https:\/\/encrypted-tbn0.gstatic.com\/images?q=tbn:ANd9GcR9CC1NlnLA7sshF1s1dqKvk8U495jsMwImnyPP&s=0","employer_website":null,"job_publisher":"LinkedIn","job_employment_type":"Full-time","job_employment_types":["FULLTIME"],"job_apply_link":"https:\/\/www.linkedin.com\/jobs\/view\/laravel-and-vue-js-developer-at-jobs-via-dice-4321792719?utm_campaign=google_jobs_apply&utm_source=google_jobs_apply&utm_medium=organic","job_apply_is_direct":false,"apply_options":[{"publisher":"LinkedIn","apply_link":"https:\/\/www.linkedin.com\/jobs\/view\/laravel-and-vue-js-developer-at-jobs-via-dice-4321792719?utm_campaign=google_jobs_apply&utm_source=google_jobs_apply&utm_medium=organic","is_direct":false},{"publisher":"Dice","apply_link":"https:\/\/www.dice.com\/job-detail\/e7a1cd64-8aaa-4f4f-a62e-61cfdfca81d2?utm_campaign=google_jobs_apply&utm_source=google_jobs_apply&utm_medium=organic","is_direct":true},{"publisher":"Meetder.forum","apply_link":"https:\/\/meetder.forum\/metrics\/bayjx25NBlx-Evnu?utm_campaign=google_jobs_apply&utm_source=google_jobs_apply&utm_medium=organic","is_direct":false},{"publisher":"Coenaclephainolionclavis.com","apply_link":"https:\/\/coenaclephainolionclavis.com\/media\/ypcaD6P_OdaB0zeI?utm_campaign=google_jobs_apply&utm_source=google_jobs_apply&utm_medium=organic","is_direct":false},{"publisher":"Careenersnoesisbatteryman.com","apply_link":"https:\/\/careenersnoesisbatteryman.com\/subscriptions\/dtOpFIWFjXN8WQ0P?utm_campaign=google_jobs_apply&utm_source=google_jobs_apply&utm_medium=organic","is_direct":false},{"publisher":"Ploughingtomfooleryinhaustion.forum","apply_link":"http:\/\/ploughingtomfooleryinhaustion.forum\/messages\/8p2hWpu3UDBa_c1_?utm_campaign=google_jobs_apply&utm_source=google_jobs_apply&utm_medium=organic","is_direct":false},{"publisher":"Purgersguiltilysubheroes.com","apply_link":"https:\/\/purgersguiltilysubheroes.com\/admin\/EGXBBd9f3P3zX5Yb?utm_campaign=google_jobs_apply&utm_source=google_jobs_apply&utm_medium=organic","is_direct":false},{"publisher":"Thewe.forum","apply_link":"https:\/\/thewe.forum\/languages\/6SVEGLk5A2LZqI5p?utm_campaign=google_jobs_apply&utm_source=google_jobs_apply&utm_medium=organic","is_direct":false}],"job_description":"Dice is the leading career destination for tech experts at every stage of their careers. Our client, Unisoft Technology Inc, is seeking the following. Apply via Dice today!\n\nWe are seeking a highly skilled Full-Stack Developer experienced in Laravel and Vue.js who can architect, develop, and maintain enterprise-grade web applications.The ideal candidate will have a strong understanding of Laravel framework upgrades, PHP Symfony, and exposure to Drupal, with a backend built on Microsoft SQL Server and an infrastructure running on AWS Kubernetes (EKS). This role involves working across multiple environments using DDEV for local development and containerized deployment pipelines.\n\nKey Responsibilities\n\u2022 Design, develop, and maintain web applications using Laravel (PHP) and js.\n\u2022 Manage and perform Laravel framework upgrades ensuring backward compatibility and dependency resolution.\n\u2022 Leverage Symfony components within Laravel or standalone PHP applications to build scalable backend logic.\n\u2022 Develop and maintain custom Drupal modules, themes, and migrations where needed for related projects.\n\u2022 Write, optimize, and debug SQL Server queries, stored procedures, and indexes.\n\u2022 Use DDEV for local development and environment parity between local, staging, and production.\n\u2022 Work with Kubernetes (EKS) for container orchestration, deployments, and scaling.\n\u2022 Ensure best practices for security, performance, testing, and code quality across multiple platforms.\n\u2022 Support API development, integration, and version management.\n\nRequired Skills & Qualifications\n\u2022 7+ years of professional experience in Laravel (PHP 8+).\n\u2022 Proven experience in Laravel framework upgrades and package dependency management.\n\u2022 Strong understanding of Symfony framework concepts and reusable components.\n\u2022 Experience with js 2 or 3, Vuetify, or similar UI frameworks.\n\u2022 Strong SQL skills and hands-on experience with Microsoft SQL Server (T-SQL, stored procedures, performance tuning).\n\u2022 Familiarity with DDEV, Docker, and containerized local development.\n\u2022 Working knowledge of Kubernetes concepts: deployments, pods, services, config maps, secrets.\n\u2022 Experience with AWS EKS or similar managed Kubernetes environments.\n\u2022 Version control proficiency with Git (Bitbucket\/GitHub).\n\u2022 Solid understanding of RESTful APIs, authentication (OAuth, JWT), and queues (Redis, Horizon).\n\nBonus \/ Nice to Have\n\u2022 Experience with Drupal 9\/10 site building, custom modules, and migrations.\n\u2022 Familiarity with Helm charts, AWS ECR, or RDS. Exposure to Laravel Octane, Telescope, Horizon, or Sail.\n\u2022 Experience with js, TailwindCSS, or Pinia\/Vuex for modern front-end workflows.\n\u2022 Understanding of CI\/CD pipelines using GitHub Actions, GitLab CI, or Bitbucket Pipelines.\n\u2022 Knowledge of microservices and event-driven architecture.","job_is_remote":false,"job_posted_at":"19 hours ago","job_posted_at_timestamp":1762822800,"job_posted_at_datetime_utc":"2025-11-11T01:00:00.000Z","job_location":"Washington, DC","job_city":"Washington","job_state":"District of Columbia","job_country":"US","job_latitude":38.9071923,"job_longitude":-77.0368707,"job_benefits":null,"job_google_link":"https:\/\/www.google.com\/search?q=jobs&gl=us&hl=en&udm=8#vhid=vt%3D20\/docid%3DIjaZs6D9Qv_qUWF-AAAAAA%3D%3D&vssid=jobs-detail-viewer","job_salary":null,"job_min_salary":null,"job_max_salary":null,"job_salary_period":null,"job_highlights":{"Qualifications":["We are seeking a highly skilled Full-Stack Developer experienced in Laravel and Vue.js who can architect, develop, and maintain enterprise-grade web applications","The ideal candidate will have a strong understanding of Laravel framework upgrades, PHP Symfony, and exposure to Drupal, with a backend built on Microsoft SQL Server and an infrastructure running on AWS Kubernetes (EKS)","7+ years of professional experience in Laravel (PHP 8+)","Proven experience in Laravel framework upgrades and package dependency management","Strong understanding of Symfony framework concepts and reusable components","Experience with js 2 or 3, Vuetify, or similar UI frameworks","Strong SQL skills and hands-on experience with Microsoft SQL Server (T-SQL, stored procedures, performance tuning)","Familiarity with DDEV, Docker, and containerized local development","Working knowledge of Kubernetes concepts: deployments, pods, services, config maps, secrets","Experience with AWS EKS or similar managed Kubernetes environments","Version control proficiency with Git (Bitbucket\/GitHub)","Solid understanding of RESTful APIs, authentication (OAuth, JWT), and queues (Redis, Horizon)","Experience with Drupal 9\/10 site building, custom modules, and migrations","Familiarity with Helm charts, AWS ECR, or RDS","Exposure to Laravel Octane, Telescope, Horizon, or Sail","Experience with js, TailwindCSS, or Pinia\/Vuex for modern front-end workflows","Understanding of CI\/CD pipelines using GitHub Actions, GitLab CI, or Bitbucket Pipelines","Knowledge of microservices and event-driven architecture"],"Responsibilities":["This role involves working across multiple environments using DDEV for local development and containerized deployment pipelines","Design, develop, and maintain web applications using Laravel (PHP) and js","Manage and perform Laravel framework upgrades ensuring backward compatibility and dependency resolution","Leverage Symfony components within Laravel or standalone PHP applications to build scalable backend logic","Develop and maintain custom Drupal modules, themes, and migrations where needed for related projects","Write, optimize, and debug SQL Server queries, stored procedures, and indexes","Use DDEV for local development and environment parity between local, staging, and production","Work with Kubernetes (EKS) for container orchestration, deployments, and scaling","Ensure best practices for security, performance, testing, and code quality across multiple platforms","Support API development, integration, and version management"]},"job_onet_soc":"15113400","job_onet_job_zone":"3"},{"job_id":"5RVB8Z9nk_mgZLX7AAAAAA==","job_title":"Backend Developer (Python \/ Google Cloud Platform \/ Airflow)","employer_name":"Jobs via Dice","employer_logo":"https:\/\/encrypted-tbn0.gstatic.com\/images?q=tbn:ANd9GcR9CC1NlnLA7sshF1s1dqKvk8U495jsMwImnyPP&s=0","employer_website":null,"job_publisher":"LinkedIn","job_employment_type":"Full-time","job_employment_types":["FULLTIME"],"job_apply_link":"https:\/\/www.linkedin.com\/jobs\/view\/backend-developer-python-google-cloud-platform-airflow-at-jobs-via-dice-4322012057?utm_campaign=google_jobs_apply&utm_source=google_jobs_apply&utm_medium=organic","job_apply_is_direct":false,"apply_options":[{"publisher":"LinkedIn","apply_link":"https:\/\/www.linkedin.com\/jobs\/view\/backend-developer-python-google-cloud-platform-airflow-at-jobs-via-dice-4322012057?utm_campaign=google_jobs_apply&utm_source=google_jobs_apply&utm_medium=organic","is_direct":false}],"job_description":"Dice is the leading career destination for tech experts at every stage of their careers. Our client, Pioneer IT Systems LLC, is seeking the following. Apply via Dice today!\n\n<>Backend Developer (Python \/ Google Cloud Platform \/ Airflow)\n\nPosition: Backend Developer\n\nLocation: Washington, DC Onsite (5 days\/week) Pay Rate: $80\/hr W2 (no additional benefits)\n\nAbout The Role\n\nOur client is building a data analytics platform on Google Cloud Platform (Google Cloud Platform) to power in-app workflows and analytics for users. The stack includes Python microservices, Airflow for pipeline orchestration, and a React\/Next.js frontend.\n\nThis is a hands-on backend engineering role where you ll design scalable services, optimize data pipelines, and collaborate closely with product and frontend teams.\n\nTop Skills Required\n\u2022 Python (Core Backend Development) Strong, hands-on coding required\n\u2022 Google Cloud Platform (Google Cloud Platform) Pub\/Sub, BigQuery, Cloud Functions\n\u2022 Data Pipeline Development Airflow or equivalent orchestration tool\n\u2022 Infrastructure as Code Terraform (preferred)\n\u2022 Containerization Docker\n\u2022 Version Control & CI\/CD GitHub, GitHub Actions, Cloud Build\n\nWhat You Ll Do\n\u2022 Design, implement, and maintain backend services and APIs using Python\n\u2022 Build and optimize data pipelines with Apache Airflow\n\u2022 Develop and manage Google Cloud Platform resources (Pub\/Sub, Cloud Functions, BigQuery, Cloud Storage)\n\u2022 Collaborate with frontend and product teams to define service contracts\n\u2022 Maintain code reliability through testing, monitoring, and troubleshooting\n\u2022 Contribute to code reviews, mentor team members, and improve best practices\n\nRequired Experience\n\u2022 4+ years of professional Python development\n\u2022 Hands-on with Airflow DAGs, operators, and scheduling (strong plus)\n\u2022 Experience with Google Cloud Platform services Compute Engine, Cloud Functions, BigQuery, Pub\/Sub, IAM\n\u2022 Skilled in containerizing apps with Docker and deploying via CI\/CD pipelines\n\u2022 Solid understanding of SQL and relational databases (NoSQL a plus)\n\u2022 Familiar with RESTful API design and code quality best practices (testing, linting, typing)\n\nNice-to-Have Skills\n\u2022 Experience with Terraform or other IaC tools\n\u2022 Knowledge of Kubernetes or serverless architectures\n\u2022 Exposure to event-driven systems (Dataflow, Kafka)\n\u2022 Understanding of security best practices in cloud environments\n\u2022 Background in data modeling or statistical analysis (NumPy, pandas, SciPy)\n\u2022 Familiarity with machine learning frameworks (scikit-learn, TensorFlow, PyTorch)\n\nCulture & Benefits\n\u2022 Mission-driven, progressive, and entrepreneurial environment\n\u2022 33 total PTO days (includes holidays) + 2 extra days per year of tenure\n\u2022 3 weeks\/year WFH flexibility\n\u2022 Office closed between Christmas and New Year\n\u2022 Flexible hours: core 10 AM 4 PM (8-hour workday)\n\n--","job_is_remote":false,"job_posted_at":"19 hours ago","job_posted_at_timestamp":1762822800,"job_posted_at_datetime_utc":"2025-11-11T01:00:00.000Z","job_location":"Washington, DC","job_city":"Washington","job_state":"District of Columbia","job_country":"US","job_latitude":38.9071923,"job_longitude":-77.0368707,"job_benefits":["paid_time_off"],"job_google_link":"https:\/\/www.google.com\/search?q=jobs&gl=us&hl=en&udm=8#vhid=vt%3D20\/docid%3D5RVB8Z9nk_mgZLX7AAAAAA%3D%3D&vssid=jobs-detail-viewer","job_salary":null,"job_min_salary":null,"job_max_salary":null,"job_salary_period":null,"job_highlights":{"Qualifications":["Python (Core Backend Development) Strong, hands-on coding required","Google Cloud Platform (Google Cloud Platform) Pub\/Sub, BigQuery, Cloud Functions","Data Pipeline Development Airflow or equivalent orchestration tool","Containerization Docker","Version Control & CI\/CD GitHub, GitHub Actions, Cloud Build","4+ years of professional Python development","Hands-on with Airflow DAGs, operators, and scheduling (strong plus)","Experience with Google Cloud Platform services Compute Engine, Cloud Functions, BigQuery, Pub\/Sub, IAM","Skilled in containerizing apps with Docker and deploying via CI\/CD pipelines","Familiar with RESTful API design and code quality best practices (testing, linting, typing)","Experience with Terraform or other IaC tools","Knowledge of Kubernetes or serverless architectures","Exposure to event-driven systems (Dataflow, Kafka)","Understanding of security best practices in cloud environments","Background in data modeling or statistical analysis (NumPy, pandas, SciPy)","Familiarity with machine learning frameworks (scikit-learn, TensorFlow, PyTorch)"],"Benefits":["Location: Washington, DC Onsite (5 days\/week) Pay Rate: $80\/hr W2 (no additional benefits)","Mission-driven, progressive, and entrepreneurial environment","33 total PTO days (includes holidays) + 2 extra days per year of tenure","3 weeks\/year WFH flexibility","Office closed between Christmas and New Year","Flexible hours: core 10 AM 4 PM (8-hour workday)"],"Responsibilities":["Our client is building a data analytics platform on Google Cloud Platform (Google Cloud Platform) to power in-app workflows and analytics for users","The stack includes Python microservices, Airflow for pipeline orchestration, and a React\/Next.js frontend","This is a hands-on backend engineering role where you ll design scalable services, optimize data pipelines, and collaborate closely with product and frontend teams","Design, implement, and maintain backend services and APIs using Python","Build and optimize data pipelines with Apache Airflow","Develop and manage Google Cloud Platform resources (Pub\/Sub, Cloud Functions, BigQuery, Cloud Storage)","Collaborate with frontend and product teams to define service contracts","Maintain code reliability through testing, monitoring, and troubleshooting","Contribute to code reviews, mentor team members, and improve best practices"]},"job_onet_soc":"15113300","job_onet_job_zone":"4"},{"job_id":"j45cWBA0ZPRHVA4bAAAAAA==","job_title":"Web Designer\/Developer at Govini Arlington, VA","employer_name":"Govini","employer_logo":null,"employer_website":"https:\/\/www.govini.com","job_publisher":"Logic Solutions","job_employment_type":"Full-time","job_employment_types":["FULLTIME"],"job_apply_link":"https:\/\/logichw.com\/job-listing\/job\/web-designerdeveloper-at-govini-arlington-va-YmNtZXo5Y1ZlOW1aQmpPME5BMUNBbk42S3c9PQ==?utm_campaign=google_jobs_apply&utm_source=google_jobs_apply&utm_medium=organic","job_apply_is_direct":false,"apply_options":[{"publisher":"Logic Solutions","apply_link":"https:\/\/logichw.com\/job-listing\/job\/web-designerdeveloper-at-govini-arlington-va-YmNtZXo5Y1ZlOW1aQmpPME5BMUNBbk42S3c9PQ==?utm_campaign=google_jobs_apply&utm_source=google_jobs_apply&utm_medium=organic","is_direct":false},{"publisher":"Sg-Host.com","apply_link":"http:\/\/austinb36.sg-host.com\/wp-jobs\/job\/dhs-executive-administrator-at-edgesource-arlington-va-ZUE0RDBhbTJsM1cyMDNBeU56U0gxMmh3Q1E9PQ==?utm_campaign=google_jobs_apply&utm_source=google_jobs_apply&utm_medium=organic","is_direct":false},{"publisher":"Sixth Media","apply_link":"https:\/\/sixthmedia.com\/wp-job\/job\/dhs-executive-administrator-at-edgesource-arlington-va-Mkd0eEVPazBKVHFPRTA1QWN0dytiYVRSZEE9PQ==?utm_campaign=google_jobs_apply&utm_source=google_jobs_apply&utm_medium=organic","is_direct":false},{"publisher":"Elysium Salon","apply_link":"https:\/\/elysiumsalon.com\/samples\/job\/dhs-executive-administrator-at-edgesource-arlington-va-RWNFaG5BZW1oaVhRTzNhMEZnbjBZRjRHUUE9PQ==?utm_campaign=google_jobs_apply&utm_source=google_jobs_apply&utm_medium=organic","is_direct":false},{"publisher":"Investup","apply_link":"https:\/\/investup.nl\/opportunity\/job\/dhs-executive-administrator-at-edgesource-arlington-va-Nit3ZUE2UUlKVzNla2JlOXZvVS9iTDNaRnc9PQ==?utm_campaign=google_jobs_apply&utm_source=google_jobs_apply&utm_medium=organic","is_direct":false},{"publisher":"Peterson Research Institute","apply_link":"http:\/\/petersonresearch.com.au\/wp-job\/job\/dhs-executive-administrator-at-edgesource-arlington-va-WUpDUndQZG43SEtJdlBDSmpRQWdJdHpRSnc9PQ==?utm_campaign=google_jobs_apply&utm_source=google_jobs_apply&utm_medium=organic","is_direct":false},{"publisher":"Pentolnona","apply_link":"https:\/\/pentolnona.com\/vacancy\/job\/dhs-executive-administrator-at-edgesource-arlington-va-Z1hqNmpteWJUcERNaHZYanRLeFprT25sTXc9PQ==?utm_campaign=google_jobs_apply&utm_source=google_jobs_apply&utm_medium=organic","is_direct":false},{"publisher":"NBN Engineering Consultancy","apply_link":"https:\/\/nbnengineering.com.np\/jobs\/job\/dhs-executive-administrator-at-edgesource-arlington-va-eDZCaDNiY3BFQ2xVM2tzU251bGg4S0luMXc9PQ==?utm_campaign=google_jobs_apply&utm_source=google_jobs_apply&utm_medium=organic","is_direct":false}],"job_description":"Web Designer\/Developer job at Govini. Arlington, VA.\n\nJoin to apply for the Web Designer role at Govini\nJoin to apply for the Web Designer role at Govini\nCompany Description\n\nGovini transforms Defense Acquisition from an outdated manual process to a software-driven strategic advantage for the United States. Our flagship product, Ark, supports Supply Chain, Science and Technology, Production, Sustainment, and Modernization teams with AI-enabled Applications and best-in-class data to more rapidly imagine, develop, and field the capabilities we need. Today, the national security community and every branch of the military rely on Govini to enable faster and more informed Acquisition decisions.\nCompany Description\n\nGovini transforms Defense Acquisition from an outdated manual process to a software-driven strategic advantage for the United States. Our flagship product, Ark, supports Supply Chain, Science and Technology, Production, Sustainment, and Modernization teams with AI-enabled Applications and best-in-class data to more rapidly imagine, develop, and field the capabilities we need. Today, the national security community and every branch of the military rely on Govini to enable faster and more informed Acquisition decisions.\n\nJob Description\n\nWe are seeking a talented and experienced Web Designer with strong graphic design skills to join our team. The ideal candidate will create sophisticated, responsive, and secure web experiences for Govini.com and Ark.ai , while designing engaging graphics for these websites and additional digital platforms. This role requires both technical web development expertise and creative design capabilities to deliver professional web solutions that serve our distinguished customers in the Defense and Intelligence communities.\n\nIn order to do this job well, you must have advanced technical skills in modern web technologies combined with exceptional design sensibilities. You should be capable of translating complex requirements into visually stunning and highly functional websites that perform seamlessly across all devices and browsers. You excel at balancing aesthetics with performance, security, and user experience considerations.\n\nThis role is a full-time position located out of our office in Arlington, VA.\n\nThis role may require up to 5% travel for client presentations and technical consultations.\n\nScope Of Responsibilities\n\nTranslate various requirements into visually stunning and highly functional website designs that reflect our brand and serve our professional audience\nDevelop and implement responsive websites using modern web technologies, including HTML, CSS, JavaScript, and CMS platforms\nEnsure seamless user experience by optimizing website performance and functionality across different browsers and devices\nConduct thorough testing to identify and resolve any issues or inconsistencies in design and functionality\nMaintain website project documentation, including design assets, style guides, and technical specifications\nStay current with industry trends and best practices in web design, development, and graphic design\nCollaborate with team members and stakeholders to understand objectives, provide design recommendations, and ensure project success\nCreate and maintain design systems and component libraries for consistent web experiences\nImplement security best practices and ensure websites meet modern security standards\n\nQualifications\n\nU.S. Citizenship is required\n\nRequired Skills\n\nMinimum of three years of professional experience in web design and development with a strong focus on front-end development\nBachelor's degree in Web Design, Graphic Design, Computer Science, or related field\nProficiency in HTML, CSS, JavaScript, and experience with CMS platforms\nStrong graphic design skills, including proficiency in Adobe Creative Suite (Photoshop, Illustrator, InDesign, XD)\nSolid understanding of responsive design principles and cross-browser compatibility\nExperience with user interface (UI) and user experience (UX) design concepts\nFamiliarity with SEO principles and web accessibility standards (WCAG)\nExcellent problem-solving skills and meticulous attention to detail\nStrong communication and collaboration abilities with proven ability to manage multiple projects and meet deadlines\n\nDesired Skills\n\nExperience in or exposure to the nuances of a startup or other entrepreneurial environment\nExperience with Webflow for rapid website development and deployment\nKnowledge of JavaScript frameworks and libraries (React, Angular, jQuery)\nExperience with database integration and dynamic content management\nFamiliarity with wireframing and prototyping tools (Sketch, Figma, Adobe XD)\nUnderstanding of web analytics implementation and performance optimization\nExperience with version control systems (Git) and collaborative development workflows\n\nWe firmly believe that past performance is the best indicator of future performance. If you thrive while building solutions to complex problems, are a self-starter, and are passionate about making an impact in global security, we\u2019re eager to hear from you.\n\nGovini is an Equal Opportunity Employer. All qualified applicants will receive consideration for employment without regard to race, color, religion, sex, national origin, sexual orientation, gender identity, disability and protected veterans status or any other characteristic protected by law.\nSeniority level Seniority level Mid-Senior level\nEmployment type Employment type Full-time\nJob function Job function Design, Art\/Creative, and Information Technology\nIndustries Software Development\nReferrals increase your chances of interviewing at Govini by 2x\nGet notified about new Web Designer jobs in Arlington, VA .\nWashington, DC $70,000.00-$87,550.00 2 weeks ago\nWashington, DC $65,000.00-$80,000.00 1 month ago\nWashington Highlands, MD $70,000.00-$87,550.00 2 days ago\nWashington, DC $75,000.00-$110,000.00 3 weeks ago\nMcLean, VA $75,000.00-$140,000.00 3 days ago\nColumbia, MD $130,000.00-$226,000.00 1 month ago\nMcLean, VA $74,000.00-$124,000.00 1 week ago\nMcLean, VA $75,000.00-$140,000.00 4 weeks ago\nWashington, DC $86,000.00-$137,000.00 2 weeks ago\nArlington, VA $108,400.00-$185,000.00 2 weeks ago\nMcLean, VA $99,000.00-$225,000.00 1 week ago\nAshburn, VA $103,800.00-$218,100.00 1 day ago\nArlington, VA $69,400.00-$158,000.00 1 day ago\nWe\u2019re unlocking community knowledge in a new way. Experts add insights directly into each article, started with the help of AI.\n\n#J-18808-Ljbffr Govini","job_is_remote":false,"job_posted_at":"7 days ago","job_posted_at_timestamp":1762214400,"job_posted_at_datetime_utc":"2025-11-04T00:00:00.000Z","job_location":"Arlington, VA","job_city":"Arlington","job_state":"Virginia","job_country":"US","job_latitude":38.8816208,"job_longitude":-77.09098089999999,"job_benefits":null,"job_google_link":"https:\/\/www.google.com\/search?q=jobs&gl=us&hl=en&udm=8#vhid=vt%3D20\/docid%3Dj45cWBA0ZPRHVA4bAAAAAA%3D%3D&vssid=jobs-detail-viewer","job_salary":null,"job_min_salary":null,"job_max_salary":null,"job_salary_period":null,"job_highlights":{"Qualifications":["The ideal candidate will create sophisticated, responsive, and secure web experiences for Govini.com and Ark.ai , while designing engaging graphics for these websites and additional digital platforms","This role requires both technical web development expertise and creative design capabilities to deliver professional web solutions that serve our distinguished customers in the Defense and Intelligence communities","In order to do this job well, you must have advanced technical skills in modern web technologies combined with exceptional design sensibilities","You should be capable of translating complex requirements into visually stunning and highly functional websites that perform seamlessly across all devices and browsers","You excel at balancing aesthetics with performance, security, and user experience considerations","U.S. Citizenship is required","Minimum of three years of professional experience in web design and development with a strong focus on front-end development","Bachelor's degree in Web Design, Graphic Design, Computer Science, or related field","Proficiency in HTML, CSS, JavaScript, and experience with CMS platforms","Strong graphic design skills, including proficiency in Adobe Creative Suite (Photoshop, Illustrator, InDesign, XD)","Solid understanding of responsive design principles and cross-browser compatibility","Experience with user interface (UI) and user experience (UX) design concepts","Familiarity with SEO principles and web accessibility standards (WCAG)","Excellent problem-solving skills and meticulous attention to detail","Strong communication and collaboration abilities with proven ability to manage multiple projects and meet deadlines","Experience in or exposure to the nuances of a startup or other entrepreneurial environment","Experience with Webflow for rapid website development and deployment","Knowledge of JavaScript frameworks and libraries (React, Angular, jQuery)","Experience with database integration and dynamic content management","Familiarity with wireframing and prototyping tools (Sketch, Figma, Adobe XD)","Understanding of web analytics implementation and performance optimization","Experience with version control systems (Git) and collaborative development workflows","We firmly believe that past performance is the best indicator of future performance"],"Responsibilities":["This role may require up to 5% travel for client presentations and technical consultations","Translate various requirements into visually stunning and highly functional website designs that reflect our brand and serve our professional audience","Develop and implement responsive websites using modern web technologies, including HTML, CSS, JavaScript, and CMS platforms","Ensure seamless user experience by optimizing website performance and functionality across different browsers and devices","Conduct thorough testing to identify and resolve any issues or inconsistencies in design and functionality","Maintain website project documentation, including design assets, style guides, and technical specifications","Stay current with industry trends and best practices in web design, development, and graphic design","Collaborate with team members and stakeholders to understand objectives, provide design recommendations, and ensure project success","Create and maintain design systems and component libraries for consistent web experiences","Implement security best practices and ensure websites meet modern security standards"]},"job_onet_soc":"15113400","job_onet_job_zone":"3"},{"job_id":"WQghzMqQ37oNgEdVAAAAAA==","job_title":"Web Developer, Junior","employer_name":"Cayuse Holdings","employer_logo":"https:\/\/encrypted-tbn0.gstatic.com\/images?q=tbn:ANd9GcRaVaiAv89x7CiNZ9bXXTa9F6EiPhmbnjDOlHR5&s=0","employer_website":"https:\/\/www.cayuseholdings.com","job_publisher":"Indeed","job_employment_type":"Full-time","job_employment_types":["FULLTIME"],"job_apply_link":"https:\/\/www.indeed.com\/viewjob?jk=0a0a18e1318d1eb4&utm_campaign=google_jobs_apply&utm_source=google_jobs_apply&utm_medium=organic","job_apply_is_direct":true,"apply_options":[{"publisher":"Indeed","apply_link":"https:\/\/www.indeed.com\/viewjob?jk=0a0a18e1318d1eb4&utm_campaign=google_jobs_apply&utm_source=google_jobs_apply&utm_medium=organic","is_direct":true},{"publisher":"Dice","apply_link":"https:\/\/www.dice.com\/job-detail\/9aab1b83-3968-45ba-a17c-b78fbcd7367e?utm_campaign=google_jobs_apply&utm_source=google_jobs_apply&utm_medium=organic","is_direct":false},{"publisher":"Glassdoor","apply_link":"https:\/\/www.glassdoor.com\/job-listing\/web-developer-junior-cayuse-holdings-JV_IC1138213_KO0,20_KE21,36.htm?jl=1009859071314&utm_campaign=google_jobs_apply&utm_source=google_jobs_apply&utm_medium=organic","is_direct":true},{"publisher":"ZipRecruiter","apply_link":"https:\/\/www.ziprecruiter.com\/c\/Cayuse-Holdings\/Job\/Web-Developer,-Junior\/-in-Washington,DC?jid=eb9ad7e665755471&utm_campaign=google_jobs_apply&utm_source=google_jobs_apply&utm_medium=organic","is_direct":true},{"publisher":"Monster","apply_link":"https:\/\/www.monster.com\/job-openings\/web-developer-junior-washington-dc--4f8336e6-c55e-43ef-9f8e-8b135b9de00f?utm_campaign=google_jobs_apply&utm_source=google_jobs_apply&utm_medium=organic","is_direct":false},{"publisher":"Jooble","apply_link":"https:\/\/jooble.org\/jdp\/-5452067219419341844?utm_campaign=google_jobs_apply&utm_source=google_jobs_apply&utm_medium=organic","is_direct":false},{"publisher":"Ladders","apply_link":"https:\/\/www.theladders.com\/job-listing\/-3996209307899527872\/web-developer-junior.htm?utm_campaign=google_jobs_apply&utm_source=google_jobs_apply&utm_medium=organic","is_direct":false},{"publisher":"BeBee","apply_link":"https:\/\/us.bebee.com\/job\/dc92adfc7bfafefcf3deabe3548a0277?utm_campaign=google_jobs_apply&utm_source=google_jobs_apply&utm_medium=organic","is_direct":false}],"job_description":"The Web Developer, Junior will assist in the development, deployment, and maintenance of websites and software solutions to support organizational objectives. This role involves working within established frameworks, collaborating with team members to design effective features, and ensuring the technical quality and usability of web solutions.\n\nThis position performs all duties and responsibilities in accordance with the Mission, Vision, and Core Values of Cayuse.\n\u2022 Assist with the design, development, and maintenance of websites and information systems.\n\u2022 Collaborate with team members, including senior developers and other technical staff, to integrate features into existing software solutions.\n\u2022 Test, troubleshoot, and deploy front-end tools and technologies, including JavaScript-based frameworks like React and Angular.\n\u2022 Work with databases, including SQL, and leverage XML and JSON for data processing and storage.\n\u2022 Support agile iterative development workflows by prioritizing end-user input for continuous improvement.\n\u2022 Adhere to existing network and policy standards while building technical solutions.\n\u2022 Other duties as assigned.\n\u2022 Bachelor\u2019s Degree required.\n\u2022 Minimum of 3 years of relevant experience in software or web development.\n\u2022 Experience with front-end development frameworks and libraries such as JavaScript, React, Angular, or comparable tools.\n\u2022 Familiarity with database systems, specifically SQL, and working with XML\/JSON for data manipulation.\n\u2022 Experience with agile development methodologies and iterative design practices.\n\u2022 Proven ability to troubleshoot and test web applications in various deployment environments.\n\u2022 Top Secret Security Clearance is required.\n\u2022 Must be able to pass a background check. May require additional background checks as required by projects and\/or clients at any time during employment.\n\nMinimum Skills:\n\u2022 Exceptional interpersonal skills with the ability to communicate in a clear, professional, and articulate manner.\n\u2022 Strong working knowledge of front-end and back-end development practices.\n\u2022 Problem-solving skills to develop creative solutions within technical and policy constraints.\n\u2022 Ability to work collaboratively with team members and communicate effectively with non-technical stakeholders.\n\u2022 Excellent organizational, analytical, and problem-solving skills with high-level attention to detail.\n\u2022 Proven ability to multitask and prioritize in a fast past environment with changing priorities; adaptable to change and a quick learner.\n\u2022 Proficient in MS Office, Word, Outlook, PowerPoint, and Excel.\n\nDesired Qualifications:\n\u2022 Familiarity with cloud technologies like AWS, Microsoft Azure, or Google Cloud Platform.\n\u2022 Knowledge of microservices architecture using container technologies such as Docker or Kubernetes.\n\u2022 Scripting skills in Python or Bash for workflow automation.\n\u2022 Experience with Continuous Integration\/Continuous Deployment (CI\/CD) tools like Jenkins or GitLab CI\/CD.\n\u2022 Proficiency in responsive design using frameworks like Bootstrap.\n\u2022 Familiarity with Test-Driven Development (TDD) and creating automated test scripts.\n\u2022 Understanding of accessibility standards (ADA Section 508 compliance).\n\u2022 Relevant certifications such as AWS Certified Developer, CompTIA Security+, or Adobe Certified Professional for front-end tools.\n\u2022 Experience with collaboration tools like Jira, Trello, and Slack.\n\u2022 Strong problem-solving and adaptability skills, especially in fast-paced environments.\n\u2022 Experience applying secure coding practices to web applications, including adhering to OWASP guidelines.\n\nOther Duties: Please note this job description is not designed to cover or contain a comprehensive list of activities, duties or responsibilities that are required of the employee for this job. Duties, responsibilities, and activities may change at any time with or without notice.\n\nCayuse is an Equal Opportunity Employer. All employment decisions are based on merit, qualifications, skills, and abilities. All qualified applicants will receive consideration for employment in accordance with any applicable federal, state, or local law.","job_is_remote":false,"job_posted_at":null,"job_posted_at_timestamp":null,"job_posted_at_datetime_utc":null,"job_location":"Washington, DC","job_city":"Washington","job_state":"District of Columbia","job_country":"US","job_latitude":38.9071923,"job_longitude":-77.0368707,"job_benefits":null,"job_google_link":"https:\/\/www.google.com\/search?q=jobs&gl=us&hl=en&udm=8#vhid=vt%3D20\/docid%3DWQghzMqQ37oNgEdVAAAAAA%3D%3D&vssid=jobs-detail-viewer","job_min_salary":66700,"job_max_salary":83405,"job_salary_period":"YEAR","job_highlights":{"Qualifications":["Bachelor\u2019s Degree required","Minimum of 3 years of relevant experience in software or web development","Experience with front-end development frameworks and libraries such as JavaScript, React, Angular, or comparable tools","Familiarity with database systems, specifically SQL, and working with XML\/JSON for data manipulation","Experience with agile development methodologies and iterative design practices","Proven ability to troubleshoot and test web applications in various deployment environments","Top Secret Security Clearance is required","Must be able to pass a background check","May require additional background checks as required by projects and\/or clients at any time during employment","Exceptional interpersonal skills with the ability to communicate in a clear, professional, and articulate manner","Strong working knowledge of front-end and back-end development practices","Problem-solving skills to develop creative solutions within technical and policy constraints","Ability to work collaboratively with team members and communicate effectively with non-technical stakeholders","Excellent organizational, analytical, and problem-solving skills with high-level attention to detail","Proven ability to multitask and prioritize in a fast past environment with changing priorities; adaptable to change and a quick learner","Proficient in MS Office, Word, Outlook, PowerPoint, and Excel"],"Responsibilities":["The Web Developer, Junior will assist in the development, deployment, and maintenance of websites and software solutions to support organizational objectives","This role involves working within established frameworks, collaborating with team members to design effective features, and ensuring the technical quality and usability of web solutions","This position performs all duties and responsibilities in accordance with the Mission, Vision, and Core Values of Cayuse","Assist with the design, development, and maintenance of websites and information systems","Collaborate with team members, including senior developers and other technical staff, to integrate features into existing software solutions","Test, troubleshoot, and deploy front-end tools and technologies, including JavaScript-based frameworks like React and Angular","Work with databases, including SQL, and leverage XML and JSON for data processing and storage","Support agile iterative development workflows by prioritizing end-user input for continuous improvement","Adhere to existing network and policy standards while building technical solutions","Other duties as assigned"]},"job_onet_soc":"15113400","job_onet_job_zone":"3"},{"job_id":"7R0c1l7MggiAXaLzAAAAAA==","job_title":"Full Stack Web Developer","employer_name":"Deloitte","employer_logo":"https:\/\/encrypted-tbn0.gstatic.com\/images?q=tbn:ANd9GcSB3GGLOpgGa4uLtU8RE297F-5aeB4kXD3T3Tj4&s=0","employer_website":"https:\/\/www.deloitte.com","job_publisher":"Indeed","job_employment_type":"Full-time","job_employment_types":["FULLTIME"],"job_apply_link":"https:\/\/www.indeed.com\/viewjob?jk=2aa560c92187c6c9&utm_campaign=google_jobs_apply&utm_source=google_jobs_apply&utm_medium=organic","job_apply_is_direct":false,"apply_options":[{"publisher":"Indeed","apply_link":"https:\/\/www.indeed.com\/viewjob?jk=2aa560c92187c6c9&utm_campaign=google_jobs_apply&utm_source=google_jobs_apply&utm_medium=organic","is_direct":false},{"publisher":"ZipRecruiter","apply_link":"https:\/\/www.ziprecruiter.com\/c\/Deloitte\/Job\/Full-Stack-Web-Developer\/-in-Arlington,VA?jid=5b664227cae13b87&utm_campaign=google_jobs_apply&utm_source=google_jobs_apply&utm_medium=organic","is_direct":true},{"publisher":"Glassdoor","apply_link":"https:\/\/www.glassdoor.com\/job-listing\/full-stack-web-developer-deloitte-JV_IC1130337_KO0,24_KE25,33.htm?jl=1009902048533&utm_campaign=google_jobs_apply&utm_source=google_jobs_apply&utm_medium=organic","is_direct":false},{"publisher":"SimplyHired","apply_link":"https:\/\/www.simplyhired.com\/job\/Yex_-99EeOavDj7zp_a6lI9g8pVmOvBTuFtCP1GGXdM6Nr7YDQQ0jw?utm_campaign=google_jobs_apply&utm_source=google_jobs_apply&utm_medium=organic","is_direct":false},{"publisher":"Ladders","apply_link":"https:\/\/www.theladders.com\/job-listing\/-6490078009181936592\/full-stack-web-developer-intern-remote.htm?utm_campaign=google_jobs_apply&utm_source=google_jobs_apply&utm_medium=organic","is_direct":false},{"publisher":"EarnBetter","apply_link":"https:\/\/earnbetter.com\/app\/job\/01K75X7D876FJ0YMMP2CVHQD3R\/?utm_campaign=google_jobs_apply&utm_source=google_jobs_apply&utm_medium=organic","is_direct":false},{"publisher":"AnitaB.org Job Board","apply_link":"https:\/\/jobs.anitab.org\/companies\/deloitte-2-548ffef4-5e36-4ac1-9d45-edef2fdcac69\/jobs\/60084364-full-stack-web-developer?utm_campaign=google_jobs_apply&utm_source=google_jobs_apply&utm_medium=organic","is_direct":false},{"publisher":"Discover Technata Job Board","apply_link":"https:\/\/jobs.discovertechnata.com\/companies\/deloitte-2-548ffef4-5e36-4ac1-9d45-edef2fdcac69\/jobs\/60084364-full-stack-web-developer?utm_campaign=google_jobs_apply&utm_source=google_jobs_apply&utm_medium=organic","is_direct":false}],"job_description":"Our Deloitte AI & Engineering team to transform technology platforms, drive innovation, and help make a significant impact on our clients' success. You'll work alongside talented professionals reimagining and reengineering operations and processes that are critical to businesses. Your contributions can help clients improve financial performance, accelerate new digital ventures, and fuel growth through innovation.\n\nWork You'll Do\n\nAs a Project Delivery Specialist on the project, you will:\n\u2022 Design and develop scalable web applications using Angular 2+, Java, Spring Boot, AWS Developer Tools, and PostgreSQL.\n\u2022 Analyze system performance standards and identify opportunities for optimization.\n\u2022 Collaborate with users and engineers to understand workflows and translate requirements into technical solutions.\n\u2022 Integrate legacy systems and develop cloud-native architectures and RESTful microservices.\n\u2022 Apply Agile and DevOps practices to deliver iterative improvements and maintain high-quality code.\n\nThe Team\n\nDeloitte's Government & Public Services (GPS) practice - our people, ideas, technology and outcomes - is designed for impact. Serving federal, state, & local government clients as well as public higher education institutions, our team of professionals brings fresh perspective to help clients anticipate disruption, reimagine the possible, and fulfill their mission promise.\n\nOur Engineering as a Service offering provides end-to-end design, implementation, and technology operations, leveraging our core engineering expertise. We help transform engineering teams, modernize technology, & deliver complex programs with a product engineering mindset. Our flexible delivery models- traditional teams, pools, or pods, are tailored for each client's needs, offering engineering-led Advise, Implement, & Operate capabilities to accelerate innovation.\n\nThe Project Delivery Talent Model is designed for professionals with specialized skills that align to a current client need. Team members focus on delivering services to clients, without additional expectations related to business development or promotion. Their employment is tied to their role on a project, and they are eligible for a benefits package that is competitive for project delivery-focused professionals.\n\nQualifications\n\nRequired:\n\u2022 Bachelor's degree required\n\u2022 Must be legally authorized to work in the United States without the need for employer sponsorship, now or at any time in the future\n\u2022 Active Top Secret SCI Clearance\n\u2022 Ability to work onsite in DC full-time\n\u2022 Ability to travel 15-25%, on average, based on the work you do and the clientsandindustries\/sectorsyou serve\n\u2022 2 years of experience in full stack development\n\u2022 1 year experience with Angular 2+, Java, Spring Boot, AWS Developer Tools, and PostgreSQL\n\u2022 1 years' experience with Agile methodologies and DevOps tools and practices\n\nInformation for applicants with a need for accommodation: https:\/\/www2.deloitte.com\/us\/en\/pages\/careers\/articles\/join-deloitte-assistance-for-disabled-applicants.html","job_is_remote":false,"job_posted_at":null,"job_posted_at_timestamp":null,"job_posted_at_datetime_utc":null,"job_location":"Arlington, VA","job_city":"Arlington","job_state":"Virginia","job_country":"US","job_latitude":38.8816208,"job_longitude":-77.09098089999999,"job_benefits":null,"job_google_link":"https:\/\/www.google.com\/search?q=jobs&gl=us&hl=en&udm=8#vhid=vt%3D20\/docid%3D7R0c1l7MggiAXaLzAAAAAA%3D%3D&vssid=jobs-detail-viewer","job_salary":null,"job_min_salary":null,"job_max_salary":null,"job_salary_period":null,"job_highlights":{"Qualifications":["Bachelor's degree required","Must be legally authorized to work in the United States without the need for employer sponsorship, now or at any time in the future","Active Top Secret SCI Clearance","Ability to work onsite in DC full-time","Ability to travel 15-25%, on average, based on the work you do and the clientsandindustries\/sectorsyou serve","2 years of experience in full stack development","1 year experience with Angular 2+, Java, Spring Boot, AWS Developer Tools, and PostgreSQL","1 years' experience with Agile methodologies and DevOps tools and practices","Information for applicants with a need for accommodation: https:\/\/www2.deloitte.com\/us\/en\/pages\/careers\/articles\/join-deloitte-assistance-for-disabled-applicants.html"],"Benefits":["Their employment is tied to their role on a project, and they are eligible for a benefits package that is competitive for project delivery-focused professionals"],"Responsibilities":["As a Project Delivery Specialist on the project, you will:","Design and develop scalable web applications using Angular 2+, Java, Spring Boot, AWS Developer Tools, and PostgreSQL","Analyze system performance standards and identify opportunities for optimization","Collaborate with users and engineers to understand workflows and translate requirements into technical solutions","Integrate legacy systems and develop cloud-native architectures and RESTful microservices","Apply Agile and DevOps practices to deliver iterative improvements and maintain high-quality code","The Project Delivery Talent Model is designed for professionals with specialized skills that align to a current client need","Team members focus on delivering services to clients, without additional expectations related to business development or promotion"]},"job_onet_soc":"15113300","job_onet_job_zone":"4"},{"job_id":"VuaRI58i69uukMmKAAAAAA==","job_title":"Senior Website Developer","employer_name":"SAIC","employer_logo":"https:\/\/encrypted-tbn0.gstatic.com\/images?q=tbn:ANd9GcRmZ0g1q4F4RaV2Gt6jMdomyS5ckGWDxVibeU7o&s=0","employer_website":null,"job_publisher":"ZipRecruiter","job_employment_type":"Full-time","job_employment_types":["FULLTIME"],"job_apply_link":"https:\/\/www.ziprecruiter.com\/c\/SAIC\/Job\/Senior-Website-Developer-with-Security-Clearance\/-in-Arlington,VA?jid=f29ce6705015a3a8&utm_campaign=google_jobs_apply&utm_source=google_jobs_apply&utm_medium=organic","job_apply_is_direct":false,"apply_options":[{"publisher":"ZipRecruiter","apply_link":"https:\/\/www.ziprecruiter.com\/c\/SAIC\/Job\/Senior-Website-Developer-with-Security-Clearance\/-in-Arlington,VA?jid=f29ce6705015a3a8&utm_campaign=google_jobs_apply&utm_source=google_jobs_apply&utm_medium=organic","is_direct":false},{"publisher":"LinkedIn","apply_link":"https:\/\/www.linkedin.com\/jobs\/view\/senior-website-developer-at-saic-4338003397?utm_campaign=google_jobs_apply&utm_source=google_jobs_apply&utm_medium=organic","is_direct":false},{"publisher":"Dice","apply_link":"https:\/\/www.dice.com\/job-detail\/1b92e763-1db9-4abf-8fa4-ab1081546a41?utm_campaign=google_jobs_apply&utm_source=google_jobs_apply&utm_medium=organic","is_direct":false},{"publisher":"SimplyHired","apply_link":"https:\/\/www.simplyhired.com\/job\/51Mx4KrTWRvRT15TuN26yyR1pX7KFGFSYoOqwwa4zpTAswvjzZYBHA?utm_campaign=google_jobs_apply&utm_source=google_jobs_apply&utm_medium=organic","is_direct":false},{"publisher":"Indeed","apply_link":"https:\/\/www.indeed.com\/viewjob?jk=30c1788880ac65bc&utm_campaign=google_jobs_apply&utm_source=google_jobs_apply&utm_medium=organic","is_direct":false},{"publisher":"Glassdoor","apply_link":"https:\/\/www.glassdoor.com\/job-listing\/senior-website-developer-saic-JV_IC1130337_KO0,24_KE25,29.htm?jl=1009932523309&utm_campaign=google_jobs_apply&utm_source=google_jobs_apply&utm_medium=organic","is_direct":false},{"publisher":"Talentify","apply_link":"https:\/\/www.talentify.io\/job\/senior-website-developer-arlington-virginia-us-saic-52153359?utm_campaign=google_jobs_apply&utm_source=google_jobs_apply&utm_medium=organic","is_direct":false},{"publisher":"Adzuna","apply_link":"https:\/\/www.adzuna.com\/details\/5487648104?utm_campaign=google_jobs_apply&utm_source=google_jobs_apply&utm_medium=organic","is_direct":false}],"job_description":"Job ID: 2511383\n\nLocation: ARLINGTON, VA, US\n\nDate Posted: 2025-11-06\n\nCategory: Communications\n\nSubcategory: Communications\n\nSchedule: Full-time\n\nShift: Day Job\n\nTravel: Yes, 10 % of the Time\n\nMinimum Clearance Required: Secret\n\nClearance Level Must Be Able to Obtain: TS\/SCI\n\nPotential for Remote Work: Yes\n\nDescription\n\nSAIC is looking for an experienced Senior Website Developer to join our Strategic Communication and Outreach team supporting the Office of the Under Secretary of Research and Engineering (OUSW(R&E)). In this role, you will work independently within a small team of public affairs analysts, graphic designers, and website developers to ensure cohesive and effective communication strategies across the organization. The position is Hybrid Remote. When onsite work will be in Arlington, VA and\/or Alexandria, VA.\n\nKey Responsibilities:\n\u2022 Interact with a small team of public affairs analysts, graphic designers, and website developers to ensure the effective execution of communication strategies.\n\u2022 Support the creation of visual and digital content that aligns with OUSD(R&E) communication goals.\n\u2022 Facilitate collaboration among team members to produce high-quality communication materials.\n\u2022 Ensure timely updates to team deadlines and assist in delivering consistent, accurate, and impactful messages across all platforms.\n\u2022 Review, analyze, and recommend solutions to PA-related challenges, and track issues and problems through to resolution.\n\u2022 Respond to related questions and correspondence regarding PA challenges.\n\u2022 Support the social media manager in drafting, editing, and publishing LinkedIn posts in support of the R&E enterprise, subordinate organizations, stakeholders, and the Department of Defense.\n\u2022 Track media activities and the information environment, including the creation of daily media clips.\n\u2022 Develop and execute strategic communications and external communications activities in support of OUSD(R&E) responsibilities, priorities, and objectives.\n\u2022 Track public speaking engagements, media activities, and other external outreach for the entire OUSD(R&E) organization.\n\u2022 Meet on a recurring basis with R&E leadership and OSD(PA) counterparts to ensure synchronization and coordination of public engagement, media, and other external outreach activities across the OUSD(R&E) enterprise.\n\u2022 Provide recommendations to OUSD(R&E) leadership on public affairs and strategic communications activities that will advance OUSD(R&E) messaging priorities.\n\u2022 Coordinate media activities, including interview preparations and the creation of quotes for senior leaders, in response to media queries.\n\u2022 Edit and create weekly activity reports for amplification to the Office of the Under Secretary of Defense as needed.\n\nQualifications\n\nRequired Qualifications:\n\u2022 U.S. citizenship and an active Secret clearance.\n\u2022 Ability to obtain a TS\/SCI clearance required to maintain employment.\n\u2022 Bachelor's degree in Computer Science, Information Technology, Communications or related field and eight (8) years of experience.\n\u2022 At least five (5) years of experience in the web development.\n\u2022 Proficiency in coding languages like HTML, CSS, and JavaScript, strong problem-solving skills, and an understanding of both front-end and back-end development.\n\u2022 Familiarity with version control and collaborative platforms such as GitHub.\n\u2022 Experience implementing approved updates and requests with custom development utilizing tools such as SharePoint Developer, WordPress and MS Visual Studio.\n\u2022 Experience writing, editing, and performing research to develop comprehensive written products. .\n\u2022 Awareness of incorporating strategic-level communications priorities with organization communications priorities into digestible, easy-to-understand products.\n\u2022 Familiarization with operational-level strategic communications activities and coordination.\n\u2022 Understanding of Associated Press style guide.\n\u2022 Understanding of the DoD Public Affairs process, including how to engage with the web design, media and via public events.\n\u2022 Demonstrated ability to interface with senior level officials within OUSD(R&E), OSD(PA), and across stakeholder organizations.","job_is_remote":false,"job_posted_at":"5 days ago","job_posted_at_timestamp":1762387200,"job_posted_at_datetime_utc":"2025-11-06T00:00:00.000Z","job_location":"Arlington, VA","job_city":"Arlington","job_state":"Virginia","job_country":"US","job_latitude":38.8816208,"job_longitude":-77.09098089999999,"job_benefits":null,"job_google_link":"https:\/\/www.google.com\/search?q=jobs&gl=us&hl=en&udm=8#vhid=vt%3D20\/docid%3DVuaRI58i69uukMmKAAAAAA%3D%3D&vssid=jobs-detail-viewer","job_salary":null,"job_min_salary":null,"job_max_salary":null,"job_salary_period":null,"job_highlights":{"Qualifications":["Clearance Level Must Be Able to Obtain: TS\/SCI","Potential for Remote Work: Yes","U.S. citizenship and an active Secret clearance","Ability to obtain a TS\/SCI clearance required to maintain employment","Bachelor's degree in Computer Science, Information Technology, Communications or related field and eight (8) years of experience","At least five (5) years of experience in the web development","Proficiency in coding languages like HTML, CSS, and JavaScript, strong problem-solving skills, and an understanding of both front-end and back-end development","Familiarity with version control and collaborative platforms such as GitHub","Experience implementing approved updates and requests with custom development utilizing tools such as SharePoint Developer, WordPress and MS Visual Studio","Experience writing, editing, and performing research to develop comprehensive written products","Awareness of incorporating strategic-level communications priorities with organization communications priorities into digestible, easy-to-understand products","Familiarization with operational-level strategic communications activities and coordination","Understanding of Associated Press style guide","Understanding of the DoD Public Affairs process, including how to engage with the web design, media and via public events","Demonstrated ability to interface with senior level officials within OUSD(R&E), OSD(PA), and across stakeholder organizations"],"Responsibilities":["Travel: Yes, 10 % of the Time","In this role, you will work independently within a small team of public affairs analysts, graphic designers, and website developers to ensure cohesive and effective communication strategies across the organization","Interact with a small team of public affairs analysts, graphic designers, and website developers to ensure the effective execution of communication strategies","Support the creation of visual and digital content that aligns with OUSD(R&E) communication goals","Facilitate collaboration among team members to produce high-quality communication materials","Ensure timely updates to team deadlines and assist in delivering consistent, accurate, and impactful messages across all platforms","Review, analyze, and recommend solutions to PA-related challenges, and track issues and problems through to resolution","Respond to related questions and correspondence regarding PA challenges","Support the social media manager in drafting, editing, and publishing LinkedIn posts in support of the R&E enterprise, subordinate organizations, stakeholders, and the Department of Defense","Track media activities and the information environment, including the creation of daily media clips","Develop and execute strategic communications and external communications activities in support of OUSD(R&E) responsibilities, priorities, and objectives","Track public speaking engagements, media activities, and other external outreach for the entire OUSD(R&E) organization","Meet on a recurring basis with R&E leadership and OSD(PA) counterparts to ensure synchronization and coordination of public engagement, media, and other external outreach activities across the OUSD(R&E) enterprise","Provide recommendations to OUSD(R&E) leadership on public affairs and strategic communications activities that will advance OUSD(R&E) messaging priorities","Coordinate media activities, including interview preparations and the creation of quotes for senior leaders, in response to media queries","Edit and create weekly activity reports for amplification to the Office of the Under Secretary of Defense as needed"]},"job_onet_soc":"15113400","job_onet_job_zone":"3"},{"job_id":"U4QeEvijudrgM8kRAAAAAA==","job_title":"Web Developer Job at Go Intellects Inc in Washington","employer_name":"Go Intellects Inc","employer_logo":null,"employer_website":"https:\/\/gointellects.com","job_publisher":"Media Bistro","job_employment_type":"Full-time","job_employment_types":["FULLTIME"],"job_apply_link":"https:\/\/www.mediabistro.com\/jobs\/1238875002-web-developer-job-at-go-intellects-inc-in-washington?utm_campaign=google_jobs_apply&utm_source=google_jobs_apply&utm_medium=organic","job_apply_is_direct":false,"apply_options":[{"publisher":"Media Bistro","apply_link":"https:\/\/www.mediabistro.com\/jobs\/1238875002-web-developer-job-at-go-intellects-inc-in-washington?utm_campaign=google_jobs_apply&utm_source=google_jobs_apply&utm_medium=organic","is_direct":false}],"job_description":"The client needs a resource to perform specialized programming and technical work for website in Drupal. This is an ON SITE position.Complete Description:The client is seeking to acquire a Web Developer to support the day-to-day projects within the Digital Service Team. Some of the primary responsibilities of this role would include requirements analysis, designing, modifies, developing, writing and implementing software programming applications and components. The Web Developer role requires a service-oriented mentality, high ownership of the problems and requests assigned, focus on managing and resolving issues in alignment with the SLAs, establishing and maintaining communication with technology customers to keep them updated with request status. Initiating and performing changes on production systems and proactively escalating any issues that cannot be resolved within the established timeframes. Will work closely with client and various District agencies to define needs or issues and analyzes problems and advise on or recommend solutions.Responsibilities:Create, maintain, and troubleshoot custom-coded JavaScript components and Drupal Twig templates.Install and update Node packages.Review pull requests on GitHub.Translate verbal and written requirements from stakeholders into working products.Help with QA testing and bug hunts.How we\u2019ll evaluate your job performanceAdherence to development standards, governance processes, and best practicesMaintenance of professional relationships with colleagues, management, and other stakeholders, while delivering high-quality customer serviceMultitasking in a fast-paced, high-profile environmentEvolution of skill sets and adaptation to innovative technologiesAbility to dive into code and understand how it all works without handholdingOrganization and attention to detailRequirements:The technical skills you need:JavaScript (encompassing vanilla JS, React, JSX, and TypeScript)A front-end framework such as GatsbyJS or NextJSHTML and CSSLocal development using DockerGit version controlExpertise with Drupal 9+ (especially Twig templates)Experience with common programming design patterns (e.g., Strategy, Adapter, Decorator, Observer, etc.)Familiarity with project management software such as Jira, Basecamp, or WrikeCONTRACT JOB DESCRIPTIONResponsibilities:1. Demonstrates expertise in conveying technical and functional concepts for a specific technical specialty.2. Identifies improvements to project standards to achieve high quality services\/ products. This is a professional position which may require subject matter expertise consistent with demanding and rare technological skills.3. May require coordination of programming activities being conducted by the application development team4. Confers with other business and technical personnel to resolve problems of intent, inaccuracy, or feasibility of computer processing and project design.5. Works with necessary personnel to determine if modifications are necessary with interested personnel to determine necessity for modifications or enhancements.6. Leverages excellent written and verbal communication skills to develop new business process and programming solutions as directed by business and technical stakeholders.7. May coordinate activities of application developers.11-8. Able to identify best practices and standards for the use of the product.9. Proven track record of hands-on technical design and code work within large complex systems.10. Proven hands-on technical work with a variety of technologies.11. Demonstrated technical expertise integrating a variety of diverse technical environments and cross-platform technologies.12. Delivers support and design for industry specific applications that require integration with statewide systems or applications.13. Interacts with executive level business users or technical experts.14. Advanced experience in the required technical subject matter.15. May function as a niche technical SME (Subject Matter Expert).16. Has proven experience across large and complex implementations and systems.Minimum Education\/Certification Requirements:Bachelor\u2019s degree in Information Technology or related field or equivalent experience.Compensation: $55.00 per hourApply with Indeed(if you already have a resume on Indeed)Or apply here.* required fieldsFirst Name *Last Name *Email *Phone *Yes, Text Me!I want to get text messages for this job from Go intellects Inc.\n#J-18808-Ljbffr","job_is_remote":false,"job_posted_at":"8 days ago","job_posted_at_timestamp":1762128000,"job_posted_at_datetime_utc":"2025-11-03T00:00:00.000Z","job_location":"Washington, DC","job_city":"Washington","job_state":"District of Columbia","job_country":"US","job_latitude":38.9071923,"job_longitude":-77.0368707,"job_benefits":null,"job_google_link":"https:\/\/www.google.com\/search?q=jobs&gl=us&hl=en&udm=8#vhid=vt%3D20\/docid%3DU4QeEvijudrgM8kRAAAAAA%3D%3D&vssid=jobs-detail-viewer","job_salary":null,"job_min_salary":null,"job_max_salary":null,"job_salary_period":null,"job_highlights":{"Qualifications":["Multitasking in a fast-paced, high-profile environment","Evolution of skill sets and adaptation to innovative technologies","Ability to dive into code and understand how it all works without handholdingOrganization and attention to detail","Requirements:The technical skills you need:JavaScript (encompassing vanilla JS, React, JSX, and TypeScript)A front-end framework such as GatsbyJS or NextJSHTML and CSSLocal development using DockerGit version control","Expertise with Drupal 9+ (especially Twig templates)Experience with common programming design patterns (e.g., Strategy, Adapter, Decorator, Observer, etc.)Familiarity with project management software such as Jira, Basecamp, or WrikeCONTRACT JOB DESCRIPTIONResponsibilities:1","This is a professional position which may require subject matter expertise consistent with demanding and rare technological skills","May require coordination of programming activities being conducted by the application development team4","Confers with other business and technical personnel to resolve problems of intent, inaccuracy, or feasibility of computer processing and project design.5. Works with necessary personnel to determine if modifications are necessary with interested personnel to determine necessity for modifications or enhancements.6. Leverages excellent written and verbal communication skills to develop new business process and programming solutions as directed by business and technical stakeholders","Able to identify best practices and standards for the use of the product.9. Proven track record of hands-on technical design and code work within large complex systems.10","Proven hands-on technical work with a variety of technologies.11","Demonstrated technical expertise integrating a variety of diverse technical environments and cross-platform technologies.12","Interacts with executive level business users or technical experts.14","Advanced experience in the required technical subject matter.15","May function as a niche technical SME (Subject Matter Expert).16. Has proven experience across large and complex implementations and systems","Minimum Education\/Certification Requirements:Bachelor\u2019s degree in Information Technology or related field or equivalent experience.Compensation: $55.00 per hour"],"Responsibilities":["The client needs a resource to perform specialized programming and technical work for website in Drupal","Complete Description:The client is seeking to acquire a Web Developer to support the day-to-day projects within the Digital Service Team","Some of the primary responsibilities of this role would include requirements analysis, designing, modifies, developing, writing and implementing software programming applications and components","The Web Developer role requires a service-oriented mentality, high ownership of the problems and requests assigned, focus on managing and resolving issues in alignment with the SLAs, establishing and maintaining communication with technology customers to keep them updated with request status","Initiating and performing changes on production systems and proactively escalating any issues that cannot be resolved within the established timeframes","Will work closely with client and various District agencies to define needs or issues and analyzes problems and advise on or recommend solutions.Responsibilities:Create, maintain, and troubleshoot custom-coded JavaScript components and Drupal Twig templates","Install and update Node packages","Review pull requests on GitHub","Translate verbal and written requirements from stakeholders into working products","Help with QA testing and bug hunts","Adherence to development standards, governance processes, and best practices","Maintenance of professional relationships with colleagues, management, and other stakeholders, while delivering high-quality customer service","Demonstrates expertise in conveying technical and functional concepts for a specific technical specialty","Identifies improvements to project standards to achieve high quality services\/ products","May coordinate activities of application developers.11-8","Delivers support and design for industry specific applications that require integration with statewide systems or applications.13"]},"job_onet_soc":"15113400","job_onet_job_zone":"3"},{"job_id":"Au6BVTAgKgpbjFjcAAAAAA==","job_title":"Web Application Developer - Senior: TS required to apply; Washington DC","employer_name":"Bow Wave LLC","employer_logo":null,"employer_website":"https:\/\/www.bowwavellc.com","job_publisher":"Indeed","job_employment_type":"Full-time","job_employment_types":["FULLTIME"],"job_apply_link":"https:\/\/www.indeed.com\/viewjob?jk=20c9b5245837f239&utm_campaign=google_jobs_apply&utm_source=google_jobs_apply&utm_medium=organic","job_apply_is_direct":true,"apply_options":[{"publisher":"Indeed","apply_link":"https:\/\/www.indeed.com\/viewjob?jk=20c9b5245837f239&utm_campaign=google_jobs_apply&utm_source=google_jobs_apply&utm_medium=organic","is_direct":true},{"publisher":"ZipRecruiter","apply_link":"https:\/\/www.ziprecruiter.com\/c\/Bow-Wave-LLC\/Job\/Web-Application-Developer-Senior:-TS-required-to-apply;-Washington-DC\/-in-Washington,DC?jid=7524b65b59afb28d&utm_campaign=google_jobs_apply&utm_source=google_jobs_apply&utm_medium=organic","is_direct":true},{"publisher":"Glassdoor","apply_link":"https:\/\/www.glassdoor.com\/job-listing\/web-application-developer-senior-ts-required-to-apply-washington-dc-bow-wave-llc-JV_IC1138213_KO0,67_KE68,80.htm?jl=1009804168367&utm_campaign=google_jobs_apply&utm_source=google_jobs_apply&utm_medium=organic","is_direct":true},{"publisher":"JobGet","apply_link":"https:\/\/www.jobget.com\/jobs\/job\/5de753af-c1b3-4b0d-b33e-26d5df2549bb?utm_campaign=google_jobs_apply&utm_source=google_jobs_apply&utm_medium=organic","is_direct":false},{"publisher":"SimplyHired","apply_link":"https:\/\/www.simplyhired.com\/job\/a7XKnG7cPNdyHlM9W-3z-3VuzmX769MvYJDNZGnkWS9RAJNWXw544w?utm_campaign=google_jobs_apply&utm_source=google_jobs_apply&utm_medium=organic","is_direct":false},{"publisher":"Grupo Techint M\u00e9xico","apply_link":"https:\/\/grupotechint.com.mx\/joblib\/job\/cloud-developer-ts-clearance-to-apply-washington-dc-junior-to-sme-at-bow-wave-llc-washington-dc-d2MrS0VqWHlBQ3BXVllHMXRPK0tkNEs3?utm_campaign=google_jobs_apply&utm_source=google_jobs_apply&utm_medium=organic","is_direct":false},{"publisher":"Alcaraz Automotores","apply_link":"https:\/\/alcarazautomotores.com.ar\/list\/job\/web-application-developer-defense-at-palantir-technologies-washington-dc-Vm9KQjBOdjJuZWZsRlpTRHo3K1FFQVNEaFE9PQ==?utm_campaign=google_jobs_apply&utm_source=google_jobs_apply&utm_medium=organic","is_direct":false},{"publisher":"Adzuna","apply_link":"https:\/\/www.adzuna.com\/details\/5478523013?utm_campaign=google_jobs_apply&utm_source=google_jobs_apply&utm_medium=organic","is_direct":false}],"job_description":"Responsible for designing, testing, and developing well designed web-based software\n\ncoding that is testable, and efficient by using best software development practices to meet\n\nuser's needs\n\nRecommend software upgrades for current and future systems\n\nTranslate the User Interface (UI)\/User Experience (UX) design wireframes, ensuring\n\nsoftware continues to function normally through software maintenance and testing\n\nDocument every aspect of the application, service or environment as a reference for future\n\nmaintenance and upgrades.","job_is_remote":false,"job_posted_at":null,"job_posted_at_timestamp":null,"job_posted_at_datetime_utc":null,"job_location":"Washington, DC","job_city":"Washington","job_state":"District of Columbia","job_country":"US","job_latitude":38.9071923,"job_longitude":-77.0368707,"job_benefits":null,"job_google_link":"https:\/\/www.google.com\/search?q=jobs&gl=us&hl=en&udm=8#vhid=vt%3D20\/docid%3DAu6BVTAgKgpbjFjcAAAAAA%3D%3D&vssid=jobs-detail-viewer","job_min_salary":130000,"job_max_salary":140000,"job_salary_period":"YEAR","job_highlights":{"Responsibilities":["Responsible for designing, testing, and developing well designed web-based software","coding that is testable, and efficient by using best software development practices to meet","Recommend software upgrades for current and future systems","Translate the User Interface (UI)\/User Experience (UX) design wireframes, ensuring","software continues to function normally through software maintenance and testing","Document every aspect of the application, service or environment as a reference for future"]},"job_onet_soc":"15113400","job_onet_job_zone":"3"},{"job_id":"4gdDavV3TJXZ1464AAAAAA==","job_title":"Full Stack Web Developer","employer_name":"CACI","employer_logo":"https:\/\/encrypted-tbn0.gstatic.com\/images?q=tbn:ANd9GcRJNEJaw6QpMSrjrVJa4MRFOq4tReQWc_VV-8Fm&s=0","employer_website":null,"job_publisher":"CACI Careers","job_employment_type":"Full-time","job_employment_types":["FULLTIME"],"job_apply_link":"https:\/\/careers.caci.com\/global\/en\/job\/CACIGLOBAL316267EXTERNALENGLOBAL\/Full-Stack-Web-Developer?utm_campaign=google_jobs_apply&utm_source=google_jobs_apply&utm_medium=organic","job_apply_is_direct":false,"apply_options":[{"publisher":"CACI Careers","apply_link":"https:\/\/careers.caci.com\/global\/en\/job\/CACIGLOBAL316267EXTERNALENGLOBAL\/Full-Stack-Web-Developer?utm_campaign=google_jobs_apply&utm_source=google_jobs_apply&utm_medium=organic","is_direct":false},{"publisher":"CareerOneStop","apply_link":"https:\/\/www.careeronestop.org\/Toolkit\/Jobs\/find-jobs-details.aspx?keyword=Web%2BDevelopers&location=Maryland&radius=25&lang=en&fc=1&jvid=3f50fcb5dfed4b65aab2378eb794c89b8003&detailpage=true&utm_campaign=google_jobs_apply&utm_source=google_jobs_apply&utm_medium=organic","is_direct":false},{"publisher":"Career.io","apply_link":"https:\/\/career.io\/job\/full-stack-web-developer-bethesda-caci-international-inc-db8bbdcf45762cde24a71697a4f887c9?utm_campaign=google_jobs_apply&utm_source=google_jobs_apply&utm_medium=organic","is_direct":false},{"publisher":"Indeed","apply_link":"https:\/\/www.indeed.com\/viewjob?jk=567e247af90bd904&utm_campaign=google_jobs_apply&utm_source=google_jobs_apply&utm_medium=organic","is_direct":false},{"publisher":"ClearedJobs.Net","apply_link":"https:\/\/clearedjobs.net\/job\/full-stack-web-developer-bethesda-maryland-1791364?utm_campaign=google_jobs_apply&utm_source=google_jobs_apply&utm_medium=organic","is_direct":false},{"publisher":"ZipRecruiter","apply_link":"https:\/\/www.ziprecruiter.com\/c\/CACI\/Job\/Full-Stack-Web-Developer\/-in-Bethesda,MD?jid=b266eb55e84dc015&utm_campaign=google_jobs_apply&utm_source=google_jobs_apply&utm_medium=organic","is_direct":false},{"publisher":"LinkedIn","apply_link":"https:\/\/www.linkedin.com\/jobs\/view\/full-stack-web-developer-at-caci-international-inc-4288989499?utm_campaign=google_jobs_apply&utm_source=google_jobs_apply&utm_medium=organic","is_direct":false},{"publisher":"Glassdoor","apply_link":"https:\/\/www.glassdoor.com\/job-listing\/full-stack-web-developer-caci-international-JV_IC1153817_KO0,24_KE25,43.htm?jl=1009850027522&utm_campaign=google_jobs_apply&utm_source=google_jobs_apply&utm_medium=organic","is_direct":false}],"job_description":"Full Stack Web Developer\n\nJob Category: Information Technology\n\nTime Type: Full time\n\nMinimum Clearance Required to Start: TS\/SCI with Polygraph\n\nEmployee Type: Regular\n\nPercentage of Travel Required:\n\nType of Travel:\n\u2022 * *\n\nThe Opportunity:\n\nCACI is seeking a Full Stack Web Developer for custom development capabilities to design and develop integrated web applications with the end goal of providing customers with beautiful, functional, and informative websites, as well as\n\nfunctional data repositories. You\u2019ll be supporting three major customer platforms that provide website hosting services, these platforms include a custom development environment, a WordPress development environment, as well as a\n\nSharePoint development environment. All platforms use a multitude of data source standards such as REST\/OData\/OAuth to employ your knowledge of information management capabilities across a variety of our customer\u2019s development platforms and scenarios.\n\nResponsibilities\n\n\u2022 Work with programming languages and scripting methods including Python, PHP, Java, Bash, HTML, CSS, JavaScript, and jQuery\n\n\u2022 Develop SharePoint sites and support SharePoint operation and maintenance activities for all customers, to include design work and prototyping, file and document management, and plan and participation in data migration and data\n\ndisposition activities.\n\n\u2022 Develop WordPress websites and support operation and maintenance activities for all customers, to include data migration and data disposition activities.\n\n\u2022 Develop custom websites for customers and support operation and maintenance activities for all customers to include data migration and data disposition activities.\n\n\u2022 Integrate and develop multiple data sources to provide customized dashboards for senior management and government clients.\n\n\u2022 Support the contract by serving as the technical subject matter expert for all three platforms for all software developers performing web development activities across all three platforms. This also includes planning, requirements gathering, and cost estimation activities.\n\n\u2022 Escalate and\/or mitigate technical impediments across the program for all web developers.\n\n\u2022 Experience utilizing DEVOPs tools such as a version control system\n\n\u2022 Support development activities with peer reviews, software testing, documentation, and training activities as appropriate.\n\n\u2022 Lead customer focused events and forums to help improve customer capabilities across the customer\u2019s organization.\n\nRequired:\n\n\u2022 TS\/SCI w\/ Poly Clearance is required\n\n\u2022 Experience with Information Technology Infrastructure Library (ITIL) Framework, high availability, and enterprise infrastructure.\n\n\u2022 Experience using PHP applications (WordPress, Joomla, and Drupal)\n\n\u2022 Proven expertise developing in SharePoint, WordPress, and custom web development platforms.\n\n\u2022 Experience in developing using the following scripting languages: Python, PHP, Java, Bash, HTML, CSS, JavaScript, and jQuery\n\n\u2022 Experience with 508 compliance\n\n\u2022 Knowledge of Agile methodologies utilizing ServiceNow\n\n\u2022 Develops and implements innovative products, processes, standards or operational plans achieved through research and integration of best practices that will have impact on the achievement of functional results of a project or system\n\n\u2022 Experience communicating with executive leadership\n\n\u2022 Experience providing technical support\/direction to lower-level teammates and\/or Team Lead experience\n\n\u2022 BA\/BS degree and 7 years of experience. In lieu of a bachelor\u2019s degree, 9 additional years of experience if AA\/AS, or 4 additional years of experience with HS diploma\n\nMust remain on the client site during Program core hours of 0900-1500.\n\nDesired:\n\n\u2022 Microsoft SharePoint certification (MCSA, MTA), Teamwork Administrator, Power Platform certification, 365 Certification\n\n\u2022 Knowledge of developing for Azure or AWS cloud environments\n\n\u2022 Website design experience\n\nThis position is contingent on funding and may not be filled immediately. However, this position is representative of positions within CACI that are consistently available. Individuals who apply may also be considered for other positions at CACI.\n\n________________________________________________________________________________________\n\nWhat You Can Expect:\n\nA culture of integrity.\n\nAt CACI, we place character and innovation at the center of everything we do. As a valued team member, you\u2019ll be part of a high-performing group dedicated to our customer\u2019s missions and driven by a higher purpose \u2013 to ensure the safety of our nation.\n\nAn environment of trust.\n\nCACI values the unique contributions that every employee brings to our company and our customers - every day. You\u2019ll have the autonomy to take the time you need through a unique flexible time off benefit and have access to robust learning resources to make your ambitions a reality.\n\nA focus on continuous growth.\n\nTogether, we will advance our nation's most critical missions, build on our lengthy track record of business success, and find opportunities to break new ground \u2014 in your career and in our legacy.\n\nYour potential is limitless. So is ours.\n\nLearn more about CACI here.\n\n________________________________________________________________________________________\n\nPay Range: There are a host of factors that can influence final salary including, but not limited to, geographic location, Federal Government contract labor categories and contract wage rates, relevant prior work experience, specific skills and competencies, education, and certifications. Our employees value the flexibility at CACI that allows them to balance quality work and their personal lives. We offer competitive compensation, benefits and learning and development opportunities. Our broad and competitive mix of benefits options is designed to support and protect employees and their families. At CACI, you will receive comprehensive benefits such as; healthcare, wellness, financial, retirement, family support, continuing education, and time off benefits. Learn more here.\n\nThe proposed salary range for this position is:\n$103,800 - $218,100\n\nCACI is an Equal Opportunity Employer. All qualified applicants will receive consideration for employment without regard to race, color, religion, sex, pregnancy, sexual orientation, age, national origin, disability, status as a protected veteran, or any other protected characteristic.","job_is_remote":false,"job_posted_at":null,"job_posted_at_timestamp":null,"job_posted_at_datetime_utc":null,"job_location":"Bethesda, MD","job_city":"Bethesda","job_state":"Maryland","job_country":"US","job_latitude":38.9848328,"job_longitude":-77.09431719999999,"job_benefits":["health_insurance","paid_time_off"],"job_google_link":"https:\/\/www.google.com\/search?q=jobs&gl=us&hl=en&udm=8#vhid=vt%3D20\/docid%3D4gdDavV3TJXZ1464AAAAAA%3D%3D&vssid=jobs-detail-viewer","job_salary":null,"job_min_salary":null,"job_max_salary":null,"job_salary_period":null,"job_highlights":{"Qualifications":["Minimum Clearance Required to Start: TS\/SCI with Polygraph","TS\/SCI w\/ Poly Clearance is required","Experience with Information Technology Infrastructure Library (ITIL) Framework, high availability, and enterprise infrastructure","Experience using PHP applications (WordPress, Joomla, and Drupal)","Proven expertise developing in SharePoint, WordPress, and custom web development platforms","Experience in developing using the following scripting languages: Python, PHP, Java, Bash, HTML, CSS, JavaScript, and jQuery","Experience with 508 compliance","Knowledge of Agile methodologies utilizing ServiceNow","Develops and implements innovative products, processes, standards or operational plans achieved through research and integration of best practices that will have impact on the achievement of functional results of a project or system","Experience communicating with executive leadership","Experience providing technical support\/direction to lower-level teammates and\/or Team Lead experience","BA\/BS degree and 7 years of experience","In lieu of a bachelor\u2019s degree, 9 additional years of experience if AA\/AS, or 4 additional years of experience with HS diploma"],"Benefits":["CACI values the unique contributions that every employee brings to our company and our customers - every day","You\u2019ll have the autonomy to take the time you need through a unique flexible time off benefit and have access to robust learning resources to make your ambitions a reality","A focus on continuous growth","Pay Range: There are a host of factors that can influence final salary including, but not limited to, geographic location, Federal Government contract labor categories and contract wage rates, relevant prior work experience, specific skills and competencies, education, and certifications","Our employees value the flexibility at CACI that allows them to balance quality work and their personal lives","We offer competitive compensation, benefits and learning and development opportunities","Our broad and competitive mix of benefits options is designed to support and protect employees and their families","At CACI, you will receive comprehensive benefits such as; healthcare, wellness, financial, retirement, family support, continuing education, and time off benefits","$103,800 - $218,100"],"Responsibilities":["You\u2019ll be supporting three major customer platforms that provide website hosting services, these platforms include a custom development environment, a WordPress development environment, as well as a","Work with programming languages and scripting methods including Python, PHP, Java, Bash, HTML, CSS, JavaScript, and jQuery","Develop SharePoint sites and support SharePoint operation and maintenance activities for all customers, to include design work and prototyping, file and document management, and plan and participation in data migration and data","disposition activities","Develop WordPress websites and support operation and maintenance activities for all customers, to include data migration and data disposition activities","Develop custom websites for customers and support operation and maintenance activities for all customers to include data migration and data disposition activities","Integrate and develop multiple data sources to provide customized dashboards for senior management and government clients","Support the contract by serving as the technical subject matter expert for all three platforms for all software developers performing web development activities across all three platforms","This also includes planning, requirements gathering, and cost estimation activities","Escalate and\/or mitigate technical impediments across the program for all web developers","Experience utilizing DEVOPs tools such as a version control system","Support development activities with peer reviews, software testing, documentation, and training activities as appropriate","Lead customer focused events and forums to help improve customer capabilities across the customer\u2019s organization","Must remain on the client site during Program core hours of 0900-1500"]},"job_onet_soc":"15113300","job_onet_job_zone":"4"},{"job_id":"siEtNOCUQHgd_-24AAAAAA==","job_title":"RICEFW Technologies,Inc is hiring: Web Developer in Washington","employer_name":"RICEFW Technologies,Inc","employer_logo":"https:\/\/encrypted-tbn0.gstatic.com\/images?q=tbn:ANd9GcQ3MULltZ_yev9hQ_WBeSafQ80UQ6iOl_q8jZ2x&s=0","employer_website":null,"job_publisher":"Media Bistro","job_employment_type":"Full-time","job_employment_types":["FULLTIME"],"job_apply_link":"https:\/\/www.mediabistro.com\/jobs\/1666453166-ricefw-technologiesinc-is-hiring-web-developer-in-washington?utm_campaign=google_jobs_apply&utm_source=google_jobs_apply&utm_medium=organic","job_apply_is_direct":false,"apply_options":[{"publisher":"Media Bistro","apply_link":"https:\/\/www.mediabistro.com\/jobs\/1666453166-ricefw-technologiesinc-is-hiring-web-developer-in-washington?utm_campaign=google_jobs_apply&utm_source=google_jobs_apply&utm_medium=organic","is_direct":false}],"job_description":"Reputed US IT Staffing Company based in USA, RICEFW Technologies.\nJob Description Washington, DC has a 6+ month contract position for a WEB DEVELOPER (Web Analytics Implementation Developer). This position will be based in Washington D.C and will work with existing teams to develop scalable analytics solutions.\nResponsibilities include:\nDesign customized solutions and technical tag implementation strategies\nUpgrade analytics implementation on PDU site\nWork with teams to design and implement Tag Management Solution\nWork with development team to implement Adobe Test and Target\nCompile specifications, review, draft and\/or provide input to solution architecture\nIntegrate Adobe DTM and Target with CMS platforms\nMaintain and update existing Omniture solution by working with various stakeholders\nSupport technical teams to troubleshoot and implement Omniture, Google and other tracking solutions\nDevelop innovative strategies for tracking and tagging, and partner with other teams to define and perform quality assurance testing activities to ensure accurate and efficient data collection\nWork with developers and business teams, as needed, to communicate what the implementation is designed to accomplish; define and manipulate JavaScript functions that need to be executed and provide consultative direction to the development team around best practices and standards\nDiagnose issues with existing platform configurations and tags, and provide recommendations for improvement\nDirect data layer implementation on site and pages across website properties\nWork with third parties to resolve discrepancies or platform issues\nMaintain working knowledge of industry best practices and changes in analytics platforms, and identify how they impact and can grow the capability\nSpecific Requirements:\n7+ years in Internet related web and\/or analytical development for a public-facing internet web site. (Candidate must have prior experience with intranet\/internet web sites development)\nBachelors or Masters in computer science or related field\nExperience in implementing scalable Analytics solutions\nHands on experience in implementing Omniture and maintaining Javascript libraries\nHands on knowledge with Adobe DTM, SiteCatalyst and Target\nFront-end web development experience with Javascript, CSS, HTML\nExperience with performance testing tools\nAny scripting language knowledge a plus\nKnowledge of modern web development practices such as Git, SVN, Maven and Agile development\nMotivation and an interest in enhancing skills and learning new technologies\nThe ability to work independently with minimal oversight while delivering outstanding results\nStrong written and verbal communication skills\nRequired Skills: Adobe Analytics; DTM; Knowledge of multisite analytics solution design; Javascript; Extensive experience in developing Analytics strategies\nAdditional Information All your information will be kept confidential according to EEO guidelines.\n\n#J-18808-Ljbffr","job_is_remote":false,"job_posted_at":"2 days ago","job_posted_at_timestamp":1762646400,"job_posted_at_datetime_utc":"2025-11-09T00:00:00.000Z","job_location":"Washington, DC","job_city":"Washington","job_state":"District of Columbia","job_country":"US","job_latitude":38.9071923,"job_longitude":-77.0368707,"job_benefits":null,"job_google_link":"https:\/\/www.google.com\/search?q=jobs&gl=us&hl=en&udm=8#vhid=vt%3D20\/docid%3DsiEtNOCUQHgd_-24AAAAAA%3D%3D&vssid=jobs-detail-viewer","job_salary":null,"job_min_salary":null,"job_max_salary":null,"job_salary_period":null,"job_highlights":{"Qualifications":["7+ years in Internet related web and\/or analytical development for a public-facing internet web site","(Candidate must have prior experience with intranet\/internet web sites development)","Bachelors or Masters in computer science or related field","Experience in implementing scalable Analytics solutions","Hands on experience in implementing Omniture and maintaining Javascript libraries","Hands on knowledge with Adobe DTM, SiteCatalyst and Target","Front-end web development experience with Javascript, CSS, HTML","Experience with performance testing tools","Knowledge of modern web development practices such as Git, SVN, Maven and Agile development","Motivation and an interest in enhancing skills and learning new technologies","The ability to work independently with minimal oversight while delivering outstanding results","Strong written and verbal communication skills","Required Skills: Adobe Analytics; DTM; Knowledge of multisite analytics solution design; Javascript; Extensive experience in developing Analytics strategies"],"Responsibilities":["This position will be based in Washington D.C and will work with existing teams to develop scalable analytics solutions","Design customized solutions and technical tag implementation strategies","Upgrade analytics implementation on PDU site","Work with teams to design and implement Tag Management Solution","Work with development team to implement Adobe Test and Target","Compile specifications, review, draft and\/or provide input to solution architecture","Integrate Adobe DTM and Target with CMS platforms","Maintain and update existing Omniture solution by working with various stakeholders","Support technical teams to troubleshoot and implement Omniture, Google and other tracking solutions","Develop innovative strategies for tracking and tagging, and partner with other teams to define and perform quality assurance testing activities to ensure accurate and efficient data collection","Work with developers and business teams, as needed, to communicate what the implementation is designed to accomplish; define and manipulate JavaScript functions that need to be executed and provide consultative direction to the development team around best practices and standards","Diagnose issues with existing platform configurations and tags, and provide recommendations for improvement","Direct data layer implementation on site and pages across website properties","Work with third parties to resolve discrepancies or platform issues","Maintain working knowledge of industry best practices and changes in analytics platforms, and identify how they impact and can grow the capability"]},"job_onet_soc":"15113400","job_onet_job_zone":"3"}]}