{"status":"OK","request_id":"e5fa52c0-5f36-4f69-ba27-89fcd3ca3b5a","parameters":{"query":"data analyst","page":1,"num_pages":1,"country":"us","language":"en"},"data":[{"job_id":"BLt0j2CKqWrj2q8bAAAAAA==","job_title":"DoD Energy Data Analyst","employer_name":"LMI","employer_logo":"https:\/\/encrypted-tbn0.gstatic.com\/images?q=tbn:ANd9GcQh6J6r1ZTP8hY3sy7SguiTJIs1nVZhXVjgJefe&s=0","employer_website":null,"job_publisher":"LinkedIn","job_employment_type":"Full-time","job_employment_types":["FULLTIME"],"job_apply_link":"https:\/\/www.linkedin.com\/jobs\/view\/dod-energy-data-analyst-at-lmi-4335294539?utm_campaign=google_jobs_apply&utm_source=google_jobs_apply&utm_medium=organic","job_apply_is_direct":false,"apply_options":[{"publisher":"LinkedIn","apply_link":"https:\/\/www.linkedin.com\/jobs\/view\/dod-energy-data-analyst-at-lmi-4335294539?utm_campaign=google_jobs_apply&utm_source=google_jobs_apply&utm_medium=organic","is_direct":false},{"publisher":"Indeed","apply_link":"https:\/\/www.indeed.com\/viewjob?jk=5868c76ff8ce3634&utm_campaign=google_jobs_apply&utm_source=google_jobs_apply&utm_medium=organic","is_direct":false},{"publisher":"LMI - ICIMS","apply_link":"https:\/\/careers-lmi.icims.com\/jobs\/13350\/dod-energy-data-analyst\/job?utm_campaign=google_jobs_apply&utm_source=google_jobs_apply&utm_medium=organic","is_direct":true},{"publisher":"Monster","apply_link":"https:\/\/www.monster.com\/job-openings\/dod-energy-data-analyst--6e01a404-937b-4666-a06e-fed99884733d?utm_campaign=google_jobs_apply&utm_source=google_jobs_apply&utm_medium=organic","is_direct":false},{"publisher":"ZipRecruiter","apply_link":"https:\/\/www.ziprecruiter.com\/c\/LMI-Government-Consulting-(Logistics-Management-Institute)\/Job\/DoD-Energy-Data-Analyst-with-Security-Clearance\/-in-Washington,DC?jid=997fc2f567a0ce10&utm_campaign=google_jobs_apply&utm_source=google_jobs_apply&utm_medium=organic","is_direct":false},{"publisher":"Ladders","apply_link":"https:\/\/www.theladders.com\/job\/dod-energy-data-analyst-logisticsmanagementinstitute-washington-dc_84360540?utm_campaign=google_jobs_apply&utm_source=google_jobs_apply&utm_medium=organic","is_direct":false},{"publisher":"SimplyHired","apply_link":"https:\/\/www.simplyhired.com\/job\/GhjyZQR9L5EAYX9EFyMTd5_EC2ez56SmxCo7vMfvpUks5DlXHJHgBA?utm_campaign=google_jobs_apply&utm_source=google_jobs_apply&utm_medium=organic","is_direct":false},{"publisher":"Snagajob","apply_link":"https:\/\/www.snagajob.com\/jobs\/1185304628?utm_campaign=google_jobs_apply&utm_source=google_jobs_apply&utm_medium=organic","is_direct":false}],"job_description":"Overview\n\nLMI seeks an Energy Data Analyst to support, improve and expand energy efficiencies and capabilities for a current Federal client. LMI is a consultancy dedicated to powering a future-ready, high-performing government, drawing from expertise in cloud technical solutions, logistics, and management advisory services. We deliver integrated capabilities that incorporate emerging technologies and are tailored to customers\u2019 unique mission needs, backed by objective research, modernization strategies, and cloud services. Founded in 1961 to help the Department of Defense resolve complex logistics management challenges, LMI continues to enable growth and transformation, enhance operational readiness and resiliency, and ensure mission success for federal civilian and defense agencies.\n\nLMI has been named a 2024 #BestPlacestoWork in the United States by Built In! We are honored to be recognized as a company that values a people-centered culture, and we are grateful to our employees for making this possible!\n\nResponsibilities\n\u2022 Support the client with analysis of energy use, distribution, generation, storage, and management.\n\u2022 Support statistical modeling of energy needs.\n\u2022 Support operations research and other data analytical methods to facilitate decision making and justify resource allocation.\n\u2022 Provide support for the transition of the client to become a data-driven organization.\n\u2022 Support in-depth analysis to facilitate informed decision making and policy development.\n\u2022 Provide support and direct development for data collection, data quality assurance, and in-depth analysis related to operational energy.\n\nQualifications\n\u2022 Competence in quantitative methods and applied mathematics\n\u2022 Understanding of the fundamental concepts and techniques of operations research to installation energy and operational energy challenges.\n\u2022 Experience developing models and simulations and synthesizing information into quantitative and qualitative assessments to support senior leader decision- making.\n\u2022 Bachelor\u2019s Degree in: Operations Research, Engineering, Mathematics, Computer Science, Economics or Management Science.\n\u2022 Knowledge and understanding of, and practical experience in, the application of quality management and assurance techniques.\n\u2022 Clearance: Secret Clearance Eligible\n\nTarget salary range: $81,000 - $115,000\n\nDisclaimer\n\nThe salary range displayed represents the typical salary range for this position and is not a guarantee of compensation. Individual salaries are determined by various factors including, but not limited to location, internal equity, business considerations, client contract requirements, and candidate qualifications, such as education, experience, skills, and security clearances.","job_is_remote":false,"job_posted_at":"1 day ago","job_posted_at_timestamp":1762732800,"job_posted_at_datetime_utc":"2025-11-10T00:00:00.000Z","job_location":"Washington, DC","job_city":"Washington","job_state":"District of Columbia","job_country":"US","job_latitude":38.9071923,"job_longitude":-77.0368707,"job_benefits":null,"job_google_link":"https:\/\/www.google.com\/search?q=jobs&gl=us&hl=en&udm=8#vhid=vt%3D20\/docid%3DBLt0j2CKqWrj2q8bAAAAAA%3D%3D&vssid=jobs-detail-viewer","job_salary":null,"job_min_salary":null,"job_max_salary":null,"job_salary_period":null,"job_highlights":{"Qualifications":["Competence in quantitative methods and applied mathematics","Understanding of the fundamental concepts and techniques of operations research to installation energy and operational energy challenges","Experience developing models and simulations and synthesizing information into quantitative and qualitative assessments to support senior leader decision- making","Bachelor\u2019s Degree in: Operations Research, Engineering, Mathematics, Computer Science, Economics or Management Science","Knowledge and understanding of, and practical experience in, the application of quality management and assurance techniques","Clearance: Secret Clearance Eligible"],"Benefits":["Target salary range: $81,000 - $115,000"],"Responsibilities":["LMI seeks an Energy Data Analyst to support, improve and expand energy efficiencies and capabilities for a current Federal client","Support the client with analysis of energy use, distribution, generation, storage, and management","Support statistical modeling of energy needs","Support operations research and other data analytical methods to facilitate decision making and justify resource allocation","Provide support for the transition of the client to become a data-driven organization","Support in-depth analysis to facilitate informed decision making and policy development","Provide support and direct development for data collection, data quality assurance, and in-depth analysis related to operational energy"]},"job_onet_soc":"43911100","job_onet_job_zone":"4"},{"job_id":"Rprb3wNHxkB0V6DLAAAAAA==","job_title":"Sr. Associate, Data Analyst","employer_name":"Capital One","employer_logo":"https:\/\/encrypted-tbn0.gstatic.com\/images?q=tbn:ANd9GcQ7KR6ddAhl_bRXOgLnoqaEtirI8iHcZyNzObjR&s=0","employer_website":"https:\/\/www.capitalone.com","job_publisher":"LinkedIn","job_employment_type":"Full-time","job_employment_types":["FULLTIME"],"job_apply_link":"https:\/\/www.linkedin.com\/jobs\/view\/sr-associate-data-analyst-at-capital-one-4335545794?utm_campaign=google_jobs_apply&utm_source=google_jobs_apply&utm_medium=organic","job_apply_is_direct":false,"apply_options":[{"publisher":"LinkedIn","apply_link":"https:\/\/www.linkedin.com\/jobs\/view\/sr-associate-data-analyst-at-capital-one-4335545794?utm_campaign=google_jobs_apply&utm_source=google_jobs_apply&utm_medium=organic","is_direct":false},{"publisher":"Indeed","apply_link":"https:\/\/www.indeed.com\/viewjob?jk=c25ae1090d707e32&utm_campaign=google_jobs_apply&utm_source=google_jobs_apply&utm_medium=organic","is_direct":false},{"publisher":"SimplyHired","apply_link":"https:\/\/www.simplyhired.com\/job\/_0PE7AvtYn-uGATUCtA8DXgG5u9z0bYHXyv12ASzkZanjnJENjDT3Q?utm_campaign=google_jobs_apply&utm_source=google_jobs_apply&utm_medium=organic","is_direct":false}],"job_description":"At Capital One, data is at the center of everything we do. When we launched as a startup we disrupted the credit card industry by individually personalizing every credit card offer using statistical modeling and the relational database, cutting edge technology in 1988! Fast-forward a few years, and this little innovation and our passion for data has skyrocketed us to a Fortune 200 company and a leader in the world of data-driven decision-making.\n\nAs a Data Analyst at Capital One you will leverage analytic and technical skills to innovate, build, and maintain well-managed data solutions and capabilities to tackle business problems.\n\nOn any given day you will be challenged by three types of work \u2013 Innovation, Business Intelligence and Data Management:\n\nInnovation\n\u2022 Use Open Source\/Digital technologies to mine complex, voluminous, and different varieties of data sources and platforms\n\u2022 Build well-managed data solutions, tools, and capabilities to enable self-service frameworks for data consumers\n\u2022 Demonstrate ability to explore and quickly grasp new technologies to progress varied initiatives\n\nBusiness Intelligence\n\u2022 Partner with the business to provide consultancy and translate the business needs to design and develop tools, techniques, metrics, and dashboards for insights and data visualization\n\u2022 Drive analysis that provides meaningful insights on business strategies\n\nData Management\n\u2022 Drive an understanding and adherence to the principles of data quality management including metadata, lineage, and business definitions\n\u2022 Work collaboratively with appropriate Tech teams to manage security mechanisms and data access governance\n\u2022 Build and execute tools to monitor and report on data quality\n\nOur ideal candidate will have:\n\u2022 Degree specialized in a Science, Technology, Engineering, Mathematics discipline\n\u2022 Scripting experience in (Python, R, Spark, and SQL)\n\u2022 Strong desire and experience with data in various forms (data warehouses\/SQL, unstructured data)\n\u2022 Experience utilizing and developing within Snowflake services\n\nBasic Qualifications\n\u2022 Currently has, or is in the process of obtaining a Bachelor\u2019s Degree in quantitative field (Statistics, Economics, Operations Research, Analytics, Mathematics, Computer Science or a related quantitative field) plus at least 2 years of experience performing data analytics, or currently has, or is in the process of obtaining a Master\u2019s Degree with an expectation that required degree will be obtained on or before the scheduled start date.\n\u2022 At least 1 year of experience working with at least one scripting language\n\u2022 At least 1 year of experience utilizing business intelligence visualization tool\n\u2022 At least 1 year of experience querying, analyzing and working with data languages and platforms\n\nPreferred Qualifications:\n\u2022 Master\u2019s Degree in a Science, Technology, Engineering, Mathematics discipline\n\u2022 At least 2 years of experience coding in Python, R, Spark, or SQL\n\u2022 At least 2 years of experience working within process management and improvement methodologies \u2013 Agile, Lean, Six Sigma, etc.\n\u2022 At least 1 year of experience utilizing and developing within AWS services\n\u2022 At least 1 year of experience working with and demonstrating knowledge of data governance, data quality management concepts and data quality tools (i.e. Informatica DQ)\n\nCapital One will consider sponsoring a new qualified applicant for employment authorization for this position.\n\nThe minimum and maximum full-time annual salaries for this role are listed below, by location. Please note that this salary information is solely for candidates hired to perform work within one of these locations, and refers to the amount Capital One is willing to pay at the time of this posting. Salaries for part-time roles will be prorated based upon the agreed upon number of hours to be regularly worked.\n\nMcLean, VA: $109,000 - $124,400 for Sr. Data Analyst\n\nRichmond, VA: $99,100 - $113,100 for Sr. Data Analyst\n\nCandidates hired to work in other locations will be subject to the pay range associated with that location, and the actual annualized salary amount offered to any candidate at the time of hire will be reflected solely in the candidate\u2019s offer letter.\n\nThis role is also eligible to earn performance based incentive compensation, which may include cash bonus(es) and\/or long term incentives (LTI). Incentives could be discretionary or non discretionary depending on the plan.\n\nCapital One offers a comprehensive, competitive, and inclusive set of health, financial and other benefits that support your total well-being. Learn more at the Capital One Careers website. Eligibility varies based on full or part-time status, exempt or non-exempt status, and management level.\n\nThis role is expected to accept applications for a minimum of 5 business days.\n\nNo agencies please. Capital One is an equal opportunity employer (EOE, including disability\/vet) committed to non-discrimination in compliance with applicable federal, state, and local laws. Capital One promotes a drug-free workplace. Capital One will consider for employment qualified applicants with a criminal history in a manner consistent with the requirements of applicable laws regarding criminal background inquiries, including, to the extent applicable, Article 23-A of the New York Correction Law; San Francisco, California Police Code Article 49, Sections 4901-4920; New York City\u2019s Fair Chance Act; Philadelphia\u2019s Fair Criminal Records Screening Act; and other applicable federal, state, and local laws and regulations regarding criminal background inquiries.\n\nIf you have visited our website in search of information on employment opportunities or to apply for a position, and you require an accommodation, please contact Capital One Recruiting at 1-800-304-9102 or via email at RecruitingAccommodation@capitalone.com. All information you provide will be kept confidential and will be used only to the extent required to provide needed reasonable accommodations.\n\nFor technical support or questions about Capital One's recruiting process, please send an email to Careers@capitalone.com\n\nCapital One does not provide, endorse nor guarantee and is not liable for third-party products, services, educational tools or other information available through this site.\n\nCapital One Financial is made up of several different entities. Please note that any position posted in Canada is for Capital One Canada, any position posted in the United Kingdom is for Capital One Europe and any position posted in the Philippines is for Capital One Philippines Service Corp. (COPSSC).","job_is_remote":false,"job_posted_at":"2 hours ago","job_posted_at_timestamp":1762880400,"job_posted_at_datetime_utc":"2025-11-11T17:00:00.000Z","job_location":"McLean, VA","job_city":"McLean","job_state":"Virginia","job_country":"US","job_latitude":38.9338676,"job_longitude":-77.1772604,"job_benefits":["health_insurance"],"job_google_link":"https:\/\/www.google.com\/search?q=jobs&gl=us&hl=en&udm=8#vhid=vt%3D20\/docid%3DRprb3wNHxkB0V6DLAAAAAA%3D%3D&vssid=jobs-detail-viewer","job_salary":null,"job_min_salary":null,"job_max_salary":null,"job_salary_period":null,"job_highlights":{"Qualifications":["Partner with the business to provide consultancy and translate the business needs to design and develop tools, techniques, metrics, and dashboards for insights and data visualization","Degree specialized in a Science, Technology, Engineering, Mathematics discipline","Scripting experience in (Python, R, Spark, and SQL)","Strong desire and experience with data in various forms (data warehouses\/SQL, unstructured data)","Experience utilizing and developing within Snowflake services","Currently has, or is in the process of obtaining a Bachelor\u2019s Degree in quantitative field (Statistics, Economics, Operations Research, Analytics, Mathematics, Computer Science or a related quantitative field) plus at least 2 years of experience performing data analytics, or currently has, or is in the process of obtaining a Master\u2019s Degree with an expectation that required degree will be obtained on or before the scheduled start date","At least 1 year of experience working with at least one scripting language","At least 1 year of experience utilizing business intelligence visualization tool","At least 1 year of experience querying, analyzing and working with data languages and platforms"],"Benefits":["Salaries for part-time roles will be prorated based upon the agreed upon number of hours to be regularly worked","McLean, VA: $109,000 - $124,400 for Sr","Candidates hired to work in other locations will be subject to the pay range associated with that location, and the actual annualized salary amount offered to any candidate at the time of hire will be reflected solely in the candidate\u2019s offer letter","This role is also eligible to earn performance based incentive compensation, which may include cash bonus(es) and\/or long term incentives (LTI)","Incentives could be discretionary or non discretionary depending on the plan","Capital One offers a comprehensive, competitive, and inclusive set of health, financial and other benefits that support your total well-being"],"Responsibilities":["Use Open Source\/Digital technologies to mine complex, voluminous, and different varieties of data sources and platforms","Build well-managed data solutions, tools, and capabilities to enable self-service frameworks for data consumers","Demonstrate ability to explore and quickly grasp new technologies to progress varied initiatives","Drive analysis that provides meaningful insights on business strategies","Data Management","Drive an understanding and adherence to the principles of data quality management including metadata, lineage, and business definitions","Work collaboratively with appropriate Tech teams to manage security mechanisms and data access governance","Build and execute tools to monitor and report on data quality"]},"job_onet_soc":"43911100","job_onet_job_zone":"4"},{"job_id":"7gVf4GvAY8KCDOD0AAAAAA==","job_title":"Data Analytics Office Lead (O-6 Billet) Supervisory","employer_name":"ERO-DRO-IHSC Public Health Service","employer_logo":null,"employer_website":null,"job_publisher":"USAJobs","job_employment_type":"Full-time","job_employment_types":["FULLTIME"],"job_apply_link":"https:\/\/www.usajobs.gov\/job\/846734000?utm_campaign=google_jobs_apply&utm_source=google_jobs_apply&utm_medium=organic","job_apply_is_direct":false,"apply_options":[{"publisher":"USAJobs","apply_link":"https:\/\/www.usajobs.gov\/job\/846734000?utm_campaign=google_jobs_apply&utm_source=google_jobs_apply&utm_medium=organic","is_direct":false},{"publisher":"Indeed","apply_link":"https:\/\/www.indeed.com\/viewjob?jk=0dae3bb932bf0d25&utm_campaign=google_jobs_apply&utm_source=google_jobs_apply&utm_medium=organic","is_direct":false},{"publisher":"ZipRecruiter","apply_link":"https:\/\/www.ziprecruiter.com\/c\/US-Department-of-Homeland-Security\/Job\/Data-Analytics-Office-Lead-(O-6-Billet)-Supervisory\/-in-Washington,DC?jid=5ae95930945b2b6e&utm_campaign=google_jobs_apply&utm_source=google_jobs_apply&utm_medium=organic","is_direct":true},{"publisher":"LinkedIn","apply_link":"https:\/\/www.linkedin.com\/jobs\/view\/data-analytics-office-lead-o-6-billet-supervisory-at-u-s-immigration-and-customs-enforcement-ice-4310551982?utm_campaign=google_jobs_apply&utm_source=google_jobs_apply&utm_medium=organic","is_direct":false},{"publisher":"SimplyHired","apply_link":"https:\/\/www.simplyhired.com\/job\/nuakQAAnVE1oQLm3kISvj8p41_9ecq5SDUM-MKsTcbnRItAiZxXmFA?utm_campaign=google_jobs_apply&utm_source=google_jobs_apply&utm_medium=organic","is_direct":false},{"publisher":"Glassdoor","apply_link":"https:\/\/www.glassdoor.com\/job-listing\/data-analytics-office-lead-o-6-billet-supervisory-us-immigration-and-customs-enforcement-JV_IC1138213_KO0,49_KE50,88.htm?jl=1009897655577&utm_campaign=google_jobs_apply&utm_source=google_jobs_apply&utm_medium=organic","is_direct":false},{"publisher":"Ladders","apply_link":"https:\/\/www.theladders.com\/job\/data-analytics-office-lead-o-6-billet-supervisory-usgovernment-washington-dc_83715382?utm_campaign=google_jobs_apply&utm_source=google_jobs_apply&utm_medium=organic","is_direct":false},{"publisher":"Bandana.com","apply_link":"https:\/\/bandana.com\/jobs\/9ab25a9c-08fc-4eb3-a490-721ed0bdcfce?utm_campaign=google_jobs_apply&utm_source=google_jobs_apply&utm_medium=organic","is_direct":false}],"job_description":"The Data Analytics Office (DAO) Supervisory Lead oversees data analytics operations for ICE Health Service Corps (IHSC), managing a multidisciplinary team to ensure accurate reporting and data quality. Responsibilities include supervising staff and supporting decision-making. Requires a master's degree in a relevant field, leadership, and expertise in data analytics, governance, and communication.\n\nThis position is only open to USPHS officers and Call to Active Duty (CAD) candidates.","job_is_remote":false,"job_posted_at":null,"job_posted_at_timestamp":null,"job_posted_at_datetime_utc":null,"job_location":"Washington, DC","job_city":"Washington","job_state":"District of Columbia","job_country":"US","job_latitude":38.9071923,"job_longitude":-77.0368707,"job_benefits":null,"job_google_link":"https:\/\/www.google.com\/search?q=jobs&gl=us&hl=en&udm=8#vhid=vt%3D20\/docid%3D7gVf4GvAY8KCDOD0AAAAAA%3D%3D&vssid=jobs-detail-viewer","job_salary":null,"job_min_salary":null,"job_max_salary":null,"job_salary_period":null,"job_highlights":{"Qualifications":["Requires a master's degree in a relevant field, leadership, and expertise in data analytics, governance, and communication","This position is only open to USPHS officers and Call to Active Duty (CAD) candidates"],"Responsibilities":["The Data Analytics Office (DAO) Supervisory Lead oversees data analytics operations for ICE Health Service Corps (IHSC), managing a multidisciplinary team to ensure accurate reporting and data quality","Responsibilities include supervising staff and supporting decision-making"]},"job_onet_soc":"43911100","job_onet_job_zone":"4"},{"job_id":"eFOYTocmxuirMYkhAAAAAA==","job_title":"Data Analyst \u2013 Federal Operations","employer_name":"CACI","employer_logo":"https:\/\/encrypted-tbn0.gstatic.com\/images?q=tbn:ANd9GcRLjg0RzvEUgp9cxAeJo-oNxvP7xXYyg3-AD6lh&s=0","employer_website":null,"job_publisher":"Indeed","job_employment_type":"Full-time","job_employment_types":["FULLTIME"],"job_apply_link":"https:\/\/www.indeed.com\/viewjob?jk=ac6da88505a3029b&utm_campaign=google_jobs_apply&utm_source=google_jobs_apply&utm_medium=organic","job_apply_is_direct":false,"apply_options":[{"publisher":"Indeed","apply_link":"https:\/\/www.indeed.com\/viewjob?jk=ac6da88505a3029b&utm_campaign=google_jobs_apply&utm_source=google_jobs_apply&utm_medium=organic","is_direct":false},{"publisher":"Glassdoor","apply_link":"https:\/\/www.glassdoor.com\/job-listing\/data-analyst-federal-operations-caci-JV_IC1138213_KO0,31_KE32,36.htm?jl=1009904660695&utm_campaign=google_jobs_apply&utm_source=google_jobs_apply&utm_medium=organic","is_direct":false},{"publisher":"LinkedIn","apply_link":"https:\/\/www.linkedin.com\/jobs\/view\/data-analyst-%E2%80%93-federal-operations-at-caci-international-inc-4313296595?utm_campaign=google_jobs_apply&utm_source=google_jobs_apply&utm_medium=organic","is_direct":false},{"publisher":"Bandana.com","apply_link":"https:\/\/bandana.com\/jobs\/125a5cd3-a3ff-4c9c-8aa0-de5880841139?utm_campaign=google_jobs_apply&utm_source=google_jobs_apply&utm_medium=organic","is_direct":false},{"publisher":"SimplyHired","apply_link":"https:\/\/www.simplyhired.com\/job\/bo9JaYPiUBIsc43xEjY2sJJBAGgT2cEWT8bTVFAHCwSKta87sQzyxQ?utm_campaign=google_jobs_apply&utm_source=google_jobs_apply&utm_medium=organic","is_direct":false},{"publisher":"Recruit.net","apply_link":"https:\/\/www.recruit.net\/job\/data-analyst-federal-operations-jobs\/3FF6F43C7316E60D?utm_campaign=google_jobs_apply&utm_source=google_jobs_apply&utm_medium=organic","is_direct":false},{"publisher":"BeBee","apply_link":"https:\/\/us.bebee.com\/job\/60fded14c51265cdf93246d72ab42838?utm_campaign=google_jobs_apply&utm_source=google_jobs_apply&utm_medium=organic","is_direct":false},{"publisher":"Expertini","apply_link":"https:\/\/us.expertini.com\/jobs\/job\/data-analyst-federal-operations-washington-caci-international-scrapinghub23683-caciglobal318504externalenglobalwashingtondistrictofcolumbia\/?utm_campaign=google_jobs_apply&utm_source=google_jobs_apply&utm_medium=organic","is_direct":false}],"job_description":"Data Analyst \u2013 Federal Operations\n\nJob Category: Logistics\n\nTime Type: Full time\n\nMinimum Clearance Required to Start: Top Secret\n\nEmployee Type: Regular\n\nPercentage of Travel Required: Up to 25%\n\nType of Travel: Continental US\n\u2022 * *\n\nThe Opportunity:\n\nCACI is seeking a Data Analyst to support a high-visibility transformation initiative with our Department of Energy (DOE) client. In this role, you\u2019ll contribute directly to reimagining how a major federal agency manages procurement \u2014 enhancing operational efficiency, reducing lead times, and equipping field teams with the tools they need to succeed.\n\nYou won\u2019t just analyze numbers \u2014 you\u2019ll help shape smarter decisions that drive real-world outcomes.\n\nAs part of this long-term modernization effort, you'll be instrumental in helping the agency adopt standardized processes, deploy cost-effective analytics solutions, and increase overall program effectiveness. This is a unique opportunity to work at the heart of government innovation and bring data-driven insights to life.\n\nResponsibilities:\n\nYour daily work will focus on turning complex procurement and inventory data into actionable intelligence for key stakeholders. You'll collaborate with a team of mission-driven professionals to:\n\u2022 Extract, transform, and cleanse procurement and retail inventory data to prepare it for deep analysis.\n\u2022 Apply statistical techniques and forecasting models to uncover trends and patterns in historical data.\n\u2022 Build user-friendly dashboards, databases, and reports that guide data-driven decisions across programs.\n\u2022 Support the development of scalable data models that enhance reporting and analytical performance.\n\u2022 Help bring clarity to complexity \u2014 translating data into stories that inform action\n\nQualifications:\n\nRequired:\n\u2022 One (1+) years of experience in data analytics.\n\u2022 Active security clearance: DoD Top Secret\/Secret or DOE Q or L.\n\u2022 Strong Excel skills, including use of pivot tables, data extraction, and the Data Analysis Toolpak.\n\u2022 Experience building dashboards that manage large datasets and multiple parameters.\n\u2022 Experience developing data-driven performance reporting tools by integrating multiple sources into a comprehensive output.\n\u2022 Excellent attention to detail and accuracy in working with data\n\nDesired:\n\u2022 Bachelor\u2019s degree or higher in a related field such as Business Analytics, Statistics, Operations Research, or Mathematics.\n\u2022 Familiarity with federal procurement, acquisition, or inventory management.\n\u2022 Ability to communicate complex data concepts clearly to non-technical audiences.\n\u2022 Experience with SQL, Python, R, JSON, DAX, or other data programming tools.\n\u2022 Proficiency with data visualization platforms such as Tableau or Power BI\n\n#LI-TF1\n\n________________________________________________________________________________________\n\nWhat You Can Expect:\n\nA culture of integrity.\n\nAt CACI, we place character and innovation at the center of everything we do. As a valued team member, you\u2019ll be part of a high-performing group dedicated to our customer\u2019s missions and driven by a higher purpose \u2013 to ensure the safety of our nation.\n\nAn environment of trust.\n\nCACI values the unique contributions that every employee brings to our company and our customers - every day. You\u2019ll have the autonomy to take the time you need through a unique flexible time off benefit and have access to robust learning resources to make your ambitions a reality.\n\nA focus on continuous growth.\n\nTogether, we will advance our nation's most critical missions, build on our lengthy track record of business success, and find opportunities to break new ground \u2014 in your career and in our legacy.\n\nYour potential is limitless. So is ours.\n\nLearn more about CACI here.\n\n________________________________________________________________________________________\n\nPay Range: There are a host of factors that can influence final salary including, but not limited to, geographic location, Federal Government contract labor categories and contract wage rates, relevant prior work experience, specific skills and competencies, education, and certifications. Our employees value the flexibility at CACI that allows them to balance quality work and their personal lives. We offer competitive compensation, benefits and learning and development opportunities. Our broad and competitive mix of benefits options is designed to support and protect employees and their families. At CACI, you will receive comprehensive benefits such as; healthcare, wellness, financial, retirement, family support, continuing education, and time off benefits. Learn more here.\n\nThe proposed salary range for this position is:\n$49,900 - $100,000\n\nCACI is an Equal Opportunity Employer. All qualified applicants will receive consideration for employment without regard to race, color, religion, sex, pregnancy, sexual orientation, age, national origin, disability, status as a protected veteran, or any other protected characteristic.","job_is_remote":false,"job_posted_at":null,"job_posted_at_timestamp":null,"job_posted_at_datetime_utc":null,"job_location":"Washington, DC","job_city":"Washington","job_state":"District of Columbia","job_country":"US","job_latitude":38.9071923,"job_longitude":-77.0368707,"job_benefits":["paid_time_off","health_insurance"],"job_google_link":"https:\/\/www.google.com\/search?q=jobs&gl=us&hl=en&udm=8#vhid=vt%3D20\/docid%3DeFOYTocmxuirMYkhAAAAAA%3D%3D&vssid=jobs-detail-viewer","job_min_salary":49900,"job_max_salary":100000,"job_salary_period":"YEAR","job_highlights":{"Qualifications":["Minimum Clearance Required to Start: Top Secret","One (1+) years of experience in data analytics","Active security clearance: DoD Top Secret\/Secret or DOE Q or L","Strong Excel skills, including use of pivot tables, data extraction, and the Data Analysis Toolpak","Experience building dashboards that manage large datasets and multiple parameters","Experience developing data-driven performance reporting tools by integrating multiple sources into a comprehensive output","Excellent attention to detail and accuracy in working with data"],"Benefits":["CACI values the unique contributions that every employee brings to our company and our customers - every day","You\u2019ll have the autonomy to take the time you need through a unique flexible time off benefit and have access to robust learning resources to make your ambitions a reality","A focus on continuous growth","Pay Range: There are a host of factors that can influence final salary including, but not limited to, geographic location, Federal Government contract labor categories and contract wage rates, relevant prior work experience, specific skills and competencies, education, and certifications","Our employees value the flexibility at CACI that allows them to balance quality work and their personal lives","We offer competitive compensation, benefits and learning and development opportunities","Our broad and competitive mix of benefits options is designed to support and protect employees and their families","At CACI, you will receive comprehensive benefits such as; healthcare, wellness, financial, retirement, family support, continuing education, and time off benefits","$49,900 - $100,000"],"Responsibilities":["Percentage of Travel Required: Up to 25%","CACI is seeking a Data Analyst to support a high-visibility transformation initiative with our Department of Energy (DOE) client","In this role, you\u2019ll contribute directly to reimagining how a major federal agency manages procurement \u2014 enhancing operational efficiency, reducing lead times, and equipping field teams with the tools they need to succeed","You won\u2019t just analyze numbers \u2014 you\u2019ll help shape smarter decisions that drive real-world outcomes","As part of this long-term modernization effort, you'll be instrumental in helping the agency adopt standardized processes, deploy cost-effective analytics solutions, and increase overall program effectiveness","Your daily work will focus on turning complex procurement and inventory data into actionable intelligence for key stakeholders","You'll collaborate with a team of mission-driven professionals to:","Extract, transform, and cleanse procurement and retail inventory data to prepare it for deep analysis","Apply statistical techniques and forecasting models to uncover trends and patterns in historical data","Build user-friendly dashboards, databases, and reports that guide data-driven decisions across programs","Support the development of scalable data models that enhance reporting and analytical performance","Help bring clarity to complexity \u2014 translating data into stories that inform action"]},"job_onet_soc":"43911100","job_onet_job_zone":"4"},{"job_id":"chjiZdQQZLgw4hPwAAAAAA==","job_title":"Senior Data Analyst - Supply Chain","employer_name":"Spreetail","employer_logo":"https:\/\/encrypted-tbn0.gstatic.com\/images?q=tbn:ANd9GcQ35__6b3KXbrLGux4pdylPj110cyOodgT2ykxo&s=0","employer_website":"https:\/\/www.spreetail.com","job_publisher":"ZipRecruiter","job_employment_type":"Full-time","job_employment_types":["FULLTIME"],"job_apply_link":"https:\/\/www.ziprecruiter.com\/c\/Spreetail\/Job\/Senior-Data-Analyst-Supply-Chain\/-in-Washington,DC?jid=fb892b7c8f8a5c28&utm_campaign=google_jobs_apply&utm_source=google_jobs_apply&utm_medium=organic","job_apply_is_direct":true,"apply_options":[{"publisher":"ZipRecruiter","apply_link":"https:\/\/www.ziprecruiter.com\/c\/Spreetail\/Job\/Senior-Data-Analyst-Supply-Chain\/-in-Washington,DC?jid=fb892b7c8f8a5c28&utm_campaign=google_jobs_apply&utm_source=google_jobs_apply&utm_medium=organic","is_direct":true},{"publisher":"Smart Recruiters Jobs","apply_link":"https:\/\/jobs.smartrecruiters.com\/prosidianconsulting\/744000028532875-supply-chain-analyst-data-analysis-support-doeop029034-?utm_campaign=google_jobs_apply&utm_source=google_jobs_apply&utm_medium=organic","is_direct":false},{"publisher":"Snagajob","apply_link":"https:\/\/www.snagajob.com\/jobs\/1126710155?utm_campaign=google_jobs_apply&utm_source=google_jobs_apply&utm_medium=organic","is_direct":false},{"publisher":"Jobrapido","apply_link":"https:\/\/us.jobrapido.com\/jobpreview\/9015719458391457792?utm_campaign=google_jobs_apply&utm_source=google_jobs_apply&utm_medium=organic","is_direct":true},{"publisher":"WhatJobs","apply_link":"https:\/\/www.whatjobs.com\/jobs\/statistical-analysis?id=2240357259&utm_campaign=google_jobs_apply&utm_source=google_jobs_apply&utm_medium=organic","is_direct":false},{"publisher":"Jobilize","apply_link":"https:\/\/www.jobilize.com\/job\/us-dc-washington-supply-chain-analyst-data-analysis-support-doeop029034?utm_campaign=google_jobs_apply&utm_source=google_jobs_apply&utm_medium=organic","is_direct":false},{"publisher":"Learn4Good","apply_link":"https:\/\/www.learn4good.com\/jobs\/washington\/district-of-columbia\/info_technology\/4579488117\/e\/?utm_campaign=google_jobs_apply&utm_source=google_jobs_apply&utm_medium=organic","is_direct":false}],"job_description":"Spreetail\u202fpropels brands to increase their ecommerce market share across the globe while improving their operational costs. Learn how we are building one of the fastest-growing ecommerce companies in history: www.spreetail.com.\n\nAs a Senior Transportation Analyst, you will conduct an in-depth analysis of transportation data to identify trends, patterns, and opportunities for improvement. You will collaborate with team members to understand their analytics needs and the best possible solutions. responsibilities will include developing, refining, and maintaining key performance indicators (KPIs) to measure the effectiveness and efficiency of transportation operations.\nHow you will achieve success:\n\u2022 Strategy: This role requires equal parts strategic thinking, project management, analytical chops, and the ability to drive execution.\u202f\n\u2022 Continuous Improvement: Continuously develop new processes and enhance existing ones. Frame and solve new problems by leading through a process of discovery, test-and-learn, or rapid prototyping.\u202f\n\u2022 Communication: Excellent written and verbal communication skills at all levels. Strong in developing standard rhythms & reports to highlight the right information up\/down and across the organization.\u202f\n\u2022 Influence: Cross-functional coordination and coaching\/training\/clear communication, including partnering with our Software teams to achieve scalable technology solutions & associated business processes\u202f\n\u2022 Hands-on & Results-Driven: We are a hands-on company. You will be expected to dive in where needed to work side-by-side with employees at all levels of the organization to help them drive results.\u202f\nWhat experiences will help you in this role:\n\u2022 Bachelor\u2019s degree in economics, Finance, Business, Statistics, Mathematics, Computer Science, or a related field.\n\u2022 2-5 years of experience with Excel and in business analytics.\n\u2022 2-5 years of experience with SQL.\n\u2022 2-5 years of experience with data visualization tools (PowerBI, Tableau).\n\u2022 Experience with Python and Snowflake is a nice-to-have.\nOur compensation reflects the cost of labor across several US geographic markets. The base pay for this position ranges from $80,000\/year to $120,000\/year. Pay is based on a number of factors including geographic market location and may vary depending on job-related knowledge, skills, and experience. Spreetail is a total compensation company. Dependent on the position offered, equity, sign-on payments, and other forms of compensation may be provided as part of a total compensation package, in addition to a full range of medical, financial, and\/or other benefits. For more information, please visit https:\/\/proco-client.com\/spreetail\/2024\/homepage\/. This position will remain posted until filled. Applicants should apply via our external career site.\n\nIn an effort to Make Spreetail Better, we hire people that are aligned with our values and are passionate about pursuing ecommerce excellence. We believe the right person can learn what is needed to succeed in their role, so we encourage job applicants to apply even if you don't meet all the qualifications listed. We are looking for diverse backgrounds and perspectives, so we don\u2019t require college degrees and welcome non-linear career paths. If this role highlights your experience and gets you excited \u2013 please apply!\n\nNot the role for you? Check out additional opportunities to join our team on our job board and sign up for our Talent Community Newsletter for exclusive insights into future openings.\n\nWhat you can expect from us:\n\u2022 The flexibility to take care of yourself. Spreetailers operate in a relationship and experience-driven work culture that promotes results and encourages taking time off when needed. Salaried team members enjoy untracked PTO and hourly team members earn 20 PTO days per year.\n\u2022 We believe in celebrating your accomplishments. Each year is a new milestone with the opportunity to receive special gifts, Spreetail Swag Store credit, or donate to a nonprofit of your choice.\n\u2022 We\u2019ll take care of you and your family. Spreetail will cover 100% of health insurance premiums for you and 50% for your partner and dependents included on the plan, as well as support your growing family with paid time off.\n\u2022 The opportunity to revolutionize your community. With two Volunteer Weeks and 24 hours of paid Community Time Off every year, we encourage team members to give back and make a social impact.\n\nLearn more about our full benefits package including parental leave, domestic partner coverage, unit appreciation rights, and more.\n\nEqual Opportunity Employer\nAt Spreetail, we are relentless in our pursuit of equity and equality, we embrace cultural differences that raise our bar, we pursue the challenges within ourselves to make Spreetail better, and we humbly acknowledge our duty to build and foster an inclusive workplace where all may succeed.\n\nSpreetail is an affirmative action and equal opportunity employer. All qualified applicants will receive consideration for employment without regard to race, color, religion, sex, disability, age, sexual orientation, gender identity, national origin, veteran status, or genetic information.\n\n#LI-Hybrid\n\nWe may use artificial intelligence (AI) tools to support parts of the hiring process, such as reviewing applications, analyzing resumes, or assessing responses. These tools assist our recruitment team but do not replace human judgment. Final hiring decisions are ultimately made by humans. If you would like more information about how your data is processed, please contact us.","job_is_remote":false,"job_posted_at":"6 days ago","job_posted_at_timestamp":1762300800,"job_posted_at_datetime_utc":"2025-11-05T00:00:00.000Z","job_location":"Washington, DC","job_city":"Washington","job_state":"District of Columbia","job_country":"US","job_latitude":38.9071923,"job_longitude":-77.0368707,"job_benefits":["paid_time_off","health_insurance"],"job_google_link":"https:\/\/www.google.com\/search?q=jobs&gl=us&hl=en&udm=8#vhid=vt%3D20\/docid%3DchjiZdQQZLgw4hPwAAAAAA%3D%3D&vssid=jobs-detail-viewer","job_min_salary":80000,"job_max_salary":120000,"job_salary_period":"YEAR","job_highlights":{"Qualifications":["Bachelor\u2019s degree in economics, Finance, Business, Statistics, Mathematics, Computer Science, or a related field","2-5 years of experience with Excel and in business analytics","2-5 years of experience with SQL","2-5 years of experience with data visualization tools (PowerBI, Tableau)","Experience with Python and Snowflake is a nice-to-have"],"Benefits":["The base pay for this position ranges from $80,000\/year to $120,000\/year","Pay is based on a number of factors including geographic market location and may vary depending on job-related knowledge, skills, and experience","Dependent on the position offered, equity, sign-on payments, and other forms of compensation may be provided as part of a total compensation package, in addition to a full range of medical, financial, and\/or other benefits","The flexibility to take care of yourself","Spreetailers operate in a relationship and experience-driven work culture that promotes results and encourages taking time off when needed","Salaried team members enjoy untracked PTO and hourly team members earn 20 PTO days per year","We believe in celebrating your accomplishments","Each year is a new milestone with the opportunity to receive special gifts, Spreetail Swag Store credit, or donate to a nonprofit of your choice","Spreetail will cover 100% of health insurance premiums for you and 50% for your partner and dependents included on the plan, as well as support your growing family with paid time off","The opportunity to revolutionize your community","With two Volunteer Weeks and 24 hours of paid Community Time Off every year, we encourage team members to give back and make a social impact","Learn more about our full benefits package including parental leave, domestic partner coverage, unit appreciation rights, and more"],"Responsibilities":["As a Senior Transportation Analyst, you will conduct an in-depth analysis of transportation data to identify trends, patterns, and opportunities for improvement","You will collaborate with team members to understand their analytics needs and the best possible solutions","responsibilities will include developing, refining, and maintaining key performance indicators (KPIs) to measure the effectiveness and efficiency of transportation operations","Strategy: This role requires equal parts strategic thinking, project management, analytical chops, and the ability to drive execution.\u202f","Continuous Improvement: Continuously develop new processes and enhance existing ones","Frame and solve new problems by leading through a process of discovery, test-and-learn, or rapid prototyping.\u202f","Communication: Excellent written and verbal communication skills at all levels","Strong in developing standard rhythms & reports to highlight the right information up\/down and across the organization.\u202f","Influence: Cross-functional coordination and coaching\/training\/clear communication, including partnering with our Software teams to achieve scalable technology solutions & associated business processes\u202f","You will be expected to dive in where needed to work side-by-side with employees at all levels of the organization to help them drive results.\u202f"]},"job_onet_soc":"13108100","job_onet_job_zone":"4"},{"job_id":"al3pQjLN4RXjWZc3AAAAAA==","job_title":"Data Analyst \u2013 Federal Operations","employer_name":"CACI","employer_logo":"https:\/\/encrypted-tbn0.gstatic.com\/images?q=tbn:ANd9GcRJNEJaw6QpMSrjrVJa4MRFOq4tReQWc_VV-8Fm&s=0","employer_website":null,"job_publisher":"CACI Careers","job_employment_type":"Full-time","job_employment_types":["FULLTIME"],"job_apply_link":"https:\/\/careers.caci.com\/global\/en\/job\/CACIGLOBAL318504EXTERNALENGLOBAL\/Data-Analyst-Federal-Operations?utm_campaign=google_jobs_apply&utm_source=google_jobs_apply&utm_medium=organic","job_apply_is_direct":false,"apply_options":[{"publisher":"CACI Careers","apply_link":"https:\/\/careers.caci.com\/global\/en\/job\/CACIGLOBAL318504EXTERNALENGLOBAL\/Data-Analyst-Federal-Operations?utm_campaign=google_jobs_apply&utm_source=google_jobs_apply&utm_medium=organic","is_direct":false},{"publisher":"ClearedJobs.Net","apply_link":"https:\/\/clearedjobs.net\/job\/data-analyst-federal-operations-washington-district-of-columbia-1823941?utm_campaign=google_jobs_apply&utm_source=google_jobs_apply&utm_medium=organic","is_direct":false},{"publisher":"Talentify","apply_link":"https:\/\/www.talentify.io\/job\/data-analyst-federal-operations-washington-district-of-columbia-us-caci-international-318504?utm_campaign=google_jobs_apply&utm_source=google_jobs_apply&utm_medium=organic","is_direct":false},{"publisher":"BeBee","apply_link":"https:\/\/us.bebee.com\/job\/34a7bff4a5d60ad2eaa143b0fd82a96b?utm_campaign=google_jobs_apply&utm_source=google_jobs_apply&utm_medium=organic","is_direct":false}],"job_description":"Data Analyst \u2013 Federal Operations\n\nJob Category: Logistics\n\nTime Type: Full time\n\nMinimum Clearance Required to Start: Top Secret\n\nEmployee Type: Regular\n\nPercentage of Travel Required: Up to 25%\n\nType of Travel: Continental US\n\u2022 * *\n\nThe Opportunity:\n\nCACI is seeking a Data Analyst to support a high-visibility transformation initiative with our Department of Energy (DOE) client. In this role, you\u2019ll contribute directly to reimagining how a major federal agency manages procurement \u2014 enhancing operational efficiency, reducing lead times, and equipping field teams with the tools they need to succeed.\n\nYou won\u2019t just analyze numbers \u2014 you\u2019ll help shape smarter decisions that drive real-world outcomes.\n\nAs part of this long-term modernization effort, you'll be instrumental in helping the agency adopt standardized processes, deploy cost-effective analytics solutions, and increase overall program effectiveness. This is a unique opportunity to work at the heart of government innovation and bring data-driven insights to life.\n\nResponsibilities:\n\nYour daily work will focus on turning complex procurement and inventory data into actionable intelligence for key stakeholders. You'll collaborate with a team of mission-driven professionals to:\n\u2022 Extract, transform, and cleanse procurement and retail inventory data to prepare it for deep analysis.\n\u2022 Apply statistical techniques and forecasting models to uncover trends and patterns in historical data.\n\u2022 Build user-friendly dashboards, databases, and reports that guide data-driven decisions across programs.\n\u2022 Support the development of scalable data models that enhance reporting and analytical performance.\n\u2022 Help bring clarity to complexity \u2014 translating data into stories that inform action\n\nQualifications:\n\nRequired:\n\u2022 One (1+) years of experience in data analytics.\n\u2022 Active security clearance: DoD Top Secret\/Secret or DOE Q or L.\n\u2022 Strong Excel skills, including use of pivot tables, data extraction, and the Data Analysis Toolpak.\n\u2022 Experience building dashboards that manage large datasets and multiple parameters.\n\u2022 Experience developing data-driven performance reporting tools by integrating multiple sources into a comprehensive output.\n\u2022 Excellent attention to detail and accuracy in working with data\n\nDesired:\n\u2022 Bachelor\u2019s degree or higher in a related field such as Business Analytics, Statistics, Operations Research, or Mathematics.\n\u2022 Familiarity with federal procurement, acquisition, or inventory management.\n\u2022 Ability to communicate complex data concepts clearly to non-technical audiences.\n\u2022 Experience with SQL, Python, R, JSON, DAX, or other data programming tools.\n\u2022 Proficiency with data visualization platforms such as Tableau or Power BI\n\n#LI-TF1\n\n-\n\n________________________________________________________________________________________\n\nWhat You Can Expect:\n\nA culture of integrity.\n\nAt CACI, we place character and innovation at the center of everything we do. As a valued team member, you\u2019ll be part of a high-performing group dedicated to our customer\u2019s missions and driven by a higher purpose \u2013 to ensure the safety of our nation.\n\nAn environment of trust.\n\nCACI values the unique contributions that every employee brings to our company and our customers - every day. You\u2019ll have the autonomy to take the time you need through a unique flexible time off benefit and have access to robust learning resources to make your ambitions a reality.\n\nA focus on continuous growth.\n\nTogether, we will advance our nation's most critical missions, build on our lengthy track record of business success, and find opportunities to break new ground \u2014 in your career and in our legacy.\n\nYour potential is limitless. So is ours.\n\nLearn more about CACI here.\n\n________________________________________________________________________________________\n\nPay Range: There are a host of factors that can influence final salary including, but not limited to, geographic location, Federal Government contract labor categories and contract wage rates, relevant prior work experience, specific skills and competencies, education, and certifications. Our employees value the flexibility at CACI that allows them to balance quality work and their personal lives. We offer competitive compensation, benefits and learning and development opportunities. Our broad and competitive mix of benefits options is designed to support and protect employees and their families. At CACI, you will receive comprehensive benefits such as; healthcare, wellness, financial, retirement, family support, continuing education, and time off benefits. Learn more here.\n\nThe proposed salary range for this position is:\n$49,900 - $100,000\n\nCACI is an Equal Opportunity Employer. All qualified applicants will receive consideration for employment without regard to race, color, religion, sex, pregnancy, sexual orientation, age, national origin, disability, status as a protected veteran, or any other protected characteristic.","job_is_remote":false,"job_posted_at":null,"job_posted_at_timestamp":null,"job_posted_at_datetime_utc":null,"job_location":"Washington, DC","job_city":"Washington","job_state":"District of Columbia","job_country":"US","job_latitude":38.9071923,"job_longitude":-77.0368707,"job_benefits":["health_insurance","paid_time_off"],"job_google_link":"https:\/\/www.google.com\/search?q=jobs&gl=us&hl=en&udm=8#vhid=vt%3D20\/docid%3Dal3pQjLN4RXjWZc3AAAAAA%3D%3D&vssid=jobs-detail-viewer","job_salary":null,"job_min_salary":null,"job_max_salary":null,"job_salary_period":null,"job_highlights":{"Qualifications":["Minimum Clearance Required to Start: Top Secret","One (1+) years of experience in data analytics","Active security clearance: DoD Top Secret\/Secret or DOE Q or L","Strong Excel skills, including use of pivot tables, data extraction, and the Data Analysis Toolpak","Experience building dashboards that manage large datasets and multiple parameters","Experience developing data-driven performance reporting tools by integrating multiple sources into a comprehensive output","Excellent attention to detail and accuracy in working with data"],"Benefits":["CACI values the unique contributions that every employee brings to our company and our customers - every day","You\u2019ll have the autonomy to take the time you need through a unique flexible time off benefit and have access to robust learning resources to make your ambitions a reality","A focus on continuous growth","Pay Range: There are a host of factors that can influence final salary including, but not limited to, geographic location, Federal Government contract labor categories and contract wage rates, relevant prior work experience, specific skills and competencies, education, and certifications","Our employees value the flexibility at CACI that allows them to balance quality work and their personal lives","We offer competitive compensation, benefits and learning and development opportunities","Our broad and competitive mix of benefits options is designed to support and protect employees and their families","At CACI, you will receive comprehensive benefits such as; healthcare, wellness, financial, retirement, family support, continuing education, and time off benefits","$49,900 - $100,000"],"Responsibilities":["Percentage of Travel Required: Up to 25%","CACI is seeking a Data Analyst to support a high-visibility transformation initiative with our Department of Energy (DOE) client","In this role, you\u2019ll contribute directly to reimagining how a major federal agency manages procurement \u2014 enhancing operational efficiency, reducing lead times, and equipping field teams with the tools they need to succeed","You won\u2019t just analyze numbers \u2014 you\u2019ll help shape smarter decisions that drive real-world outcomes","As part of this long-term modernization effort, you'll be instrumental in helping the agency adopt standardized processes, deploy cost-effective analytics solutions, and increase overall program effectiveness","Your daily work will focus on turning complex procurement and inventory data into actionable intelligence for key stakeholders","You'll collaborate with a team of mission-driven professionals to:","Extract, transform, and cleanse procurement and retail inventory data to prepare it for deep analysis","Apply statistical techniques and forecasting models to uncover trends and patterns in historical data","Build user-friendly dashboards, databases, and reports that guide data-driven decisions across programs","Support the development of scalable data models that enhance reporting and analytical performance","Help bring clarity to complexity \u2014 translating data into stories that inform action"]},"job_onet_soc":"43911100","job_onet_job_zone":"4"},{"job_id":"ejPbUbATWExzHMIJAAAAAA==","job_title":"Data Analyst, Healthcare Transformation","employer_name":"Customer Value Partners","employer_logo":"https:\/\/encrypted-tbn0.gstatic.com\/images?q=tbn:ANd9GcQK5IvzLpeTlwU2khn9t2xULWWGGDJUoRwKvJk2&s=0","employer_website":null,"job_publisher":"Indeed","job_employment_type":"Full-time","job_employment_types":["FULLTIME"],"job_apply_link":"https:\/\/www.indeed.com\/viewjob?jk=6e4d460fb388c9a6&utm_campaign=google_jobs_apply&utm_source=google_jobs_apply&utm_medium=organic","job_apply_is_direct":true,"apply_options":[{"publisher":"Indeed","apply_link":"https:\/\/www.indeed.com\/viewjob?jk=6e4d460fb388c9a6&utm_campaign=google_jobs_apply&utm_source=google_jobs_apply&utm_medium=organic","is_direct":true},{"publisher":"ZipRecruiter","apply_link":"https:\/\/www.ziprecruiter.com\/c\/AHU-Technologies-Inc\/Job\/Data-Analyst-Curam-Healthcare\/-in-Washington,DC?jid=85e129d9df40cedd&utm_campaign=google_jobs_apply&utm_source=google_jobs_apply&utm_medium=organic","is_direct":false},{"publisher":"Glassdoor","apply_link":"https:\/\/www.glassdoor.com\/job-listing\/data-analyst-healthcare-transformation-customer-value-partners-JV_IC1138213_KO0,38_KE39,62.htm?jl=1009871685325&utm_campaign=google_jobs_apply&utm_source=google_jobs_apply&utm_medium=organic","is_direct":false},{"publisher":"LinkedIn","apply_link":"https:\/\/www.linkedin.com\/jobs\/view\/data-analyst-healthcare-transformation-at-cvp-customer-value-partners-4298321127?utm_campaign=google_jobs_apply&utm_source=google_jobs_apply&utm_medium=organic","is_direct":false},{"publisher":"DataAnalyst.com","apply_link":"https:\/\/www.dataanalyst.com\/job\/data-analyst-enterprise-0faff?utm_campaign=google_jobs_apply&utm_source=google_jobs_apply&utm_medium=organic","is_direct":false},{"publisher":"SimplyHired","apply_link":"https:\/\/www.simplyhired.com\/job\/u40rBzZ5kuzRdcmW0K4udvOvqu7cr3LZWzYZMVrxk9mYwJ3PjNy31Q?utm_campaign=google_jobs_apply&utm_source=google_jobs_apply&utm_medium=organic","is_direct":false},{"publisher":"Career.io","apply_link":"https:\/\/career.io\/job\/government-healthcare-data-consultant-washington-marsh-mclennan-companies-3d221025e4d3de6f0775dd7123a44933?utm_campaign=google_jobs_apply&utm_source=google_jobs_apply&utm_medium=organic","is_direct":false},{"publisher":"Monster","apply_link":"https:\/\/www.monster.com\/job-openings\/data-analyst-healthcare-transformation--a7de9105-1881-4de0-83d3-e04fb9ebf814?utm_campaign=google_jobs_apply&utm_source=google_jobs_apply&utm_medium=organic","is_direct":false}],"job_description":"Overview:\n\nCVP is seeking an experienced Data Analyst - Senior to support healthcare transformation initiatives within the Federal Health Sector. The Data Analyst will work with CVP teams and federal healthcare clients to obtain data through advanced computerized models, develop data patterns through advanced algorithms, and present analytical insights to support business decision-making.\n\nThis role requires in-depth knowledge of VHA Systems and files to support data analysis and reporting for Veterans Health Administration healthcare programs.\n\nResponsibilities:\n\u2022 Obtain data through advanced computerized models\n\u2022 Extrapolate data patterns through advanced algorithms\n\u2022 Develop simple graphs and charts to explain how mathematical information will influence specific projects or business initiatives\n\u2022 Present to managers how to best alter their business models to generate profitable future trends\n\u2022 Utilize in-depth knowledge of VHA Systems and files for data analysis\n\u2022 Work with Corporate Data Warehouse (CDW), Veterans Health Information Systems and Technology Architecture (VistA), VHA Support Service Center (VSSC), and VHA Reports and Measurement Portal (RAMP)\n\u2022 Analyze data from Patient Treatment File (PTF) (MedSAS), Managerial Cost Accounting (MCA) System, Primary Care Management Module (PCMM), and The National Patient Care Database (NPCD)\n\u2022 Work with Veterans Services Network Corporate Mini Master File (VETSNET File) and other VHA systems\n\nQualifications:\n\u2022 Bachelor's degree (BA\/BS) from an accredited college or university\n\u2022 8+ years of experience in data analysis or related field\n\u2022 Experience obtaining data through advanced computerized models\n\u2022 Experience extrapolating data patterns through advanced algorithms\n\u2022 Experience developing graphs and charts to explain mathematical information\n\u2022 Experience presenting analytical findings to management\n\u2022 Advanced proficiency with MS Word, Excel, and PowerPoint\n\u2022 Ability to obtain a US Security Public Trust Clearance\n\u2022 Ability to work without sponsorship in the US indefinitely\n\nDesired Skills:\n\u2022 Experience with VHA healthcare data analysis\n\u2022 In-depth knowledge of VHA Systems and files\n\u2022 Healthcare transformation analytics experience\n\nSalary Band:\n\u2022 $115-125k (depending on experience)\n\nPlease note, this role is pending program award.\n\nAbout CVP\n\nCVP is an award-winning healthcare and next-gen technology and consulting services firm solving critical problems for healthcare, national security, and public sector clients. We help organizations achieve lasting transformation.\n\nCVP is an Equal Opportunity Employer dedicated to actively recruiting individuals and providing advancement opportunities based on merit and legitimate job qualifications. We ensure that all associates receive equal opportunities based on their personal qualifications and job requirements. CVP strictly prohibits any form of discrimination or harassment.\n\nAt CVP, we cultivate a work environment that encourages fairness, teamwork, and respect among all associated. We are committed to maintaining a workplace where everyone can grow both personally and professionally.","job_is_remote":false,"job_posted_at":null,"job_posted_at_timestamp":null,"job_posted_at_datetime_utc":null,"job_location":"Washington, DC","job_city":"Washington","job_state":"District of Columbia","job_country":"US","job_latitude":38.9071923,"job_longitude":-77.0368707,"job_benefits":null,"job_google_link":"https:\/\/www.google.com\/search?q=jobs&gl=us&hl=en&udm=8#vhid=vt%3D20\/docid%3DejPbUbATWExzHMIJAAAAAA%3D%3D&vssid=jobs-detail-viewer","job_salary":null,"job_min_salary":null,"job_max_salary":null,"job_salary_period":null,"job_highlights":{"Qualifications":["Bachelor's degree (BA\/BS) from an accredited college or university","8+ years of experience in data analysis or related field","Experience obtaining data through advanced computerized models","Experience extrapolating data patterns through advanced algorithms","Experience developing graphs and charts to explain mathematical information","Experience presenting analytical findings to management","Advanced proficiency with MS Word, Excel, and PowerPoint","Ability to obtain a US Security Public Trust Clearance","Ability to work without sponsorship in the US indefinitely"],"Benefits":["$115-125k (depending on experience)"],"Responsibilities":["The Data Analyst will work with CVP teams and federal healthcare clients to obtain data through advanced computerized models, develop data patterns through advanced algorithms, and present analytical insights to support business decision-making","This role requires in-depth knowledge of VHA Systems and files to support data analysis and reporting for Veterans Health Administration healthcare programs","Obtain data through advanced computerized models","Extrapolate data patterns through advanced algorithms","Develop simple graphs and charts to explain how mathematical information will influence specific projects or business initiatives","Present to managers how to best alter their business models to generate profitable future trends","Utilize in-depth knowledge of VHA Systems and files for data analysis","Work with Corporate Data Warehouse (CDW), Veterans Health Information Systems and Technology Architecture (VistA), VHA Support Service Center (VSSC), and VHA Reports and Measurement Portal (RAMP)","Analyze data from Patient Treatment File (PTF) (MedSAS), Managerial Cost Accounting (MCA) System, Primary Care Management Module (PCMM), and The National Patient Care Database (NPCD)","Work with Veterans Services Network Corporate Mini Master File (VETSNET File) and other VHA systems"]},"job_onet_soc":"43911100","job_onet_job_zone":"4"},{"job_id":"GpF-f0pzvTLkJcBFAAAAAA==","job_title":"Principal Data Analyst- Enterprise","employer_name":"Capital One","employer_logo":null,"employer_website":"https:\/\/www.capitalone.com","job_publisher":"Capital One Careers","job_employment_type":"Full-time and Part-time","job_employment_types":["FULLTIME","PARTTIME"],"job_apply_link":"https:\/\/www.capitalonecareers.com\/job\/mclean\/principal-data-analyst-enterprise\/1732\/87597553904?utm_campaign=google_jobs_apply&utm_source=google_jobs_apply&utm_medium=organic","job_apply_is_direct":false,"apply_options":[{"publisher":"Capital One Careers","apply_link":"https:\/\/www.capitalonecareers.com\/job\/mclean\/principal-data-analyst-enterprise\/1732\/87597553904?utm_campaign=google_jobs_apply&utm_source=google_jobs_apply&utm_medium=organic","is_direct":false},{"publisher":"ZipRecruiter","apply_link":"https:\/\/www.ziprecruiter.com\/c\/Capitalone\/Job\/Principal-Data-Analyst-Enterprise\/-in-Mclean,VA?jid=2e6b13b8647c3b20&utm_campaign=google_jobs_apply&utm_source=google_jobs_apply&utm_medium=organic","is_direct":false},{"publisher":"Glassdoor","apply_link":"https:\/\/www.glassdoor.com\/job-listing\/principal-data-analyst-enterprise-capital-one-JV_IC1158535_KO0,33_KE34,45.htm?jl=1009917542601&utm_campaign=google_jobs_apply&utm_source=google_jobs_apply&utm_medium=organic","is_direct":false},{"publisher":"Built In","apply_link":"https:\/\/builtin.com\/job\/principal-data-analyst-enterprise\/7480002?utm_campaign=google_jobs_apply&utm_source=google_jobs_apply&utm_medium=organic","is_direct":false},{"publisher":"LinkedIn","apply_link":"https:\/\/www.linkedin.com\/jobs\/view\/principal-data-analyst-enterprise-at-capital-one-4332412231?utm_campaign=google_jobs_apply&utm_source=google_jobs_apply&utm_medium=organic","is_direct":false},{"publisher":"Indeed","apply_link":"https:\/\/www.indeed.com\/viewjob?jk=dadefbea4168f044&utm_campaign=google_jobs_apply&utm_source=google_jobs_apply&utm_medium=organic","is_direct":false},{"publisher":"SimplyHired","apply_link":"https:\/\/www.simplyhired.com\/job\/zXf_FwbzzGpsr4LeuQpAI-eWfcaYJ3NgZW2_WqVp0ZTO8A_RfzU6Hw?utm_campaign=google_jobs_apply&utm_source=google_jobs_apply&utm_medium=organic","is_direct":false},{"publisher":"BeBee","apply_link":"https:\/\/us.bebee.com\/job\/d2bd547cc4c424d1eef482b644ec3571?utm_campaign=google_jobs_apply&utm_source=google_jobs_apply&utm_medium=organic","is_direct":false}],"job_description":"Principal Data Analyst- Enterprise\n\nAt Capital One, data is at the center of everything we do. When we launched as a startup we disrupted the credit card industry by individually personalizing every credit card offer using statistical modeling and the relational database, cutting edge technology in 1988! Fast-forward a few years, and this little innovation and our passion for data has skyrocketed us to a Fortune 200 company and a leader in the world of data-driven decision-making.\n\nAs a Data Analyst at Capital One you will leverage analytic and technical skills to innovate, build, and maintain well-managed data solutions and capabilities to tackle business problems.\n\nOn any given day you will be challenged on three types of work \u2013 Innovation, Business Intelligence and Data Management:\n\nInnovation\n\u2022 Use Open Source\/Digital technologies to mine complex, voluminous, and different varieties of data sources and platforms\n\u2022 Build well-managed data solutions, tools, and capabilities to enable self-service frameworks for data consumers\n\u2022 Demonstrate ability to explore and quickly grasp new technologies to progress varied initiatives\n\nBusiness Intelligence\n\u2022 Partner with the business to provide consultancy and translate the business needs to design and develop tools, techniques, metrics, and dashboards for insights and data visualization\n\u2022 Drive analysis that provides meaningful insights on business strategies\n\nData Management\n\u2022 Drive an understanding and adherence to the principles of data quality management including metadata, lineage, and business definitions\n\u2022 Work collaboratively with appropriate Tech teams to manage security mechanisms and data access governance\n\u2022 Build and execute tools to monitor and report on data quality\n\nOur ideal candidate will have:\n\u2022 Degree specialized in a Science, Technology, Engineering, Mathematics discipline\n\u2022 Scripting experience in (Python, R, Spark, and SQL)\n\u2022 Strong desire and experience with data in various forms (data warehouses\/SQL, unstructured data)\n\u2022 Experience utilizing and developing within AWS services\n\nBasic Qualifications:\n\u2022 Currently has, or is in the process of obtaining a Bachelor\u2019s Degree in quantitative field (Statistics, Economics, Operations Research, Analytics, Mathematics, Computer Science or a related quantitative field) plus at least 5 years of experience performing data analytics, or, a Master\u2019s Degree plus at least 3 years performing data analytics with an expectation that required degree will be obtained on or before the scheduled start date.\n\u2022 At least 3 years of experience working with at least one scripting language\n\u2022 At least 3 years of experience utilizing a business intelligence visualization tool\n\u2022 At least 3 years of experience in querying, analyzing and working with data languages and platforms\n\nPreferred Qualifications:\n\u2022 Master\u2019s Degree in a Science, Technology, Engineering, Mathematics discipline\n\u2022 At least 4 years of experience coding in Python, R, Spark, or SQL\n\u2022 At least 4 years of experience working within process management and improvement methodologies \u2013 Agile, Lean, Six Sigma, etc.\n\u2022 At least 2 years of experience utilizing and developing within AWS services\n\u2022 At least 2 years of experience delivering Data Governance and Data Quality Management concepts and practices within the financial services industry\n\nCapital One will consider sponsoring a new qualified applicant for employment authorization for this position.\n\nThe minimum and maximum full-time annual salaries for this role are listed below, by location. Please note that this salary information is solely for candidates hired to perform work within one of these locations, and refers to the amount Capital One is willing to pay at the time of this posting. Salaries for part-time roles will be prorated based upon the agreed upon number of hours to be regularly worked.\n\nMcLean, VA: $127,500 - $145,500 for Principal Data Analyst\n\nCandidates hired to work in other locations will be subject to the pay range associated with that location, and the actual annualized salary amount offered to any candidate at the time of hire will be reflected solely in the candidate\u2019s offer letter.\n\nThis role is also eligible to earn performance based incentive compensation, which may include cash bonus(es) and\/or long term incentives (LTI). Incentives could be discretionary or non discretionary depending on the plan.\n\nCapital One offers a comprehensive, competitive, and inclusive set of health, financial and other benefits that support your total well-being. Learn more at the Capital One Careers website. Eligibility varies based on full or part-time status, exempt or non-exempt status, and management level.\n\nThis role is expected to accept applications for a minimum of 5 business days.\n\nNo agencies please. Capital One is an equal opportunity employer (EOE, including disability\/vet) committed to non-discrimination in compliance with applicable federal, state, and local laws. Capital One promotes a drug-free workplace. Capital One will consider for employment qualified applicants with a criminal history in a manner consistent with the requirements of applicable laws regarding criminal background inquiries, including, to the extent applicable, Article 23-A of the New York Correction Law; San Francisco, California Police Code Article 49, Sections 4901-4920; New York City\u2019s Fair Chance Act; Philadelphia\u2019s Fair Criminal Records Screening Act; and other applicable federal, state, and local laws and regulations regarding criminal background inquiries.\n\nIf you have visited our website in search of information on employment opportunities or to apply for a position, and you require an accommodation, please contact Capital One Recruiting at 1-800-304-9102 or via email at RecruitingAccommodation@capitalone.com. All information you provide will be kept confidential and will be used only to the extent required to provide needed reasonable accommodations.\n\nFor technical support or questions about Capital One's recruiting process, please send an email to Careers@capitalone.com\n\nCapital One does not provide, endorse nor guarantee and is not liable for third-party products, services, educational tools or other information available through this site.\n\nCapital One Financial is made up of several different entities. Please note that any position posted in Canada is for Capital One Canada, any position posted in the United Kingdom is for Capital One Europe and any position posted in the Philippines is for Capital One Philippines Service Corp. (COPSSC).","job_is_remote":false,"job_posted_at":"20 days ago","job_posted_at_timestamp":1761091200,"job_posted_at_datetime_utc":"2025-10-22T00:00:00.000Z","job_location":"McLean, VA","job_city":"McLean","job_state":"Virginia","job_country":"US","job_latitude":38.9338676,"job_longitude":-77.1772604,"job_benefits":["health_insurance"],"job_google_link":"https:\/\/www.google.com\/search?q=jobs&gl=us&hl=en&udm=8#vhid=vt%3D20\/docid%3DGpF-f0pzvTLkJcBFAAAAAA%3D%3D&vssid=jobs-detail-viewer","job_salary":null,"job_min_salary":null,"job_max_salary":null,"job_salary_period":null,"job_highlights":{"Qualifications":["Partner with the business to provide consultancy and translate the business needs to design and develop tools, techniques, metrics, and dashboards for insights and data visualization","Degree specialized in a Science, Technology, Engineering, Mathematics discipline","Scripting experience in (Python, R, Spark, and SQL)","Strong desire and experience with data in various forms (data warehouses\/SQL, unstructured data)","Experience utilizing and developing within AWS services","Currently has, or is in the process of obtaining a Bachelor\u2019s Degree in quantitative field (Statistics, Economics, Operations Research, Analytics, Mathematics, Computer Science or a related quantitative field) plus at least 5 years of experience performing data analytics, or, a Master\u2019s Degree plus at least 3 years performing data analytics with an expectation that required degree will be obtained on or before the scheduled start date","At least 3 years of experience working with at least one scripting language","At least 3 years of experience utilizing a business intelligence visualization tool","At least 3 years of experience in querying, analyzing and working with data languages and platforms"],"Benefits":["Salaries for part-time roles will be prorated based upon the agreed upon number of hours to be regularly worked","McLean, VA: $127,500 - $145,500 for Principal Data Analyst","Candidates hired to work in other locations will be subject to the pay range associated with that location, and the actual annualized salary amount offered to any candidate at the time of hire will be reflected solely in the candidate\u2019s offer letter","This role is also eligible to earn performance based incentive compensation, which may include cash bonus(es) and\/or long term incentives (LTI)","Incentives could be discretionary or non discretionary depending on the plan","Capital One offers a comprehensive, competitive, and inclusive set of health, financial and other benefits that support your total well-being"],"Responsibilities":["Use Open Source\/Digital technologies to mine complex, voluminous, and different varieties of data sources and platforms","Build well-managed data solutions, tools, and capabilities to enable self-service frameworks for data consumers","Demonstrate ability to explore and quickly grasp new technologies to progress varied initiatives","Drive analysis that provides meaningful insights on business strategies","Data Management","Drive an understanding and adherence to the principles of data quality management including metadata, lineage, and business definitions","Work collaboratively with appropriate Tech teams to manage security mechanisms and data access governance","Build and execute tools to monitor and report on data quality"]},"job_onet_soc":"43911100","job_onet_job_zone":"4"},{"job_id":"UTe1TG4gRPaX-A8QAAAAAA==","job_title":"Data & Cybersecurity Analyst","employer_name":"Accenture Federal Services","employer_logo":"https:\/\/encrypted-tbn0.gstatic.com\/images?q=tbn:ANd9GcRMqC6rcMNJhMQmxMTqhrNT3RVja-8Q87bsrLIe&s=0","employer_website":"https:\/\/www.accenture.com","job_publisher":"ZipRecruiter","job_employment_type":"Full-time","job_employment_types":["FULLTIME"],"job_apply_link":"https:\/\/www.ziprecruiter.com\/c\/Accenture-Federal-Services\/Job\/Data-&-Cybersecurity-Analyst\/-in-Washington,DC?jid=1d29f7d77088e5de&utm_campaign=google_jobs_apply&utm_source=google_jobs_apply&utm_medium=organic","job_apply_is_direct":false,"apply_options":[{"publisher":"ZipRecruiter","apply_link":"https:\/\/www.ziprecruiter.com\/c\/Accenture-Federal-Services\/Job\/Data-&-Cybersecurity-Analyst\/-in-Washington,DC?jid=1d29f7d77088e5de&utm_campaign=google_jobs_apply&utm_source=google_jobs_apply&utm_medium=organic","is_direct":false},{"publisher":"LocalJobs.com","apply_link":"https:\/\/www.localjobs.com\/job\/washington-dc-data-cybersecurity-analyst?utm_campaign=google_jobs_apply&utm_source=google_jobs_apply&utm_medium=organic","is_direct":false},{"publisher":"Swooped","apply_link":"https:\/\/swooped.co\/job-postings\/data-cybersecurity-analyst-washington-accenture-federal-services-3e92f?utm_campaign=google_jobs_apply&utm_source=google_jobs_apply&utm_medium=organic","is_direct":false},{"publisher":"WhatJobs","apply_link":"https:\/\/www.whatjobs.com\/jobs\/data-analyst?id=2248794528&utm_campaign=google_jobs_apply&utm_source=google_jobs_apply&utm_medium=organic","is_direct":false}],"job_description":"At Accenture Federal Services, nothing matters more than helping the US federal government make the nation stronger and safer and life better for people. Our 13,000+ people are united in a shared purpose to pursue the limitless potential of technology and ingenuity for clients across defense, national security, public safety, civilian, and military health organizations.\n\nJoin Accenture Federal Services, a technology company and part of global Accenture, to do work that matters in a collaborative and caring community, where you feel like you belong and are empowered to grow, learn and thrive through hands-on experience, certifications, industry training and more.\n\nJoin us to drive positive, lasting change that moves missions and the government forward!\n\nThe work:\n\nAutomation Development & Integration: Design, develop, and implement automation workflows using Python or Powershell to streamline cybersecurity and data reporting processes. Develop reusable code for automating deliverables from data ingestion, to transformation, and code validation.\n\nData Analytics & Visualization: Build interactive dashboards and analytical reports in PowerBI. Recreate Tableau visualization in PowerBI that support key cybersecurity initiatives, including vulnerability tracking, incident response, and compliance reporting.\n\nPython Programming & Data Engineering: Utilize Python libraries to conduct data cleaning, create predictive modeling, and integrate multiple data sources for deliverables.\n\nProcess Optimization: Identify repetitive manual reporting processes and develop an end-to-end automation solutions to improve efficiency and accuracy. Communicate technical findings in accessible, data-driven visualizations for technical audiences.\n\nHere's what you need:\n\u2022 Strong proficiency in Python programming with experience in automation, data manipulation, and API integration.\n\u2022 Demonstrated expertise in PowerBI visualization development.\n\u2022 Experience applying automation to cybersecurity operations, data reporting, data analytics, and data modeling strongly desired.\n\u2022 Relevant certifications: Microsoft Data Analyst Associate, CompTia DATA+, preferred.\n\nBonus points if you have:\n\u2022 Experience with Databricks.\n\u2022 Experience with AWS Sagemaker.\n\nEligibility Requirements:\n\nUS Citizenship required\n\nAs required by local law, Accenture Federal Services provides reasonable ranges of compensation for hired roles based on labor costs in the states of California, Colorado, Hawaii, Illinois, Maryland, Massachusetts, Minnesota, New Jersey, New York, Washington, Vermont, the District of Columbia, and the city of Cleveland. The base pay range for this position in these locations is shown below. Compensation for roles at Accenture Federal Services varies depending on a wide array of factors, including but not limited to office location, role, skill set, and level of experience. Accenture Federal Services offers a wide variety of benefits. You can find more information on benefits here. We accept applications on an on-going basis and there is no fixed deadline to apply.\n\nThe pay range for the states of California, Colorado, Hawaii, Illinois, Maryland, Massachusetts, Minnesota, New Jersey, New York, Washington, Vermont, the District of Columbia, and the city of Cleveland is:\n\n$84,900-$160,200 USD\n\nWhat We Believe\n\nAs a company wholly dedicated to serving the US federal government, we bring together the best talent to help reinvent how federal agencies operate and deliver greater value for their mission and the American people. We have an unwavering commitment to creating a culture in which all our people are respected, feel a sense of belonging, and have equal opportunity. As a business imperative, every person at Accenture Federal Services has the responsibility to create and sustain a culture where everyone feels welcomed and included. This is grounded in our core values and our experience that hiring and developing great people who reflect different perspectives, experiences, and backgrounds is key to driving innovation and delivering the results that our clients and the country count on.\n\nEqual Employment Opportunity Statement\n\nWe believe that no one should be discriminated against because of their differences. All employment decisions shall be made without regard to age, race, creed, color, religion, sex, national origin, ancestry, disability status, veteran status, sexual orientation, gender identity or expression, genetic information, marital status, citizenship status or any other basis as protected by federal, state, or local law. Our rich diversity makes us more innovative, more competitive, and more creative, which helps us better serve our clients and our communities. For details, view a copy of the Accenture Federal Services Equal Opportunity Policy Statement.\n\nAccenture Federal Services is an Equal Employment Opportunity employer. Additionally, as an Affirmative Action Employer for Veterans and Individuals with Disabilities, Accenture Federal Services is committed to providing veteran employment opportunities to our service men and women.\n\nRequesting An Accommodation\n\nAccenture Federal Services is committed to providing equal employment opportunities for persons with disabilities or religious observances, including reasonable accommodation when needed. If you are hired by Accenture Federal Services and require accommodation to perform the essential functions of your role, you will be asked to participate in our reasonable accommodation process. Accommodations made to facilitate the recruiting process are not a guarantee of future or continued accommodations once hired.\n\nIf youare being considered for employment opportunities with Accenture Federal Services and need an accommodation for a disability or religious observance during the interview process or for the job you are interviewing for, please speak with your recruiter.\n\nOther Employment Statements\n\nApplicants for employment in the US must have work authorization that does not now or in the future require sponsorship of a visa for employment authorization in the United States.\n\nCandidates who are currently employed by a client of Accenture Federal Services or an affiliated Accenture business may not be eligible for consideration.\n\nJob candidates will not be obligated to disclose sealed or expunged records of conviction or arrest as part of the hiring process.\n\nThe Company will not discharge or in any other manner discriminate against employees or applicants because they have inquired about, discussed, or disclosed their own pay or the pay of another employee or applicant. Additionally, employees who have access to the compensation information of other employees or applicants as a part of their essential job functions cannot disclose the pay of other employees or applicants to individuals who do not otherwise have access to compensation information, unless the disclosure is (a) in response to a formal complaint or charge, (b) in furtherance of an investigation, proceeding, hearing, or action, including an investigation conducted by the employer, or (c) consistent with the Company's legal duty to furnish information.\n\nCalifornia requires additional notifications for applicants and employees. If you are a California resident, live in or plan to work from Los Angeles County upon being hired for this position, please click here for additional important information.","job_is_remote":false,"job_posted_at":"7 days ago","job_posted_at_timestamp":1762214400,"job_posted_at_datetime_utc":"2025-11-04T00:00:00.000Z","job_location":"Washington, DC","job_city":"Washington","job_state":"District of Columbia","job_country":"US","job_latitude":38.9071923,"job_longitude":-77.0368707,"job_benefits":null,"job_google_link":"https:\/\/www.google.com\/search?q=jobs&gl=us&hl=en&udm=8#vhid=vt%3D20\/docid%3DUTe1TG4gRPaX-A8QAAAAAA%3D%3D&vssid=jobs-detail-viewer","job_min_salary":84900,"job_max_salary":160000,"job_salary_period":"YEAR","job_highlights":{"Qualifications":["Strong proficiency in Python programming with experience in automation, data manipulation, and API integration","Demonstrated expertise in PowerBI visualization development","Experience with Databricks","Experience with AWS Sagemaker","US Citizenship required","Applicants for employment in the US must have work authorization that does not now or in the future require sponsorship of a visa for employment authorization in the United States"],"Benefits":["As required by local law, Accenture Federal Services provides reasonable ranges of compensation for hired roles based on labor costs in the states of California, Colorado, Hawaii, Illinois, Maryland, Massachusetts, Minnesota, New Jersey, New York, Washington, Vermont, the District of Columbia, and the city of Cleveland","The base pay range for this position in these locations is shown below","Compensation for roles at Accenture Federal Services varies depending on a wide array of factors, including but not limited to office location, role, skill set, and level of experience","Accenture Federal Services offers a wide variety of benefits","$84,900-$160,200 USD"],"Responsibilities":["Automation Development & Integration: Design, develop, and implement automation workflows using Python or Powershell to streamline cybersecurity and data reporting processes","Develop reusable code for automating deliverables from data ingestion, to transformation, and code validation","Data Analytics & Visualization: Build interactive dashboards and analytical reports in PowerBI","Recreate Tableau visualization in PowerBI that support key cybersecurity initiatives, including vulnerability tracking, incident response, and compliance reporting","Python Programming & Data Engineering: Utilize Python libraries to conduct data cleaning, create predictive modeling, and integrate multiple data sources for deliverables","Process Optimization: Identify repetitive manual reporting processes and develop an end-to-end automation solutions to improve efficiency and accuracy","Communicate technical findings in accessible, data-driven visualizations for technical audiences"]},"job_onet_soc":"15112200","job_onet_job_zone":"4"},{"job_id":"0W2kjwmQ2K7ojuzxAAAAAA==","job_title":"Data Analytics Professional","employer_name":"Freddie Mac","employer_logo":"https:\/\/encrypted-tbn0.gstatic.com\/images?q=tbn:ANd9GcS29fR9S-ii4yTpyfvP4y-VE2g6G7_nhpO-OM3L&s=0","employer_website":"https:\/\/www.freddiemac.com","job_publisher":"Freddie Mac Careers","job_employment_type":"Full-time","job_employment_types":["FULLTIME"],"job_apply_link":"https:\/\/careers.freddiemac.com\/us\/en\/job\/JR16181\/Data-Analytics-Professional?utm_campaign=google_jobs_apply&utm_source=google_jobs_apply&utm_medium=organic","job_apply_is_direct":false,"apply_options":[{"publisher":"Freddie Mac Careers","apply_link":"https:\/\/careers.freddiemac.com\/us\/en\/job\/JR16181\/Data-Analytics-Professional?utm_campaign=google_jobs_apply&utm_source=google_jobs_apply&utm_medium=organic","is_direct":false},{"publisher":"Indeed","apply_link":"https:\/\/www.indeed.com\/viewjob?jk=efd5410f334309f0&utm_campaign=google_jobs_apply&utm_source=google_jobs_apply&utm_medium=organic","is_direct":false},{"publisher":"ZipRecruiter","apply_link":"https:\/\/www.ziprecruiter.com\/c\/Freddie-Mac\/Job\/Data-Analytics-Professional\/-in-Mclean,VA?jid=f6fb13ce556bbcdb&utm_campaign=google_jobs_apply&utm_source=google_jobs_apply&utm_medium=organic","is_direct":false},{"publisher":"LinkedIn","apply_link":"https:\/\/www.linkedin.com\/jobs\/view\/data-analytics-professional-at-freddie-mac-4319515038?utm_campaign=google_jobs_apply&utm_source=google_jobs_apply&utm_medium=organic","is_direct":false},{"publisher":"Ladders","apply_link":"https:\/\/www.theladders.com\/job\/data-analytics-professional-freddiemac-mclean-va_82442821?utm_campaign=google_jobs_apply&utm_source=google_jobs_apply&utm_medium=organic","is_direct":false},{"publisher":"Talentify","apply_link":"https:\/\/www.talentify.io\/job\/data-analytics-professional-mclean-virginia-us-freddie-mac-jr16143?utm_campaign=google_jobs_apply&utm_source=google_jobs_apply&utm_medium=organic","is_direct":false},{"publisher":"Bandana.com","apply_link":"https:\/\/bandana.com\/jobs\/14f41668-8cdf-4e0e-8be5-70a96f542b1a?utm_campaign=google_jobs_apply&utm_source=google_jobs_apply&utm_medium=organic","is_direct":false},{"publisher":"LazyApply","apply_link":"https:\/\/lazyapply.com\/jobpreview\/data-analytics-professional-freddiemac-mclean-va_82442821?utm_campaign=google_jobs_apply&utm_source=google_jobs_apply&utm_medium=organic","is_direct":false}],"job_description":"At Freddie Mac, our mission of Making Home Possible is what motivates us, and it\u2019s at the core of everything we do. Since our charter in 1970, we have made home possible for more than 90 million families across the country. Continue your career journey where your work contributes to a greater purpose.\n\nPosition Overview:\n\nThis Multifamily Advanced Insights and Reporting (MF AIR) Data Analytics Professional position is in the Multifamily Division at Freddie Mac. This role will support the Multifamily line of business in building reporting solutions that are used to help manage the business. The successful candidate will possess strong analytical and follow-up skills.\n\nOur Impact:\n\nMF AIR supports the multifamily line of business by developing custom-built and baseline reports and dashboards that provide advanced insights that lead to more informed decision-making.\n\nYour Impact:\n\nHelp the Multifamily Division better manage their business through various reporting solutions. Find ways to grow the responsibilities and opportunities for our team to continue to support Multifamily in new and evolving ways.\n\nQualifications:\n\u2022 Typically, 2-4 years of related data analytics experience\n\u2022 Bachelor\u2019s degree: Business, Statistics, Information Systems, or related field or equal work experience, preferred\n\u2022 Proficient with relational databases and using reporting tools such as Tableau, Snowflake, SAS, Python and Rapid SQL\n\u2022 Job requires experience using MS Office applications including MS Excel and MS PowerPoint\n\u2022 Basic understanding of UNIX, VBA & SharePoint\n\nKeys to Success in this Role:\n\u2022 Ability to thrive in a face-paced team environment.\n\u2022 Detail oriented with strong problem-solving abilities\n\u2022 Excellent verbal and written communication skills. Ability to understand and explain complex business concepts and reporting requirements.\n\u2022 Ability to think critically and logically\n\u2022 Familiar with Multifamily data and systems\n\u2022 Knowledge of secondary mortgage market and Freddie Mac's business\n\u2022 Interacting and working effectively with internal customers as well as with all levels of management within and across departments\n\u2022 Ability to manage and prioritize multiple reporting tasks simultaneously\n\nWe consider all applicants for all positions without regard to gender, race, color, religion, national origin, age, marital status, veteran status, sexual orientation, gender identity\/expression, physical and mental disability, pregnancy, ethnicity, genetic information or any other protected categories under applicable federal, state or local laws. We will ensure that individuals are provided reasonable accommodation to participate in the job application or interview process, to perform essential job functions, and to receive other benefits and privileges of employment. Please contact us to request accommodation.\n\nFreddie Mac offers a comprehensive total rewards package to include competitive compensation and market-leading benefit programs. Information on these benefit programs is available on our Careers site.\n\nThis position has an annualized market-based salary range of $82,000 - $124,000 and is eligible to participate in the annual incentive program. The final salary offered will generally fall within this range and is dependent on various factors including but not limited to the responsibilities of the position, experience, skill set, internal pay equity and other relevant qualifications of the applicant.","job_is_remote":false,"job_posted_at":"2 days ago","job_posted_at_timestamp":1762646400,"job_posted_at_datetime_utc":"2025-11-09T00:00:00.000Z","job_location":"McLean, VA","job_city":"McLean","job_state":"Virginia","job_country":"US","job_latitude":38.9338676,"job_longitude":-77.1772604,"job_benefits":["health_insurance"],"job_google_link":"https:\/\/www.google.com\/search?q=jobs&gl=us&hl=en&udm=8#vhid=vt%3D20\/docid%3D0W2kjwmQ2K7ojuzxAAAAAA%3D%3D&vssid=jobs-detail-viewer","job_salary":null,"job_min_salary":null,"job_max_salary":null,"job_salary_period":null,"job_highlights":{"Qualifications":["The successful candidate will possess strong analytical and follow-up skills","Typically, 2-4 years of related data analytics experience","Proficient with relational databases and using reporting tools such as Tableau, Snowflake, SAS, Python and Rapid SQL","Job requires experience using MS Office applications including MS Excel and MS PowerPoint","Basic understanding of UNIX, VBA & SharePoint","Ability to thrive in a face-paced team environment","Detail oriented with strong problem-solving abilities","Excellent verbal and written communication skills","Ability to understand and explain complex business concepts and reporting requirements","Ability to think critically and logically","Familiar with Multifamily data and systems","Knowledge of secondary mortgage market and Freddie Mac's business","Interacting and working effectively with internal customers as well as with all levels of management within and across departments","We consider all applicants for all positions without regard to gender, race, color, religion, national origin, age, marital status, veteran status, sexual orientation, gender identity\/expression, physical and mental disability, pregnancy, ethnicity, genetic information or any other protected categories under applicable federal, state or local laws"],"Benefits":["Information on these benefit programs is available on our Careers site","This position has an annualized market-based salary range of $82,000 - $124,000 and is eligible to participate in the annual incentive program","The final salary offered will generally fall within this range and is dependent on various factors including but not limited to the responsibilities of the position, experience, skill set, internal pay equity and other relevant qualifications of the applicant"],"Responsibilities":["This Multifamily Advanced Insights and Reporting (MF AIR) Data Analytics Professional position is in the Multifamily Division at Freddie Mac","This role will support the Multifamily line of business in building reporting solutions that are used to help manage the business","Help the Multifamily Division better manage their business through various reporting solutions","Find ways to grow the responsibilities and opportunities for our team to continue to support Multifamily in new and evolving ways","Ability to manage and prioritize multiple reporting tasks simultaneously"]},"job_onet_soc":"43911100","job_onet_job_zone":"4"}]}