{"__CLASS__":"Adzuna::API::Response::JobSearchResults","count":16848,"mean":113751.86,"results":[{"salary_min":70756.1,"description":"This role requires the ability to work lawfully in the U.S. without employment-based immigration sponsorship, now or in the future. Do you get excited by new innovations in technology? Are you someone who enjoys leveraging data to create a better experience for customers and employees? Analytical, strategic, and tech-savvy? Then working within our Business Planning & Workforce Management Team at Spectrum may be a great fit for you. At Spectrum, we keep millions of customers connected across our\u2026","company":{"__CLASS__":"Adzuna::API::Response::Company","display_name":"SPECTRUM"},"adref":"eyJhbGciOiJIUzI1NiJ9.eyJzIjoiMXJpZktrN0E4QkdJS3RDR1NaOGpVQSIsImkiOiI1NDkwNzc4NDM0In0.-WqI38DXOF0hK88Bzm6HmqWHjKP3tKoPQvNI_U3nVL8","created":"2025-11-11T08:21:04Z","__CLASS__":"Adzuna::API::Response::Job","title":"Data Analyst","category":{"tag":"it-jobs","__CLASS__":"Adzuna::API::Response::Category","label":"IT Jobs"},"id":"5490778434","longitude":-73.54218,"redirect_url":"https:\/\/www.adzuna.com\/land\/ad\/5490778434?se=1rifKk7A8BGIKtCGSZ8jUA&utm_medium=api&utm_source=a306aa16&v=EBBFC46B09195BE0BE3E03DFA86B19D522088555","location":{"area":["US","Connecticut","Fairfield County","Stamford"],"display_name":"Stamford, Fairfield County","__CLASS__":"Adzuna::API::Response::Location"},"salary_is_predicted":"1","latitude":41.054097,"salary_max":70756.1},{"location":{"area":["US","Connecticut","Fairfield County","Stamford"],"display_name":"Stamford, Fairfield County","__CLASS__":"Adzuna::API::Response::Location"},"redirect_url":"https:\/\/www.adzuna.com\/land\/ad\/5489720854?se=1rifKk7A8BGIKtCGSZ8jUA&utm_medium=api&utm_source=a306aa16&v=1191F08F608F69EC5040A0253D44072AA0404204","id":"5489720854","longitude":-73.54218,"category":{"__CLASS__":"Adzuna::API::Response::Category","label":"IT Jobs","tag":"it-jobs"},"title":"Data Analyst","salary_max":69929.23,"latitude":41.054097,"salary_is_predicted":"1","created":"2025-11-10T14:12:10Z","adref":"eyJhbGciOiJIUzI1NiJ9.eyJpIjoiNTQ4OTcyMDg1NCIsInMiOiIxcmlmS2s3QThCR0lLdENHU1o4alVBIn0.Iodo27Jj49I_5qxoBgshtLXLwwOcdxoIjKGE_occnHM","company":{"__CLASS__":"Adzuna::API::Response::Company","display_name":"SPECTRUM"},"salary_min":69929.23,"description":"This role requires the ability to work lawfully in the U.S. without employment-based immigration sponsorship, now or in the future. Do you excel at working cross-functionally to achieve common goals? Would you describe yourself as collaborative, analytical, strategic, and data-driven? If so, you could find a home on the Business Planning team at Spectrum. At Spectrum, we keep our customers connected across a 41-state footprint. Our Business Planning team manages the planning and forecasting for\u2026","__CLASS__":"Adzuna::API::Response::Job"},{"__CLASS__":"Adzuna::API::Response::Job","adref":"eyJhbGciOiJIUzI1NiJ9.eyJzIjoiMXJpZktrN0E4QkdJS3RDR1NaOGpVQSIsImkiOiI1NDg5NzIwODUxIn0.oauqDNJbAWmcNWvuEndxPjuEqYSjG9kqCLrMMMGxwXc","created":"2025-11-10T14:12:10Z","company":{"display_name":"SPECTRUM","__CLASS__":"Adzuna::API::Response::Company"},"description":"This role requires the ability to work lawfully in the U.S. without employment-based immigration sponsorship, now or in the future. Do you excel at working cross-functionally to achieve common goals? Would you describe yourself as collaborative, analytical, strategic, and data-driven? If so, you could find a home on the Business Planning team at Spectrum. At Spectrum, we keep our customers connected across a 41-state footprint. Our Business Planning team manages the planning and forecasting for\u2026","salary_min":67485.82,"latitude":41.054097,"salary_max":67485.82,"salary_is_predicted":"1","redirect_url":"https:\/\/www.adzuna.com\/land\/ad\/5489720851?se=1rifKk7A8BGIKtCGSZ8jUA&utm_medium=api&utm_source=a306aa16&v=71B8EA6350ACC97A2CF752DE8D0D369830309E1D","location":{"__CLASS__":"Adzuna::API::Response::Location","area":["US","Connecticut","Fairfield County","Stamford"],"display_name":"Stamford, Fairfield County"},"title":"Data Analyst","id":"5489720851","category":{"tag":"it-jobs","label":"IT Jobs","__CLASS__":"Adzuna::API::Response::Category"},"longitude":-73.54218},{"latitude":36.091526,"salary_max":60934.88,"salary_is_predicted":"1","redirect_url":"https:\/\/www.adzuna.com\/land\/ad\/5485691315?se=1rifKk7A8BGIKtCGSZ8jUA&utm_medium=api&utm_source=a306aa16&v=0B40A5DB7FA0A52AA436EC568F65DB35AE4FEB38","location":{"__CLASS__":"Adzuna::API::Response::Location","display_name":"Haw River, Alamance County","area":["US","North Carolina","Alamance County","Haw River"]},"title":"Data Analyst- Quality Control","longitude":-79.364186,"id":"5485691315","category":{"__CLASS__":"Adzuna::API::Response::Category","label":"IT Jobs","tag":"it-jobs"},"__CLASS__":"Adzuna::API::Response::Job","adref":"eyJhbGciOiJIUzI1NiJ9.eyJpIjoiNTQ4NTY5MTMxNSIsInMiOiIxcmlmS2s3QThCR0lLdENHU1o4alVBIn0.kRqNI8BrvUrO0j7uxChs1fV3Cvn7jDO0GOUp-dzfVyA","created":"2025-11-07T11:12:51Z","description":"Job Description Job Description We are currently seeking a Data Analyst in Quality Control with strong technical knowledge in automated inspection systems to support continuous improvement and ensure product quality in ablow molding manufacturing environment. The ideal candidate will collect, analyze, and interpret production and quality data, while optimizing inspection system performance and driving data-based decisions for process improvements. What\u2019s In it for You? Stable, growing organizat\u2026","company":{"display_name":"Plastic Bottle and Container Manufacturer","__CLASS__":"Adzuna::API::Response::Company"},"salary_min":60934.88},{"__CLASS__":"Adzuna::API::Response::Job","salary_min":76327.05,"description":"Position Highlights Department: Cancer Center Hours: 40.00 per week Shift: Shift 1 Position Summary The Tumor Registrar (Oncology Data Specialist) assures thorough, accurate and quality data collection as required by the Commission on Cancer (CoC), the Surveillance, Epidemiology and End Results Program (SEER) and State of Connecticut. This includes case-finding, abstraction, follow-up and reporting requirements. This role will maintain accurate cancer registry data, ensuring all cancer cases ar\u2026","contract_time":"full_time","adref":"eyJhbGciOiJIUzI1NiJ9.eyJzIjoiMXJpZktrN0E4QkdJS3RDR1NaOGpVQSIsImkiOiI1NDg0ODI5MDMzIn0.SJJh4VCxIVKWOr8OqxWJ_wDaj-16tzQkYrYffDXW_TI","created":"2025-11-07T01:06:59Z","salary_is_predicted":"1","salary_max":76327.05,"id":"5484829033","longitude":-72.874008,"category":{"__CLASS__":"Adzuna::API::Response::Category","label":"Healthcare & Nursing Jobs","tag":"healthcare-nursing-jobs"},"company":{"__CLASS__":"Adzuna::API::Response::Company","display_name":"Middlesex Health"},"latitude":41.606794,"title":"Cancer Data Analyst","redirect_url":"https:\/\/www.adzuna.com\/land\/ad\/5484829033?se=1rifKk7A8BGIKtCGSZ8jUA&utm_medium=api&utm_source=a306aa16&v=EE8D5429DDED8A5AA5D8F0747BCB15387F0C8CB2","location":{"display_name":"Southington, Hartford County","area":["US","Connecticut","Hartford County","Southington"],"__CLASS__":"Adzuna::API::Response::Location"}},{"company":{"display_name":"Middlesex Health","__CLASS__":"Adzuna::API::Response::Company"},"title":"Oncology Data Analyst","redirect_url":"https:\/\/www.adzuna.com\/land\/ad\/5484828866?se=1rifKk7A8BGIKtCGSZ8jUA&utm_medium=api&utm_source=a306aa16&v=52EDF80077A15DDA73A488A58475A30C936EFC2A","location":{"area":["US","Connecticut","New Haven County","Yalesville"],"display_name":"Yalesville, New Haven County","__CLASS__":"Adzuna::API::Response::Location"},"latitude":41.536072,"description":"Position Highlights Department: Cancer Center Hours: 40.00 per week Shift: Shift 1 Position Summary The Tumor Registrar (Oncology Data Specialist) assures thorough, accurate and quality data collection as required by the Commission on Cancer (CoC), the Surveillance, Epidemiology and End Results Program (SEER) and State of Connecticut. This includes case-finding, abstraction, follow-up and reporting requirements. This role will maintain accurate cancer registry data, ensuring all cancer cases ar\u2026","salary_min":95971.77,"contract_time":"full_time","adref":"eyJhbGciOiJIUzI1NiJ9.eyJpIjoiNTQ4NDgyODg2NiIsInMiOiIxcmlmS2s3QThCR0lLdENHU1o4alVBIn0.77N2_wqVQ5DxelvgbbXS5eM9ft-aTxyybg8P_3kl8-k","created":"2025-11-07T01:06:57Z","__CLASS__":"Adzuna::API::Response::Job","longitude":-72.822869,"id":"5484828866","category":{"__CLASS__":"Adzuna::API::Response::Category","label":"Healthcare & Nursing Jobs","tag":"healthcare-nursing-jobs"},"salary_is_predicted":"1","salary_max":95971.77},{"title":"Bioinformatician\/Research Data Analyst 1","category":{"tag":"scientific-qa-jobs","__CLASS__":"Adzuna::API::Response::Category","label":"Scientific & QA Jobs"},"id":"5486833863","longitude":-122.1696,"redirect_url":"https:\/\/www.adzuna.com\/land\/ad\/5486833863?se=1rifKk7A8BGIKtCGSZ8jUA&utm_medium=api&utm_source=a306aa16&v=1C844639BAAE30954FE5AFE2B2FF0C5F6270D7EC","location":{"area":["US","California","Santa Clara County","Stanford"],"display_name":"Stanford, Santa Clara County","__CLASS__":"Adzuna::API::Response::Location"},"salary_is_predicted":"1","latitude":37.41888,"salary_max":154501.92,"salary_min":154501.92,"description":"Situated in Stanford\u2019s highly dynamic research environment the Curtis Laboratory ( http:\/\/med.stanford.edu\/curtislab.html ), led by Christina Curtis, PhD, is seeking a bioinformatician\/Research Data Analyst 1 to join the Cancer Computational and Systems Biology group. The Curtis Laboratory is administratively situated within the Stanford Cancer Institute and is integrated within Stanford University and the School of Medicine\u2019s Departments of Medicine (Oncology) and Genetics. The SCI is part of \u2026","company":{"display_name":"Stanford University","__CLASS__":"Adzuna::API::Response::Company"},"adref":"eyJhbGciOiJIUzI1NiJ9.eyJpIjoiNTQ4NjgzMzg2MyIsInMiOiIxcmlmS2s3QThCR0lLdENHU1o4alVBIn0.fBk1oJyvpRzRvc0ygcBupeatLc4BoV87oT5ozee7hPk","created":"2025-11-08T04:16:47Z","__CLASS__":"Adzuna::API::Response::Job"},{"company":{"display_name":"BlueHalo LLC","__CLASS__":"Adzuna::API::Response::Company"},"latitude":35.070077,"location":{"display_name":"Sandia Base, Bernalillo County","area":["US","New Mexico","Bernalillo County","Sandia Base"],"__CLASS__":"Adzuna::API::Response::Location"},"redirect_url":"https:\/\/www.adzuna.com\/details\/5246717539?utm_medium=api&utm_source=a306aa16","title":"Data Science Analyst","__CLASS__":"Adzuna::API::Response::Job","created":"2025-06-12T12:27:24Z","adref":"eyJhbGciOiJIUzI1NiJ9.eyJzIjoiMXJpZktrN0E4QkdJS3RDR1NaOGpVQSIsImkiOiI1MjQ2NzE3NTM5In0.cFJLEzkoBKidv2PN5Q2o99zEWH3uzsnU-9uJX_OUiT8","contract_time":"full_time","description":"In support of the Joint Navigation Warfare Center (JNWC) contract, you will be part of our team\u2019s efforts to empower the Department of Defense\u2019s navigation warfare (NAVWAR) mission to ensure positioning, navigation, and navigation timing superiority. Our mission is to provide combatant commanders and joint force commanders with subject matter expertise on planning and conducting NAVWAR by providing knowledge of friendly and enemy NAVWAR Order of Battle and PNT-related successes and threats. Mor\u2026","salary_min":79899.02,"salary_max":79899.02,"salary_is_predicted":"1","id":"5246717539","longitude":-106.504343,"category":{"tag":"engineering-jobs","label":"Engineering Jobs","__CLASS__":"Adzuna::API::Response::Category"}},{"title":"Cancer Registry Data Analyst","redirect_url":"https:\/\/www.adzuna.com\/land\/ad\/5484828815?se=1rifKk7A8BGIKtCGSZ8jUA&utm_medium=api&utm_source=a306aa16&v=BD74233305D947278A4B47F850E470B9EE70358C","location":{"__CLASS__":"Adzuna::API::Response::Location","display_name":"New Britain, Hartford County","area":["US","Connecticut","Hartford County","New Britain"]},"latitude":41.666115,"company":{"display_name":"Middlesex Health","__CLASS__":"Adzuna::API::Response::Company"},"id":"5484828815","longitude":-72.771024,"category":{"__CLASS__":"Adzuna::API::Response::Category","label":"Healthcare & Nursing Jobs","tag":"healthcare-nursing-jobs"},"salary_is_predicted":"1","salary_max":86894.98,"salary_min":86894.98,"description":"Position Highlights Department: Cancer Center Hours: 40.00 per week Shift: Shift 1 Position Summary The Tumor Registrar (Oncology Data Specialist) assures thorough, accurate and quality data collection as required by the Commission on Cancer (CoC), the Surveillance, Epidemiology and End Results Program (SEER) and State of Connecticut. This includes case-finding, abstraction, follow-up and reporting requirements. This role will maintain accurate cancer registry data, ensuring all cancer cases ar\u2026","contract_time":"full_time","adref":"eyJhbGciOiJIUzI1NiJ9.eyJpIjoiNTQ4NDgyODgxNSIsInMiOiIxcmlmS2s3QThCR0lLdENHU1o4alVBIn0.9ADwyZMh3bwKyVEPsXulGuYi--MoRuh2xBdCZ2ynwKw","created":"2025-11-07T01:06:56Z","__CLASS__":"Adzuna::API::Response::Job"},{"__CLASS__":"Adzuna::API::Response::Job","created":"2023-10-15T15:06:22Z","adref":"eyJhbGciOiJIUzI1NiJ9.eyJzIjoiMXJpZktrN0E4QkdJS3RDR1NaOGpVQSIsImkiOiI0MzczMjY0MzI5In0.NmnGu4AxyfkJwy1pMAGdrY2UHpVSPKjbtXc1jfQoENw","salary_min":61787.71,"company":{"__CLASS__":"Adzuna::API::Response::Company","display_name":"Insight Global"},"description":"Job Description Insight Global is looking for 2 Data Analysts to join the Product team of one of our clients. This person will be a part of a huge data quality initiative to help improve the customer facing website. This person will be working heavily in Excel and will be taking part in Data Tracking, sourcing, and cleaning We are a company committed to creating inclusive environments where people can bring their full, authentic selves to work every day. We are an equal opportunity employer tha\u2026","salary_max":61787.71,"latitude":42.4756,"salary_is_predicted":"1","location":{"__CLASS__":"Adzuna::API::Response::Location","area":["US","Michigan","Oakland County","Lathrup Village"],"display_name":"Lathrup Village, Oakland County"},"redirect_url":"https:\/\/www.adzuna.com\/land\/ad\/4373264329?se=1rifKk7A8BGIKtCGSZ8jUA&utm_medium=api&utm_source=a306aa16&v=C8012216A319EA65BBC7733FB96CE9B037B86EA5","longitude":-83.259196,"id":"4373264329","category":{"tag":"it-jobs","__CLASS__":"Adzuna::API::Response::Category","label":"IT Jobs"},"title":"Data Analyst"},{"salary_is_predicted":"1","latitude":36.14946,"salary_max":68326.92,"title":"Data Analyst","id":"5492641489","category":{"__CLASS__":"Adzuna::API::Response::Category","label":"IT Jobs","tag":"it-jobs"},"longitude":-86.78903,"redirect_url":"https:\/\/www.adzuna.com\/land\/ad\/5492641489?se=1rifKk7A8BGIKtCGSZ8jUA&utm_medium=api&utm_source=a306aa16&v=95B302A749B11CA3AAA754436AAE6ADB844EAEF8","location":{"area":["US","Tennessee","Davidson County","Nashville"],"display_name":"Nashville, Davidson County","__CLASS__":"Adzuna::API::Response::Location"},"__CLASS__":"Adzuna::API::Response::Job","salary_min":68326.92,"description":"Description Robert Half is seeking a Contract Data Analyst to join our client's team. As a Data Analyst, you will be responsible for collecting, processing, and analyzing data to provide actionable insights that support business decisions. This contract position offers an exciting opportunity to work with a dynamic team and help drive data-driven strategies for a respected organization. Key Responsibilities:  Data Collection and Analysis: Collect, clean, and analyze data from various sources to\u2026","company":{"__CLASS__":"Adzuna::API::Response::Company","display_name":"Robert Half"},"adref":"eyJhbGciOiJIUzI1NiJ9.eyJzIjoiMXJpZktrN0E4QkdJS3RDR1NaOGpVQSIsImkiOiI1NDkyNjQxNDg5In0.gCqqEfpgZVAHxhgccNdJuxn8YcBK4c7dKvsfz52-u6E","created":"2025-11-12T14:33:16Z"},{"location":{"__CLASS__":"Adzuna::API::Response::Location","area":["US","North Carolina","Mecklenburg County","Charlotte"],"display_name":"Charlotte, Mecklenburg County"},"redirect_url":"https:\/\/www.adzuna.com\/land\/ad\/5480747404?se=1rifKk7A8BGIKtCGSZ8jUA&utm_medium=api&utm_source=a306aa16&v=B50C3D90E9E9EEC7B17B4154AAA4AEE87C083960","category":{"__CLASS__":"Adzuna::API::Response::Category","label":"IT Jobs","tag":"it-jobs"},"id":"5480747404","longitude":-80.82779,"title":"Data Analyst","salary_max":146179.48,"latitude":35.21514,"salary_is_predicted":"1","created":"2025-11-04T12:49:48Z","adref":"eyJhbGciOiJIUzI1NiJ9.eyJzIjoiMXJpZktrN0E4QkdJS3RDR1NaOGpVQSIsImkiOiI1NDgwNzQ3NDA0In0.D4Q4iKB8sXME94wQgfOVCdnAPYGDnUr7X-z1O4O6P9s","salary_min":146179.48,"company":{"display_name":"ManpowerGroup","__CLASS__":"Adzuna::API::Response::Company"},"description":"Our client, a leading organization in the research and development sector, is seeking a dedicated Data Analyst to join their innovative team. As a Data Analyst, you will be instrumental in supporting R&D initiatives by gathering, cleaning, and interpreting data to uncover meaningful trends and deliver actionable insights. The ideal candidate will demonstrate analytical thinking, attention to detail, and collaborative spirit, aligning seamlessly with the organization's goals and values. Job Titl\u2026","__CLASS__":"Adzuna::API::Response::Job"},{"__CLASS__":"Adzuna::API::Response::Job","adref":"eyJhbGciOiJIUzI1NiJ9.eyJpIjoiNTQ0NzY4MDMzNSIsInMiOiIxcmlmS2s3QThCR0lLdENHU1o4alVBIn0.oI-DNeXYXA_N1ZtNbW3kI9VGb3kHkKvcDIa3_AE3mqQ","created":"2025-10-14T19:23:59Z","company":{"display_name":"ManpowerGroup","__CLASS__":"Adzuna::API::Response::Company"},"salary_min":160987.55,"description":"Our client, _a leader in the manufacturing industry_ , is seeking a Data Analyst to join their team in Maplewood, MN . As a Data Analyst, you will be supporting various business functions. The ideal candidate will demonstrate attention to detail, strong analytical skills, and effective communication, which will align successfully in the organization. Job Title: Data Analyst Location: Maplewood, MN (100% Onsite, Mon-Fri, 1st Shift, flexible around core hours) Pay Range: $21\/HR  Benefits Contract\u2026","latitude":44.95324,"salary_max":160987.55,"salary_is_predicted":"1","redirect_url":"https:\/\/www.adzuna.com\/land\/ad\/5447680335?se=1rifKk7A8BGIKtCGSZ8jUA&utm_medium=api&utm_source=a306aa16&v=0FC2523EB36594F68CC788060FEFEC4E0538313D","location":{"__CLASS__":"Adzuna::API::Response::Location","display_name":"Maplewood, Ramsey County","area":["US","Minnesota","Ramsey County","Maplewood"]},"title":"Data Analyst","id":"5447680335","longitude":-93.007668,"category":{"tag":"it-jobs","__CLASS__":"Adzuna::API::Response::Category","label":"IT Jobs"}},{"__CLASS__":"Adzuna::API::Response::Job","salary_min":115911.98,"description":"Description Our healthcare client is looking for a Data Analyst to join there Data Group. The ideal candidate needs strong Power BI skills, the ability to build semantic models, analyze data, create interactive dashboards, and understand data modeling concepts like star schema and Kimball models. The role requires someone who understands how data is set up and structured, not just an end-user creating visuals from pre-modeled data. Position Description: The Data Analyst II plays a critical role\u2026","company":{"__CLASS__":"Adzuna::API::Response::Company","display_name":"TEKsystems"},"created":"2025-10-28T14:35:21Z","adref":"eyJhbGciOiJIUzI1NiJ9.eyJzIjoiMXJpZktrN0E4QkdJS3RDR1NaOGpVQSIsImkiOiI1NDY4NDU5Mjg3In0.QCHJKKA5oI56u296e0xzwISWkmdhCPTAXtgNdtrQiLM","salary_is_predicted":"1","salary_max":115911.98,"latitude":39.205747,"id":"5468459287","longitude":-76.831795,"category":{"tag":"it-jobs","label":"IT Jobs","__CLASS__":"Adzuna::API::Response::Category"},"title":"Data Analyst","location":{"__CLASS__":"Adzuna::API::Response::Location","display_name":"Simpsonville, Howard County","area":["US","Maryland","Howard County","Simpsonville"]},"redirect_url":"https:\/\/www.adzuna.com\/land\/ad\/5468459287?se=1rifKk7A8BGIKtCGSZ8jUA&utm_medium=api&utm_source=a306aa16&v=FFB577208A62006648BBBA94CFBE9DFFF5A944BF"},{"__CLASS__":"Adzuna::API::Response::Job","description":"Job Description We are seeking a Data Analyst to join a large telecom client a contract basis. This role will focus on managing data inventory for renewals and automation initiatives, ensuring accuracy, scalability, and compliance across large datasets by gathering data from various sources, including databases, APIs, and web scraping. Additionally this person will oversee cleaning and preparing data for analysis, including handling missing values, correcting errors, and removing inconsistencie\u2026","salary_min":98533.12,"company":{"display_name":"Insight Global","__CLASS__":"Adzuna::API::Response::Company"},"adref":"eyJhbGciOiJIUzI1NiJ9.eyJpIjoiNTQ4NzU0NjM1OSIsInMiOiIxcmlmS2s3QThCR0lLdENHU1o4alVBIn0.297Nu1uL3INcU2aQ15uGhzRE_KMqT_f_WlYApvea_fY","created":"2025-11-08T13:19:25Z","salary_is_predicted":"1","latitude":39.646985,"salary_max":98533.12,"title":"Data Analyst","longitude":-104.971884,"id":"5487546359","category":{"tag":"it-jobs","label":"IT Jobs","__CLASS__":"Adzuna::API::Response::Category"},"redirect_url":"https:\/\/www.adzuna.com\/land\/ad\/5487546359?se=1rifKk7A8BGIKtCGSZ8jUA&utm_medium=api&utm_source=a306aa16&v=F9F27466E4E510DBDA2867AE4337656E1A684471","location":{"display_name":"Englewood, Arapahoe County","area":["US","Colorado","Arapahoe County","Englewood"],"__CLASS__":"Adzuna::API::Response::Location"}},{"latitude":38.89969,"salary_max":97880.7,"salary_is_predicted":"1","redirect_url":"https:\/\/www.adzuna.com\/land\/ad\/5431964735?se=1rifKk7A8BGIKtCGSZ8jUA&utm_medium=api&utm_source=a306aa16&v=34D2CFFE2B4D1E4288A44616F4943A49951534A1","location":{"__CLASS__":"Adzuna::API::Response::Location","display_name":"Washington, D.C., US","area":["US","Washington, D.C."]},"title":"Data Analyst","category":{"label":"IT Jobs","__CLASS__":"Adzuna::API::Response::Category","tag":"it-jobs"},"id":"5431964735","longitude":-77.02717,"__CLASS__":"Adzuna::API::Response::Job","adref":"eyJhbGciOiJIUzI1NiJ9.eyJzIjoiMXJpZktrN0E4QkdJS3RDR1NaOGpVQSIsImkiOiI1NDMxOTY0NzM1In0.1RrV-GApdCcemYC1zsPQcSv08pPs2UwXw82Mub2YYyM","created":"2025-10-04T19:30:10Z","company":{"display_name":"SAIC","__CLASS__":"Adzuna::API::Response::Company"},"description":"Description SAIC is seeking a Data Analyst to join the Machine-assisted Analytic Rapid-repository System (MARS) Advanced Development Operations (DevOps) and Sustainment Support (ADOS) program and provide support to facilitate operations of critical MARS infrastructure and services. This effort focuses on providing a comprehensive set of System\/ Software Engineering and IT Services to maintain, sustain, enhance, and improve\/ modernize MARS. The ideal candidate will be located in the National Cap\u2026","salary_min":97880.7},{"adref":"eyJhbGciOiJIUzI1NiJ9.eyJpIjoiNTQzNjQ5MTkzMCIsInMiOiIxcmlmS2s3QThCR0lLdENHU1o4alVBIn0.q39Ha8wIaYk3koZ1Ik7c160StAWiqEpSbf0i_YnDN5M","created":"2025-10-07T19:31:45Z","company":{"display_name":"TAD PGS, Inc.","__CLASS__":"Adzuna::API::Response::Company"},"salary_min":102678.12,"description":"We have an outstanding Contract position for aData Analystto join a leading Company located in theWashington, DCsurrounding area. Pay Rate: $48.07 - $52.88 US Citizenship is required. Candidate must possess an Active Top Secret\/SCI Security Clearance. Th e Quantitative Data Analyst helps with the interpretation, implementation, analysis, and visualization of large amounts of data within OCIO into more readable formats for customer personnel and our partners within the organization's cybersecuri\u2026","__CLASS__":"Adzuna::API::Response::Job","redirect_url":"https:\/\/www.adzuna.com\/land\/ad\/5436491930?se=1rifKk7A8BGIKtCGSZ8jUA&utm_medium=api&utm_source=a306aa16&v=231A01116D0FBE7A738F7DE45A3B3E12CD4EE54C","location":{"__CLASS__":"Adzuna::API::Response::Location","area":["US","Washington, D.C."],"display_name":"Washington, D.C., US"},"title":"Data Analyst","longitude":-77.02717,"id":"5436491930","category":{"tag":"it-jobs","label":"IT Jobs","__CLASS__":"Adzuna::API::Response::Category"},"latitude":38.89969,"salary_max":102678.12,"salary_is_predicted":"1"},{"created":"2025-09-16T18:21:50Z","adref":"eyJhbGciOiJIUzI1NiJ9.eyJpIjoiNTQwMTg3MDQxMCIsInMiOiIxcmlmS2s3QThCR0lLdENHU1o4alVBIn0.u8dxgHF5X-yYGvgNL4IhxzLgHRbP1wJI9KkoNybX4S4","salary_min":93847.08,"company":{"__CLASS__":"Adzuna::API::Response::Company","display_name":"Eliassen Group"},"description":"Data Analyst Anywhere Type: Contract Category: Data Industry: Communications Workplace Type: Remote Reference ID: JN -092025-103658 Date Posted: 11\/10\/2025 Shortcut: http:\/\/careers.eliassen.com\/fpGnN0  Description  Recommended Jobs Description: 100% Remote Our major Media Client is seeking a Data Analyst to join a driven and highly motivated team, who is responsible for managing their content supply chain, including ingest, QC, prep, and fulfillment to deliver content on behalf of the company's\u2026","__CLASS__":"Adzuna::API::Response::Job","location":{"__CLASS__":"Adzuna::API::Response::Location","area":["US","North Carolina","Wake County","Five Points"],"display_name":"Five Points, Wake County"},"redirect_url":"https:\/\/www.adzuna.com\/land\/ad\/5401870410?se=1rifKk7A8BGIKtCGSZ8jUA&utm_medium=api&utm_source=a306aa16&v=D4AAA84D7BFFF106B9880E39189DDC3FE5C2BB24","longitude":-78.646597,"id":"5401870410","category":{"tag":"consultancy-jobs","label":"Consultancy Jobs","__CLASS__":"Adzuna::API::Response::Category"},"title":"Data Analyst","salary_max":93847.08,"latitude":35.807915,"salary_is_predicted":"1"},{"__CLASS__":"Adzuna::API::Response::Job","description":"Data Analyst Anywhere Type: Contract Category: Data Industry: Communications Workplace Type: Remote Reference ID: JN -092025-103658 Date Posted: 11\/10\/2025 Shortcut: http:\/\/careers.eliassen.com\/fpGnN0  Description  Recommended Jobs Description: 100% Remote Our major Media Client is seeking a Data Analyst to join a driven and highly motivated team, who is responsible for managing their content supply chain, including ingest, QC, prep, and fulfillment to deliver content on behalf of the company's\u2026","salary_min":88382.99,"company":{"display_name":"Eliassen Group","__CLASS__":"Adzuna::API::Response::Company"},"created":"2025-09-16T18:38:13Z","adref":"eyJhbGciOiJIUzI1NiJ9.eyJpIjoiNTQwMjIxOTA1MyIsInMiOiIxcmlmS2s3QThCR0lLdENHU1o4alVBIn0.OkgB2SPYT7Iji-Wou555TM_M0E058LK9rl8H0LMAPk0","salary_is_predicted":"1","salary_max":88382.99,"latitude":39.16387,"id":"5402219053","longitude":-119.76618,"category":{"__CLASS__":"Adzuna::API::Response::Category","label":"Consultancy Jobs","tag":"consultancy-jobs"},"title":"Data Analyst","location":{"area":["US","Nevada","Carson City","Carson Mall"],"display_name":"Carson Mall, Carson City","__CLASS__":"Adzuna::API::Response::Location"},"redirect_url":"https:\/\/www.adzuna.com\/land\/ad\/5402219053?se=1rifKk7A8BGIKtCGSZ8jUA&utm_medium=api&utm_source=a306aa16&v=ED536D586F312F8AF81F44F0712E9F7BE699DBB5"},{"__CLASS__":"Adzuna::API::Response::Job","description":"Data Analyst Anywhere Type: Contract Category: Data Industry: Communications Workplace Type: Remote Reference ID: JN -092025-103658 Date Posted: 11\/10\/2025 Shortcut: http:\/\/careers.eliassen.com\/fpGnN0  Description  Recommended Jobs Description: 100% Remote Our major Media Client is seeking a Data Analyst to join a driven and highly motivated team, who is responsible for managing their content supply chain, including ingest, QC, prep, and fulfillment to deliver content on behalf of the company's\u2026","salary_min":124096.3,"company":{"display_name":"Eliassen Group","__CLASS__":"Adzuna::API::Response::Company"},"adref":"eyJhbGciOiJIUzI1NiJ9.eyJpIjoiNTQwMjIxOTM2MiIsInMiOiIxcmlmS2s3QThCR0lLdENHU1o4alVBIn0.h7qsn8Ey39gVdF0gmrcybGStnshFinq2Xj9pVJvkDPU","created":"2025-09-16T18:38:15Z","salary_is_predicted":"1","latitude":43.231594,"salary_max":124096.3,"title":"Data Analyst","category":{"tag":"consultancy-jobs","label":"Consultancy Jobs","__CLASS__":"Adzuna::API::Response::Category"},"id":"5402219362","longitude":-71.560077,"redirect_url":"https:\/\/www.adzuna.com\/land\/ad\/5402219362?se=1rifKk7A8BGIKtCGSZ8jUA&utm_medium=api&utm_source=a306aa16&v=D6E8A72BC7640C1270EE632ED2CB16AB2B8ED4AF","location":{"__CLASS__":"Adzuna::API::Response::Location","display_name":"Concord, Merrimack County","area":["US","New Hampshire","Merrimack County","Concord"]}}]}