{"status":"OK","request_id":"317c2a2a-ee5b-48b8-889d-3074d420fbbb","parameters":{"query":"Internship","page":1,"num_pages":1,"country":"us","language":"en"},"data":[{"job_id":"pa5vvlp98cC0sFCvAAAAAA==","job_title":"Spring 2026 Internship","employer_name":"Senator Sheldon Whitehouse","employer_logo":"https:\/\/encrypted-tbn0.gstatic.com\/images?q=tbn:ANd9GcReryRRPXGQZOLjG4PEU3QLHvjUhOwyijtfwH9n&s=0","employer_website":"https:\/\/www.whitehouse.senate.gov","job_publisher":"Senate Employment Bulletin - Senate.gov","job_employment_type":"Internship","job_employment_types":["INTERN"],"job_apply_link":"https:\/\/careers.employment.senate.gov\/job\/spring-2026-internship-washington-district-of-columbia-0301?utm_campaign=google_jobs_apply&utm_source=google_jobs_apply&utm_medium=organic","job_apply_is_direct":false,"apply_options":[{"publisher":"Senate Employment Bulletin - Senate.gov","apply_link":"https:\/\/careers.employment.senate.gov\/job\/spring-2026-internship-washington-district-of-columbia-0301?utm_campaign=google_jobs_apply&utm_source=google_jobs_apply&utm_medium=organic","is_direct":false},{"publisher":"Indeed","apply_link":"https:\/\/www.indeed.com\/viewjob?jk=5efff31ac93ec0f0&utm_campaign=google_jobs_apply&utm_source=google_jobs_apply&utm_medium=organic","is_direct":false},{"publisher":"Daybook","apply_link":"https:\/\/www.daybook.com\/job\/spring-2026-internship-qDkQj3KR6ws7ceqbt?utm_campaign=google_jobs_apply&utm_source=google_jobs_apply&utm_medium=organic","is_direct":false},{"publisher":"ZipRecruiter","apply_link":"https:\/\/www.ziprecruiter.com\/c\/John-F.-Kennedy-Center\/Job\/Spring-2026-Internship\/-in-Washington,DC?jid=a7bb948274bc808c&utm_campaign=google_jobs_apply&utm_source=google_jobs_apply&utm_medium=organic","is_direct":true},{"publisher":"LinkedIn","apply_link":"https:\/\/www.linkedin.com\/jobs\/view\/spring-2026-internship-at-the-john-f-kennedy-center-for-the-performing-arts-4315084490?utm_campaign=google_jobs_apply&utm_source=google_jobs_apply&utm_medium=organic","is_direct":false},{"publisher":"Glassdoor","apply_link":"https:\/\/www.glassdoor.com\/job-listing\/spring-2026-internship-john-f-kennedy-center-JV_IC1138213_KO0,22_KE23,44.htm?jl=1009908823382&utm_campaign=google_jobs_apply&utm_source=google_jobs_apply&utm_medium=organic","is_direct":true},{"publisher":"SimplyHired","apply_link":"https:\/\/www.simplyhired.com\/job\/4wBXmljOLWF9KwTtQ5vHvRJMgOtO0euVc8NKpJUKClGGbjFE3tyOgA?utm_campaign=google_jobs_apply&utm_source=google_jobs_apply&utm_medium=organic","is_direct":false},{"publisher":"BeBee","apply_link":"https:\/\/us.bebee.com\/job\/d377c5bf2580cfe9bf5c77a4b07d36dd?utm_campaign=google_jobs_apply&utm_source=google_jobs_apply&utm_medium=organic","is_direct":false}],"job_description":"The Office of Senator Sheldon Whitehouse (D-RI) seeks legislative and press interns for his Washington, DC and Providence, RI offices for Spring 2026. Responsibilities include answering phones, sorting mail, helping triage casework, drafting constituent correspondence, and assisting legislative staff with research. Internship positions are full or part time. This position requires outstanding organizational abilities, strong communication skills, attention to detail, and an ability to prioritize in a fast-paced office. The application deadline is Friday, November 14th at 11:59 PM. The office does not discriminate on the basis of an individual\u2019s race, color, religion, national origin, disability, age, uniformed service, genetic information, sex (including sexual orientation and gender identity) or any other factors. Individuals of diverse backgrounds are encouraged to apply. Interested candidates should visit Senator Whitehouse\u2019s website at https:\/\/www.whitehouse.senate.gov\/services\/internships. We look forward to reviewing your applications.","job_is_remote":false,"job_posted_at":"27 days ago","job_posted_at_timestamp":1760486400,"job_posted_at_datetime_utc":"2025-10-15T00:00:00.000Z","job_location":"Washington, DC","job_city":"Washington","job_state":"District of Columbia","job_country":"US","job_latitude":38.9071923,"job_longitude":-77.0368707,"job_benefits":null,"job_google_link":"https:\/\/www.google.com\/search?q=jobs&gl=us&hl=en&udm=8#vhid=vt%3D20\/docid%3Dpa5vvlp98cC0sFCvAAAAAA%3D%3D&vssid=jobs-detail-viewer","job_salary":null,"job_min_salary":null,"job_max_salary":null,"job_salary_period":null,"job_highlights":{"Qualifications":["This position requires outstanding organizational abilities, strong communication skills, attention to detail, and an ability to prioritize in a fast-paced office"],"Responsibilities":["Responsibilities include answering phones, sorting mail, helping triage casework, drafting constituent correspondence, and assisting legislative staff with research","Internship positions are full or part time"]},"job_onet_soc":"55301800","job_onet_job_zone":null},{"job_id":"yxYYZWi7yRpIXDy8AAAAAA==","job_title":"DAGA 2026 Spring Internship Opportunities","employer_name":"DAGA Inc","employer_logo":null,"employer_website":null,"job_publisher":"ZipRecruiter","job_employment_type":"Part-time","job_employment_types":["PARTTIME"],"job_apply_link":"https:\/\/www.ziprecruiter.com\/c\/DAGA-Inc\/Job\/DAGA-2026-Spring-Internship-Opportunities\/-in-Washington,DC?jid=1507fa1d7660fe9f&utm_campaign=google_jobs_apply&utm_source=google_jobs_apply&utm_medium=organic","job_apply_is_direct":true,"apply_options":[{"publisher":"ZipRecruiter","apply_link":"https:\/\/www.ziprecruiter.com\/c\/DAGA-Inc\/Job\/DAGA-2026-Spring-Internship-Opportunities\/-in-Washington,DC?jid=1507fa1d7660fe9f&utm_campaign=google_jobs_apply&utm_source=google_jobs_apply&utm_medium=organic","is_direct":true},{"publisher":"Jobilize","apply_link":"https:\/\/www.jobilize.com\/job\/us-dc-washington-daga-2026-spring-internship-opportunities-democratic?utm_campaign=google_jobs_apply&utm_source=google_jobs_apply&utm_medium=organic","is_direct":false}],"job_description":"\u2022 *AS OF 11\/10\/2025, WE ARE ONLY SEEKING APPLICATIONS FOR OUR VIDEO PRODUCTION AND DESIGN TEAM**\n\nThe Democratic Attorneys General Association provides political and policy support to Democratic State Attorneys General in their mission to protect citizens, promote progress, and support civil rights.\n\nDAGA is seeking energetic and hard-working students to join our internship program. This internship opportunity with DAGA is a one-of-a-kind Washington, DC experience that helps students learn more about the American political process. The term will begin in mid-January and end in May (start and end dates are flexible depending on student availability). This is a non-employment internship opportunity. Internships are part-time and unpaid, though DAGA can sign off on credit\/service hours. Interns are offered flexible work schedules and hours are capped at 20 hours a week. Interns can only exceed the capped amount of 20 hours a week if it is a school requirement or if they are part of an internship program. Interns will receive a $250\/week stipend to offset transportation and living costs. This will be an in-person internship.\n\nPlacement Areas\n\nDAGA offers internships in seven departments:\n\n\u25cf Communications\/Digital\n\n\u25cf Data\n\n\u25cf Development (Fundraising)\n\n\u25cf Policy\n\n\u25cf Political\n\n\u25cf Research\n\n\u25cf Video Production and Design (potential for remote work)\n\nQualifications\n\n\u25cf Currently enrolled in an undergraduate program, but graduate students may be considered depending on the department's needs\n\n\u25cf This is a fast-paced and fast-changing work environment that requires the ability to organize and handle multiple projects, set priorities and meet deadlines\n\n\u25cf Strong communication skills\n\n\u25cf Able to interact with individuals at many levels and handle confidential matters\n\n\u25cf Excellent attention to detail\n\n\u25cf Strong research and computer skills (MS Office, etc.), database (NGP) skills a plus\n\n\u25cf Humor, initiative, and openness to evolving responsibilities\n\nDAGA\u2019s office is open 9 AM \u2013 6 PM Eastern. Interns set a weekly schedule based on their availability, school schedule, and department needs. DAGA offices are in downtown DC.\n\nDAGA values a truly diverse workforce and is committed to a culture of inclusivity, respect, and integrity.\n\nWe strongly encourage people with disabilities, people of color, transgender and non-binary people, and people from diverse backgrounds to apply.\n\nDAGA is an equal opportunity employer, and it is our policy to recruit, hire, train, promote, and administer all personnel actions based on business needs, job requirements, and individual qualifications without regard to race; color; religion; national origin; sex: age; marital status; personal appearance; sexual orientation; gender identity or expression; family responsibilities; disability; genetic information; credit Information; status as a victim or family member of a victim of domestic violence, a sexual offense, or stalking. DAGA will not tolerate any unlawful discrimination or harassment based on any of these characteristics.\n\nResponsibilities by Department\n\nComms\/Digital\n\n\u2022 Monitor media coverage and compiling daily press clips of Democratic Attorneys General, candidates, events, and other key topics\n\n\u2022 Draft social media posts for Twitter, Facebook, Instagram, TikTok, and other social platforms\n\n\u2022 Track digital trends within political space and other related industries\n\n\u2022 Update key press lists and manage databases\n\n\u2022 Assist with drafting press materials, including advisories, releases, and statements\n\n\u2022 Contribute to discussions on earned media strategies and organic social campaigns\n\n\u2022 Analyze data from social and digital content and participate in brainstorming sessions around future content\n\n\u2022 Assist video producer and video intern by captioning news clips for social media\n\n\u2022 Support Communications team with other day-to-day tasks as needed\n\n\u2022 Interest or experience in graphic design and Canva tools is a plus but not necessary\n\nDevelopment\n\n\u2022 Work alongside development team to develop and steward relationships with corporations, labor unions, foundations, and individual donors\n\n\u2022 Support planning and execution of events with Attorneys General, candidates, DAGA partners, and prospective donors including but not limited to attendee tracking, pre-event outreach, post-event follow-up, and data management\n\n\u2022 Research and build prospects lists at the direction of development managers and associates\n\n\u2022 Conduct and track outreach to donor prospects\n\n\u2022 Compile daily development clips\n\n\u2022 Assist with call preparation and follow-up for Attorneys General and senior staff\n\n\u2022 Assist the fundraising team in day-to-day administrative and operational activities, including donor prospecting\n\n\u2022 Strengthen communication and organizational skills for cultivating relationships with donors and donor prospects\n\nData\n\n\u2022 Assist the Data Team in tracking polling, ads and campaign finance updates for current races\n\n\u2022 Compile summaries of issue polling for fast-moving current events important to the national political environment\n\n\u2022 Assist the Data Team in compiling spreadsheets of county-level and media market-level election results for analysis\n\n\u2022 Assist in creating maps to analyze county-level and media market-level election results\n\n\u2022 Assist in creating charts and other graphics as necessary of polling data\n\n\u2022 Assist the Data Team in day-to-day operational activities\n\nPolicy\n\n\u2022 Track actions taken by Democratic Attorneys General, including coalition lawsuits, important court opinions, amicus briefs, and closely monitor legislation at the state and federal level & maintain AG actions database\n\n\u2022 Track actions taken by all state attorneys general across a multitude of issue areas\n\n\u2022 Create and maintain Policy Team manual\n\n\u2022 Track internal requests to AGs\n\n\u2022 Edit and review written materials for content accuracy\n\n\u2022 Assist with internal and external policy meetings\n\n\u2022 Contribute to discussions on policy programs, briefings, and meetings\n\n\u2022 Assist in policy conference planning and other special projects\n\n\u2022 Draft memorandum and other written work products\n\n\u2022 Research legal and policy issues for the Policy department\n\n\u2022 Support other Policy department day-to-day tasks as needed\n\n\u2022 Maintain and update the Policy team email distribution list\n\nPolitical\n\n\u2022 Assist the Political team in day-to-day operational activities, including coordinating necessary follow-up with candidates or campaign managers\n\n\u2022 Track candidates, events, and other key topics\n\n\u2022 Facilitate communications internally in accordance with the campaign requests\n\n\u2022 Work with the team to ensure effective post-meeting\/event follow-up to support the cultivation of ongoing relationships\n\n\u2022 Conduct research on candidates at the direction of the Political Director and the Deputy Director\n\n\u2022 Track all traveling for candidates attending fundraisers and DAGA events\n\n\u2022 Help with events in the Washington D.C. area as needed\n\nPolitical Coding Research\n\n\u2022 Conduct research about oppositional candidates in key races.\n\n\u2022 Assist in market research to ensure that the research department is up to date on new research tools.\n\n\u2022 Assist in developing scrapers and other basic programming to improve the functionality of the research department.\n\n\u2022 Scrape and use large datasets to recognize fundraising patterns, etc.\n\n\u2022 Assist in media monitoring and the compilation of news articles pertaining to the political landscape of AGs and candidates;\n\n\u2022 Assist with transcriptions of media appearances of Republican AGs and candidates for use in campaign communications;\n\n\u2022 Help with other special projects, assignments, and tasks as assigned by the Research Team.\n\nVideo Production\/Design\n\nVideo and Design Production Additional Required Qualifications\n\n\u25cf Basic experience\/understanding of Sony cameras (A7S, FS5, FX9)\n\n\u25cf Intermediate video editing skills (Premiere Pro)\n\n\u25cf Basic After Effects skills\n\n\u25cf Basic experience\/understanding of audio mixing and color correction\n\n\u25cf Experience with Photoshop a plus\n\n\u25cf Strong sense of storytelling\n\n\u25cf Strong visual and design sense\n\n\u25cf Strong organizational skills\n\n\u25cf Ability to meet deadlines\n\nResponsibilities\n\n\u25cf Assist with video shoots, including setting up lights, operating camera, and audio monitoring\n\n\u25cf Upload, sort, tag, and edit raw video footage, including color correction and sound mixing\n\n\u25cf Create short video packages utilizing footage and basic animation\n\n\u25cf Transcribe interviews and caption videos\n\n\u25cf Write scripts\n\n\u25cf Create basic graphics for use in video packages","job_is_remote":false,"job_posted_at":"20 hours ago","job_posted_at_timestamp":1762819200,"job_posted_at_datetime_utc":"2025-11-11T00:00:00.000Z","job_location":"Washington, DC","job_city":"Washington","job_state":"District of Columbia","job_country":"US","job_latitude":38.9071923,"job_longitude":-77.0368707,"job_benefits":null,"job_google_link":"https:\/\/www.google.com\/search?q=jobs&gl=us&hl=en&udm=8#vhid=vt%3D20\/docid%3DyxYYZWi7yRpIXDy8AAAAAA%3D%3D&vssid=jobs-detail-viewer","job_salary":null,"job_min_salary":null,"job_max_salary":null,"job_salary_period":null,"job_highlights":{"Qualifications":["Currently enrolled in an undergraduate program, but graduate students may be considered depending on the department's needs","This is a fast-paced and fast-changing work environment that requires the ability to organize and handle multiple projects, set priorities and meet deadlines","Strong communication skills","Able to interact with individuals at many levels and handle confidential matters","Excellent attention to detail","Humor, initiative, and openness to evolving responsibilities","Video and Design Production Additional Required Qualifications","Basic experience\/understanding of Sony cameras (A7S, FS5, FX9)","Intermediate video editing skills (Premiere Pro)","Basic After Effects skills","Basic experience\/understanding of audio mixing and color correction","Strong sense of storytelling","Strong visual and design sense","Strong organizational skills","Ability to meet deadlines"],"Benefits":["Interns are offered flexible work schedules and hours are capped at 20 hours a week","Interns can only exceed the capped amount of 20 hours a week if it is a school requirement or if they are part of an internship program","Interns will receive a $250\/week stipend to offset transportation and living costs"],"Responsibilities":["Video Production and Design (potential for remote work)","Monitor media coverage and compiling daily press clips of Democratic Attorneys General, candidates, events, and other key topics","Draft social media posts for Twitter, Facebook, Instagram, TikTok, and other social platforms","Track digital trends within political space and other related industries","Update key press lists and manage databases","Assist with drafting press materials, including advisories, releases, and statements","Contribute to discussions on earned media strategies and organic social campaigns","Analyze data from social and digital content and participate in brainstorming sessions around future content","Assist video producer and video intern by captioning news clips for social media","Support Communications team with other day-to-day tasks as needed","Work alongside development team to develop and steward relationships with corporations, labor unions, foundations, and individual donors","Support planning and execution of events with Attorneys General, candidates, DAGA partners, and prospective donors including but not limited to attendee tracking, pre-event outreach, post-event follow-up, and data management","Research and build prospects lists at the direction of development managers and associates","Conduct and track outreach to donor prospects","Compile daily development clips","Assist with call preparation and follow-up for Attorneys General and senior staff","Assist the fundraising team in day-to-day administrative and operational activities, including donor prospecting","Strengthen communication and organizational skills for cultivating relationships with donors and donor prospects","Assist the Data Team in tracking polling, ads and campaign finance updates for current races","Compile summaries of issue polling for fast-moving current events important to the national political environment","Assist the Data Team in compiling spreadsheets of county-level and media market-level election results for analysis","Assist in creating maps to analyze county-level and media market-level election results","Assist in creating charts and other graphics as necessary of polling data","Assist the Data Team in day-to-day operational activities","Track actions taken by Democratic Attorneys General, including coalition lawsuits, important court opinions, amicus briefs, and closely monitor legislation at the state and federal level & maintain AG actions database","Track actions taken by all state attorneys general across a multitude of issue areas","Create and maintain Policy Team manual","Track internal requests to AGs","Edit and review written materials for content accuracy","Assist with internal and external policy meetings","Contribute to discussions on policy programs, briefings, and meetings","Assist in policy conference planning and other special projects","Draft memorandum and other written work products","Research legal and policy issues for the Policy department","Support other Policy department day-to-day tasks as needed","Maintain and update the Policy team email distribution list","Assist the Political team in day-to-day operational activities, including coordinating necessary follow-up with candidates or campaign managers","Track candidates, events, and other key topics","Facilitate communications internally in accordance with the campaign requests","Work with the team to ensure effective post-meeting\/event follow-up to support the cultivation of ongoing relationships","Conduct research on candidates at the direction of the Political Director and the Deputy Director","Track all traveling for candidates attending fundraisers and DAGA events","Help with events in the Washington D.C. area as needed","Conduct research about oppositional candidates in key races","Assist in market research to ensure that the research department is up to date on new research tools","Assist in developing scrapers and other basic programming to improve the functionality of the research department","Scrape and use large datasets to recognize fundraising patterns, etc","Assist in media monitoring and the compilation of news articles pertaining to the political landscape of AGs and candidates;","Assist with transcriptions of media appearances of Republican AGs and candidates for use in campaign communications;","Help with other special projects, assignments, and tasks as assigned by the Research Team","Assist with video shoots, including setting up lights, operating camera, and audio monitoring","Upload, sort, tag, and edit raw video footage, including color correction and sound mixing","Create short video packages utilizing footage and basic animation","Transcribe interviews and caption videos","Write scripts","Create basic graphics for use in video packages"]},"job_onet_soc":"55301800","job_onet_job_zone":null},{"job_id":"CFe5-D3IOtPXFMCLAAAAAA==","job_title":"The Dispatch Spring 2026 Internship Job Posting","employer_name":"The Dispatch","employer_logo":"https:\/\/encrypted-tbn0.gstatic.com\/images?q=tbn:ANd9GcT_wXa6Eayq0ZcP_EiDKaNpGApq0i4ARYLXrkv7&s=0","employer_website":"https:\/\/thedispatch.com","job_publisher":"LinkedIn","job_employment_type":"Internship","job_employment_types":["INTERN"],"job_apply_link":"https:\/\/www.linkedin.com\/jobs\/view\/the-dispatch-spring-2026-internship-job-posting-at-the-dispatch-4334981701?utm_campaign=google_jobs_apply&utm_source=google_jobs_apply&utm_medium=organic","job_apply_is_direct":false,"apply_options":[{"publisher":"LinkedIn","apply_link":"https:\/\/www.linkedin.com\/jobs\/view\/the-dispatch-spring-2026-internship-job-posting-at-the-dispatch-4334981701?utm_campaign=google_jobs_apply&utm_source=google_jobs_apply&utm_medium=organic","is_direct":false},{"publisher":"Startup Jobs","apply_link":"https:\/\/startup.jobs\/the-dispatch-spring-2026-internship-job-posting-the-dispatch-7447176?utm_campaign=google_jobs_apply&utm_source=google_jobs_apply&utm_medium=organic","is_direct":false},{"publisher":"JobTarget","apply_link":"https:\/\/www.jobtarget.com\/jobs\/jt-545orb0qmj\/the-dispatch-spring-2026-internship-job-posting-washington-district-of-columbia?utm_campaign=google_jobs_apply&utm_source=google_jobs_apply&utm_medium=organic","is_direct":false},{"publisher":"Teal","apply_link":"https:\/\/www.tealhq.com\/job\/spring-2026-internship_7ea1ad1f04131f075e4a825cde1b9c45a2ee4?utm_campaign=google_jobs_apply&utm_source=google_jobs_apply&utm_medium=organic","is_direct":false},{"publisher":"GrabJobs","apply_link":"https:\/\/grabjobs.co\/us\/job\/internship\/others\/the-dispatch-spring-2026-internship-job-posting-150167158?utm_campaign=google_jobs_apply&utm_source=google_jobs_apply&utm_medium=organic","is_direct":false},{"publisher":"Talentify","apply_link":"https:\/\/www.talentify.io\/job\/the-dispatch-spring-2026-internship-job-posting-washington-district-of-columbia-us-the-dispatch-b5c7adc3-7f3a-4395-bc9b-141ba6f27977?utm_campaign=google_jobs_apply&utm_source=google_jobs_apply&utm_medium=organic","is_direct":false},{"publisher":"BeBee","apply_link":"https:\/\/us.bebee.com\/job\/3cbbd5467b2ef8c6cc78e35c0c1c4a87?utm_campaign=google_jobs_apply&utm_source=google_jobs_apply&utm_medium=organic","is_direct":false}],"job_description":"At a time of growing industry uncertainty and an alarming erosion of civic discourse, The Dispatch stands out as a platform for thoughtful coverage, respectful dialogue, and a wildly engaged community of paying members. We bring a perspective\u2014we\u2019re conservatives, classical liberals, libertarians\u2014but we\u2019re fiercely independent, standing apart from media outlets increasingly engaged in partisan boosterism. Started in 2019 by Steve Hayes, the editor-in-chief of The Weekly Standard, and Jonah Goldberg, editor at National Review, The Dispatch has filled a valuable gap on the center-right in the media ecosystem as captured in articles in Vanity Fair, The Atlantic, and other publications.\n\nThe Dispatch is pleased to offer its spring internship program and is seeking one intern for a 10-week, part-time opportunity. A $3,000 stipend will be provided, unless the intern is receiving funding from their college or university or from another source, such as a foundation or fellowship. This is a hands-on internship that will provide invaluable experience for an aspiring journalist who wants to participate in the editorial process of a thriving media business. The intern will work closely with The Dispatch\u2019s staff writers and editors to contribute to our website and newsletters. Preference will be given to applicants in the D.C. area who are able to work from our office, but we will consider exceptional candidates for a remote arrangement. We anticipate the program would begin February 23, 2026, and conclude May 1, 2026. The application deadline is January 16, 2026.\n\nResponsibilities\n\u2022 Contribute to standalone articles for The Dispatch website, explainers, newsletters such as The Morning Dispatch, and fact checks\n\u2022 Interview key persons (witnesses, sources, etc.) to obtain pertinent information for reporting and explainers\n\u2022 Establish contacts and sources for use in future research and reporting\n\u2022 Assist with editorial projects\n\u2022 Keep abreast of news developments by studying papers, attending events, etc\n\u2022 Other duties that support the work of the editorial team\n\nSkills & Qualifications\n\u2022 Current enrollment in a related undergraduate or master\u2019s degree program.\n\u2022 Desire to pursue a career in journalism\n\u2022 Ability to work 20-25 hours per week while balancing academic coursework\n\u2022 Ability to meet strict deadlines and take direction, correction, and constructive feedback professionally\n\u2022 Familiarity with American politics, the news media ecosystem, and conservatism\/classical liberalism\n\u2022 Well-read knowledge of today\u2019s big stories\n\u2022 Computer proficiency (MS Office, Google Workspace, web search, databases)\n\u2022 Excellent communication and critical thinking skills\n\nWe may use artificial intelligence (AI) tools to support parts of the hiring process, such as reviewing applications, analyzing resumes, or assessing responses. These tools assist our recruitment team but do not replace human judgment. Final hiring decisions are ultimately made by humans. If you would like more information about how your data is processed, please contact us.","job_is_remote":false,"job_posted_at":"4 days ago","job_posted_at_timestamp":1762473600,"job_posted_at_datetime_utc":"2025-11-07T00:00:00.000Z","job_location":"Washington, DC","job_city":"Washington","job_state":"District of Columbia","job_country":"US","job_latitude":38.9071923,"job_longitude":-77.0368707,"job_benefits":null,"job_google_link":"https:\/\/www.google.com\/search?q=jobs&gl=us&hl=en&udm=8#vhid=vt%3D20\/docid%3DCFe5-D3IOtPXFMCLAAAAAA%3D%3D&vssid=jobs-detail-viewer","job_salary":null,"job_min_salary":null,"job_max_salary":null,"job_salary_period":null,"job_highlights":{"Qualifications":["Current enrollment in a related undergraduate or master\u2019s degree program","Desire to pursue a career in journalism","Ability to work 20-25 hours per week while balancing academic coursework","Ability to meet strict deadlines and take direction, correction, and constructive feedback professionally","Familiarity with American politics, the news media ecosystem, and conservatism\/classical liberalism","Well-read knowledge of today\u2019s big stories","Computer proficiency (MS Office, Google Workspace, web search, databases)","Excellent communication and critical thinking skills","We may use artificial intelligence (AI) tools to support parts of the hiring process, such as reviewing applications, analyzing resumes, or assessing responses"],"Benefits":["A $3,000 stipend will be provided, unless the intern is receiving funding from their college or university or from another source, such as a foundation or fellowship"],"Responsibilities":["This is a hands-on internship that will provide invaluable experience for an aspiring journalist who wants to participate in the editorial process of a thriving media business","The intern will work closely with The Dispatch\u2019s staff writers and editors to contribute to our website and newsletters","Contribute to standalone articles for The Dispatch website, explainers, newsletters such as The Morning Dispatch, and fact checks","Interview key persons (witnesses, sources, etc.)","to obtain pertinent information for reporting and explainers","Establish contacts and sources for use in future research and reporting","Assist with editorial projects","Keep abreast of news developments by studying papers, attending events, etc","Other duties that support the work of the editorial team"]},"job_onet_soc":"55301800","job_onet_job_zone":null},{"job_id":"-LelEOt84sJO1AN0AAAAAA==","job_title":"Internship Opportunities","employer_name":"The Mellman Group","employer_logo":"https:\/\/encrypted-tbn0.gstatic.com\/images?q=tbn:ANd9GcRzjdPXzp9QcPmeFjBuNtpcXM7Fu-RVLoaZalrl&s=0","employer_website":"https:\/\/mellmangroup.com","job_publisher":"Arena Careers","job_employment_type":"Internship","job_employment_types":["INTERN"],"job_apply_link":"https:\/\/careers.arena.run\/companies\/the-mellman-group\/jobs\/61195584-internship-opportunities?utm_campaign=google_jobs_apply&utm_source=google_jobs_apply&utm_medium=organic","job_apply_is_direct":false,"apply_options":[{"publisher":"Arena Careers","apply_link":"https:\/\/careers.arena.run\/companies\/the-mellman-group\/jobs\/61195584-internship-opportunities?utm_campaign=google_jobs_apply&utm_source=google_jobs_apply&utm_medium=organic","is_direct":false},{"publisher":"RotationFinder","apply_link":"https:\/\/www.rotationfinder.org\/jobs\/internship-opportunities-unpaid-84fe0fd8?utm_campaign=google_jobs_apply&utm_source=google_jobs_apply&utm_medium=organic","is_direct":true}],"job_description":"We are always looking for interns interested in public opinion polling with a commitment to Democratic politics and a statistics background to work on public opinion research for political campaigns, public interest groups, membership organizations and businesses. Please send cover letter and resume to internships@mellmangroup.com","job_is_remote":false,"job_posted_at":"15 days ago","job_posted_at_timestamp":1761523200,"job_posted_at_datetime_utc":"2025-10-27T00:00:00.000Z","job_location":"Washington, DC","job_city":"Washington","job_state":"District of Columbia","job_country":"US","job_latitude":38.9071923,"job_longitude":-77.0368707,"job_benefits":null,"job_google_link":"https:\/\/www.google.com\/search?q=jobs&gl=us&hl=en&udm=8#vhid=vt%3D20\/docid%3D-LelEOt84sJO1AN0AAAAAA%3D%3D&vssid=jobs-detail-viewer","job_salary":null,"job_min_salary":null,"job_max_salary":null,"job_salary_period":null,"job_highlights":[],"job_onet_soc":"55301800","job_onet_job_zone":null},{"job_id":"jgKaJPnUBo2NejCrAAAAAA==","job_title":"IT Intern Summer 2026","employer_name":"Investment Company Institute","employer_logo":"https:\/\/encrypted-tbn0.gstatic.com\/images?q=tbn:ANd9GcSBd1nzZtR2V6NyhuiMxGKYEZHmTGX7ICl0A_yJ&s=0","employer_website":null,"job_publisher":"ZipRecruiter","job_employment_type":"Internship","job_employment_types":["INTERN"],"job_apply_link":"https:\/\/www.ziprecruiter.com\/c\/Investment-Company-Institute\/Job\/IT-Intern-Summer-2026\/-in-Washington,DC?jid=54a5648ad76a39da&utm_campaign=google_jobs_apply&utm_source=google_jobs_apply&utm_medium=organic","job_apply_is_direct":true,"apply_options":[{"publisher":"ZipRecruiter","apply_link":"https:\/\/www.ziprecruiter.com\/c\/Investment-Company-Institute\/Job\/IT-Intern-Summer-2026\/-in-Washington,DC?jid=54a5648ad76a39da&utm_campaign=google_jobs_apply&utm_source=google_jobs_apply&utm_medium=organic","is_direct":true},{"publisher":"Ladders","apply_link":"https:\/\/www.theladders.com\/job-listing\/-6330860270473484804\/it-intern-summer-2026.htm?utm_campaign=google_jobs_apply&utm_source=google_jobs_apply&utm_medium=organic","is_direct":false},{"publisher":"BeBee","apply_link":"https:\/\/us.bebee.com\/job\/362f59a2b19fcd33e5ae318942605725?utm_campaign=google_jobs_apply&utm_source=google_jobs_apply&utm_medium=organic","is_direct":false},{"publisher":"Recruit.net","apply_link":"https:\/\/www.recruit.net\/job\/summer-it-intern-jobs\/86C09CE87C06C004?utm_campaign=google_jobs_apply&utm_source=google_jobs_apply&utm_medium=organic","is_direct":false},{"publisher":"Jobs Trabajo.org","apply_link":"https:\/\/us.trabajo.org\/job-3626-cd8486b884c1cf8bbdb63d1038caaeb6?utm_campaign=google_jobs_apply&utm_source=google_jobs_apply&utm_medium=organic","is_direct":false}],"job_description":"We are seeking a motivated, tech-savvy intern with a passion for artificial intelligence (AI) and emerging technologies to join our IT department. Over a two month period from June-July, this internship will offer hands-on experience in a dynamic environment, supporting day-to-day IT operations and contributing to technology and AI-related projects. The ideal candidate is eager to learn, detail-oriented, and excited to explore how AI can enhance productivity, automation, and user experience across the organization.\n\nMAJOR DUTIES AND RESPONSIBILITIES\n\u2022 Provide technical support to staff for hardware, software, and network issues.\n\u2022 Assist in the setup, configuration, and maintenance of computers, printers, and other IT equipment.\n\u2022 Help manage user accounts, permissions, and access controls.\n\u2022 Support the IT team in troubleshooting and resolving helpdesk tickets.\n\u2022 Participate in system upgrades, software installations, and cloud service initiatives.\n\u2022 Document IT procedures and maintain inventory and knowledge base records.\n\u2022 Collaborate on IT projects involving automation, AI tools, and data analytics, such as:\n\u2022 Exploring use cases for Microsoft Copilot, Power Automate, or other AI assistants.\n\u2022 Assisting in data collection and analysis to support AI-driven insights or dashboards.\n\u2022 Contributing ideas for improving IT processes using AI or machine learning concepts.\n\nMINIMUM JOB REQUIREMENTS\n\nKnowledge, Skills, and Abilities\n\u2022 Basic understanding of computer systems, networks, and troubleshooting techniques.\n\u2022 Curiosity about AI technologies, automation, and digital transformation.\n\u2022 Familiarity with Windows and\/or macOS environments.\n\u2022 Strong analytical, communication, and problem-solving skills.\n\u2022 Ability to work independently and collaboratively in a team environment.\n\nEducation & Experience\n\u2022 Currently pursuing an undergraduate degree in Computer Science, Information Technology, Data Science, or a related field.\n\u2022 Coursework or personal projects involving AI, automation, or programming are a plus.\n\nBased in Washington, DC, ICI is conveniently located next to McPherson Square Metro station. This opportunity is hybrid with a maximum of three days in the office per week. To learn more about ICI, visit www.ici.org.\n\nTo be considered for the internship, please provide your \ufeffresume and transcript.\n\nICI is an Equal Opportunity Employer that values diversity in the workplace.","job_is_remote":false,"job_posted_at":"5 days ago","job_posted_at_timestamp":1762387200,"job_posted_at_datetime_utc":"2025-11-06T00:00:00.000Z","job_location":"Washington, DC","job_city":"Washington","job_state":"District of Columbia","job_country":"US","job_latitude":38.9071923,"job_longitude":-77.0368707,"job_benefits":null,"job_google_link":"https:\/\/www.google.com\/search?q=jobs&gl=us&hl=en&udm=8#vhid=vt%3D20\/docid%3DjgKaJPnUBo2NejCrAAAAAA%3D%3D&vssid=jobs-detail-viewer","job_min_salary":null,"job_max_salary":null,"job_salary_period":"HOUR","job_highlights":{"Qualifications":["The ideal candidate is eager to learn, detail-oriented, and excited to explore how AI can enhance productivity, automation, and user experience across the organization","Basic understanding of computer systems, networks, and troubleshooting techniques","Curiosity about AI technologies, automation, and digital transformation","Familiarity with Windows and\/or macOS environments","Strong analytical, communication, and problem-solving skills","Ability to work independently and collaboratively in a team environment","Currently pursuing an undergraduate degree in Computer Science, Information Technology, Data Science, or a related field"],"Responsibilities":["Provide technical support to staff for hardware, software, and network issues","Assist in the setup, configuration, and maintenance of computers, printers, and other IT equipment","Help manage user accounts, permissions, and access controls","Support the IT team in troubleshooting and resolving helpdesk tickets","Participate in system upgrades, software installations, and cloud service initiatives","Document IT procedures and maintain inventory and knowledge base records","Collaborate on IT projects involving automation, AI tools, and data analytics, such as:","Exploring use cases for Microsoft Copilot, Power Automate, or other AI assistants","Assisting in data collection and analysis to support AI-driven insights or dashboards","Contributing ideas for improving IT processes using AI or machine learning concepts"]},"job_onet_soc":"55301800","job_onet_job_zone":null},{"job_id":"nxBlyw7b5QjKIT1cAAAAAA==","job_title":"Internship Student Assignments","employer_name":"Bay Atlantic University","employer_logo":"https:\/\/encrypted-tbn0.gstatic.com\/images?q=tbn:ANd9GcSCHeSLdi4zz5qFP5Im8xRFdNg8Z-zdpYIN1Be9&s=0","employer_website":null,"job_publisher":"ZipRecruiter","job_employment_type":"Part-time and Internship","job_employment_types":["PARTTIME","INTERN"],"job_apply_link":"https:\/\/www.ziprecruiter.com\/c\/Bay-Atlantic-University\/Job\/Internship-Student-Assignments\/-in-Washington,DC?jid=8e61ca946914e1ca&utm_campaign=google_jobs_apply&utm_source=google_jobs_apply&utm_medium=organic","job_apply_is_direct":true,"apply_options":[{"publisher":"ZipRecruiter","apply_link":"https:\/\/www.ziprecruiter.com\/c\/Bay-Atlantic-University\/Job\/Internship-Student-Assignments\/-in-Washington,DC?jid=8e61ca946914e1ca&utm_campaign=google_jobs_apply&utm_source=google_jobs_apply&utm_medium=organic","is_direct":true}],"job_description":"Position Title: University Student Attendant - Internship\n\nDepartment: Student Services Reports To: Director of HR\n\nPrimary Location: Washington, DC FLSA Classification: Non-Exempt\n\nParameters: Part-time; 1-3 months Pay Range:\n\nPosition Summary: Under the general supervision, this position is responsible for enforcing all guidelines, policies, and procedures of the student union and other university areas. Other duties include keeping the student union clean and organized.\n\nEssential Functions: As defined under the Americans with Disabilities Act, may include any of the following tasks, knowledge, skills, and other characteristics. This list is ILLUSTRATIVE ONLY and is not a comprehensive listing of all functions and tasks performed by incumbents of this class.\n\nDuties and Responsibilities:\n\u2022 Responsible for maintaining a clean and organized Student Union and other areas of the university as assigned.\n\u2022 Responsible for enforcing all Department and university policies and procedures in matters related to the Student Union.\n\u2022 Ensure all games are in working order; troubleshoot and report issues.\n\u2022 Assist in managing special events.\n\u2022 Maintain sign in log for games.\n\u2022 Monitor student access to Student Union\n\u2022 Other duties as assigned.\n\nGeneral Expectations: Employees are expected to accomplish assigned duties in an efficient, effective, and competent manner and to strive for improvement and excellence in all work performed. Additionally, employees must understand the comprehensive role of the community college and cooperate and work harmoniously with students, faculty and staff, and the public. Employees will follow all college policies, rules, regulations, and guidelines as they relate to this position.\n\nEducation and Experience Requirements:\n\nHigh School Diploma required, some college.\n\nExcellent written and verbal communication, interpersonal skills, especially when collaborating with multiple departments within the university and exceptional customer service skills.\n\nWillingness and ability to work in a multi-cultural environment; highly organized and be able to quickly adapt to change.\n\nWorking knowledge of general office equipment and experience providing high-quality service in a high-volume environment\n\nTo ensure the health and safety of our community, BAU requires COVID-19 vaccinations for faculty and staff.\n\nKnowledge, Skills, and Abilities:\n\nAbility to establish and maintain effective work relationships with students, faculty, staff, and the public.\n\nAbility to provide administrative guidance within area of responsibility.\n\nAbility to work with a diverse student population.\n\nAbility to handle multiple projects.\n\nAbility to work recurring peak periods of work, irregular hours, and short deadlines.\n\nAbility to organize work effectively, conceptualize and prioritize objectives and exercise independent judgement based on understanding or organizational policies and activities.\n\nAbility to use a personal computer and other office equipment, including related university software and email.\n\nWork Environment: Work is primarily performed under general supervision in an office setting with appropriate climate control. Travel, early morning, evening, and weekend work may be required.\n\nPhysical Requirements: Essential functions of this position require: lifting, manual dexterity, ability to communicate.\n\nSedentary Work: Exerting up to 10 pounds of force occasionally and\/or a negligible amount of force frequently or constantly to lift, carry, push, pull or otherwise move objects, including the human body; involves sitting majority of time; walking and standing are required only occasionally, and all other sedentary criteria are met.\n\nMental Application: Utilizes memory for details, verbal instructions, emotional stability, critical thinking, adaptability, and creative problem-solving skills are important.\n\nDisclaimer: The above statements describe the general nature, level, and type of work performed by the incumbent(s) assigned to this classification. They are not intended to be an exhaustive list of all responsibilities, demands, and skills required of personnel so classified. Job descriptions are not intended to and do not imply or create any employment, compensation, or contract rights for any person or persons. Management reserves the right to add, delete, or modify any and\/or all provisions of this description at any time as needed without notice. This job description supersedes earlier versions.\n\nCompensation: $17.00 per hour\n\nWe are an equal opportunity employer and all qualified applicants will receive consideration for employment without regard to race, color, religion, sex, national origin, disability status, protected veteran status, or any other characteristic protected by law.\n\nIn 2014, BAU, now Bay Atlantic University, was established and licensed to operate in the District of Columbia. Bay Atlantic University is defined by six key aspects: Affordable, Focused, Global, Connected, Central and Dynamic. We put our students in the best position to succeed in their careers\/lives by offering degree programs that are in high demand fields and rapidly growing. Being in the heart of DC, means being connected and that is why we offer degrees in Politics, Business, and Information Sciences: the three core industries that power DC and the world. All our programs have focused curriculum that are updated each year to remain consistent with current trends in the fields.\n\nBAU aspires to make the most of its strategically central location, right in the heart of Washington, DC. (We are located just steps away from Lafayette Park, next to the White House). It is a top priority for us at BAU to expose all our students, domestic and foreign, to the incredibly rich environment of the Greater Washington Area.\n\nOur strengths as a young and dynamic university are in undergraduate degrees in Economics, Business Administration, Political Science and International Relations, Information Technology, Data Science. We have a large MBA Program and also Graduate degrees in Cybersecurity and Big Data Analytics. We are also offering non-degree programs on Job Readiness, Entrepreneurship, Adobe in-design Series and English (ESL).","job_is_remote":false,"job_posted_at":"6 days ago","job_posted_at_timestamp":1762300800,"job_posted_at_datetime_utc":"2025-11-05T00:00:00.000Z","job_location":"Washington, DC","job_city":"Washington","job_state":"District of Columbia","job_country":"US","job_latitude":38.9071923,"job_longitude":-77.0368707,"job_benefits":null,"job_google_link":"https:\/\/www.google.com\/search?q=jobs&gl=us&hl=en&udm=8#vhid=vt%3D20\/docid%3DnxBlyw7b5QjKIT1cAAAAAA%3D%3D&vssid=jobs-detail-viewer","job_min_salary":null,"job_max_salary":null,"job_salary_period":"HOUR","job_highlights":{"Qualifications":["High School Diploma required, some college","Excellent written and verbal communication, interpersonal skills, especially when collaborating with multiple departments within the university and exceptional customer service skills","Willingness and ability to work in a multi-cultural environment; highly organized and be able to quickly adapt to change","Working knowledge of general office equipment and experience providing high-quality service in a high-volume environment","To ensure the health and safety of our community, BAU requires COVID-19 vaccinations for faculty and staff","Ability to establish and maintain effective work relationships with students, faculty, staff, and the public","Ability to provide administrative guidance within area of responsibility","Ability to work with a diverse student population","Ability to handle multiple projects","Ability to work recurring peak periods of work, irregular hours, and short deadlines","Ability to organize work effectively, conceptualize and prioritize objectives and exercise independent judgement based on understanding or organizational policies and activities","Ability to use a personal computer and other office equipment, including related university software and email","Physical Requirements: Essential functions of this position require: lifting, manual dexterity, ability to communicate","Sedentary Work: Exerting up to 10 pounds of force occasionally and\/or a negligible amount of force frequently or constantly to lift, carry, push, pull or otherwise move objects, including the human body; involves sitting majority of time; walking and standing are required only occasionally, and all other sedentary criteria are met","Mental Application: Utilizes memory for details, verbal instructions, emotional stability, critical thinking, adaptability, and creative problem-solving skills are important"],"Benefits":["Compensation: $17.00 per hour"],"Responsibilities":["Position Summary: Under the general supervision, this position is responsible for enforcing all guidelines, policies, and procedures of the student union and other university areas","Other duties include keeping the student union clean and organized","Responsible for maintaining a clean and organized Student Union and other areas of the university as assigned","Responsible for enforcing all Department and university policies and procedures in matters related to the Student Union","Ensure all games are in working order; troubleshoot and report issues","Assist in managing special events","Maintain sign in log for games","Monitor student access to Student Union","Other duties as assigned","General Expectations: Employees are expected to accomplish assigned duties in an efficient, effective, and competent manner and to strive for improvement and excellence in all work performed","Additionally, employees must understand the comprehensive role of the community college and cooperate and work harmoniously with students, faculty and staff, and the public","Employees will follow all college policies, rules, regulations, and guidelines as they relate to this position","Work Environment: Work is primarily performed under general supervision in an office setting with appropriate climate control","Travel, early morning, evening, and weekend work may be required","Management reserves the right to add, delete, or modify any and\/or all provisions of this description at any time as needed without notice"]},"job_onet_soc":"55301800","job_onet_job_zone":null},{"job_id":"QqeFugqKZ959tN9eAAAAAA==","job_title":"2026 Spring Internship Program","employer_name":"DCCC","employer_logo":"https:\/\/encrypted-tbn0.gstatic.com\/images?q=tbn:ANd9GcTIzLJIvyASce_ZUx8JUnzamc6TOB7IgmZKq6Jh&s=0","employer_website":null,"job_publisher":"ZipRecruiter","job_employment_type":"Internship","job_employment_types":["INTERN"],"job_apply_link":"https:\/\/www.ziprecruiter.com\/c\/DCCC\/Job\/2026-Spring-Internship-Program\/-in-Alexandria,VA?jid=737d8f49f6beedd3&utm_campaign=google_jobs_apply&utm_source=google_jobs_apply&utm_medium=organic","job_apply_is_direct":true,"apply_options":[{"publisher":"ZipRecruiter","apply_link":"https:\/\/www.ziprecruiter.com\/c\/DCCC\/Job\/2026-Spring-Internship-Program\/-in-Alexandria,VA?jid=737d8f49f6beedd3&utm_campaign=google_jobs_apply&utm_source=google_jobs_apply&utm_medium=organic","is_direct":true},{"publisher":"Jobs And Careers","apply_link":"https:\/\/www.career.com\/job\/kearney-company\/spring-2026-internship-program-it-audit-internship\/j202508050825148924946?utm_campaign=google_jobs_apply&utm_source=google_jobs_apply&utm_medium=organic","is_direct":false},{"publisher":"Jobilize","apply_link":"https:\/\/www.jobilize.com\/job\/us-va-alexandria-2026-spring-internship-program-dccc-hiring-now-job?utm_campaign=google_jobs_apply&utm_source=google_jobs_apply&utm_medium=organic","is_direct":false}],"job_description":"Description\n\nReports To: Operations Department and Department Intern Coordinator\n\nDepartment: Varies\n\nWork Location: In-Office, DC Headquarters\n\nJob Type: Temporary Full-Time or Temporary Part-Time\n\nDegree Requirements: No degree or current enrollment required\n\nApplication Deadline: Friday, November 7, 2025 at 11:59PM ET\n\nThe Democratic Congressional Campaign Committee (DCCC) is the official national Democratic campaign committee charged with electing Democrats to the U. S. House of Representatives. The DCCC recruits Democratic candidates and supports Democratic campaigns - both challengers and Democratic incumbent Members - with a variety of services including field operations, fundraising support, communications assistance, digital strategy, research support and management consulting. The DCCC is supported by the contributions of individuals and organizations, along with Democratic Members, from throughout the country. We look for talented and hard-working professionals who are committed to electing Democrats and winning the House majority.\n\nPosition Summary: The DCCC Internship Program offers an invaluable opportunity to engage with national-level campaign style politics. Interns will gain insight into the operations of a national political committee and contribute to House Democratic campaigns.\n\nThe Spring Internship Program is a 13-week internship beginning Tuesday, January 20, 2026 and ends on Friday, April 10, 2026. Applicants can choose between full-time or part-time internships, and school credit is available upon request.\n\nAccepted applicants are expected to be available for the entire program duration, with exceptions made only for emergencies, due to the program's short duration.\n\nResponsibilities:\n\u2022 Perform department specific tasks which may include staffing events, conducting research, making Capitol Hill runs, and assisting with short and long term projects.\n\u2022 Assist the Operations team by providing excellent customer service and maintaining shared spaces.\n\u2022 Support other departments as needed at the direction of the department supervisor or Operations team.\n\nRequirements\n\u2022 Committed to helping Democrats win the House majority.\n\u2022 At least 18 years old on or before the first day of the internship.\n\u2022 Ability to relocate to the DC-metro area prior to the first day.\n\u2022 Ability to prioritize multiple tasks with strong attention to detail.\n\u2022 Capacity to work with a sense of urgency and meet deadlines in a fast paced environment.\n\u2022 Demonstrated commitment to diversity, equity and inclusion.\n\u2022 Ability to demonstrate multicultural competence, the awareness knowledge and skills needed to work effectively with others who are culturally different.\n\nDetails:\n\nFull-Time interns receive a weekly stipend of $700.00. Part-Time interns must work a minimum of 20 hours and receive a weekly stipend of $350.00.\n\nA cover letter is required. Please include your top 3 departments of interest. Your cover letter should also confirm your commitment to being in Washington, DC during the internship term and include any relevant information regarding your availability and arrangements.\n\nWhile we will take your preferences into account, placement in a preferred department is not guaranteed. For more information about our departments please visit https:\/\/dccc.org\/internships\/.\n\nApplication Deadline: Friday, November 7, 2025 at 11:59PM ET, any applications submitted after that date\/time will not be considered.\n\nWhy You Should Intern Here:\n\u2022 Weekly stipend\n\u2022 Eligibility for school credit\n\u2022 Up to $175.00 a month in Metro reimbursement will be provided.\n\u2022 Professional development programming designed to foster long-term career growth beyond the 2026 election cycle.\n\u2022 Experience working in the largest Democratic battlefield in the country across a wide range of competitive and diverse districts.\n\u2022 Network with policymakers, political candidates, party leaders and a wide range of professionals from across the Democratic Party.\n\u2022 Learn how cross functional departments work together to operate an effective national campaign committee.\n\nCompensation: weekly stipend\n\nDiversity Mission Statement:\n\nThe diversity mission of DCCC is for DCCC to reflect the diversity of the country, which strengthens the core mission of electing House Democrats. To that end, DCCC strives to create an inclusive environment that cultivates and supports equal employment opportunities at every organizational level, including its staff, candidates, vendors, and contractors.\n\nEqual Opportunity\/Diversity Policy:\n\nDCCC prohibits discrimination of employment, promotion, compensation, terms, conditions, or privileges of employment on the basis of race, color, ancestry, national origin, gender, sexual orientation, sex (including marital and parental status), religion, age, disability, actual or perceived gender identity or expression, weight, personal appearance, family responsibilities, genetic information, economic status, genetic information, veteran's status, or any other basis prohibited by applicable law. DCCC is an equal opportunity employer and will comply with all applicable laws prohibiting discrimination in employment.\n\nDCCC complies with federal and state disability laws and makes reasonable accommodations for applicants and candidates. If you require reasonable accommodation to complete this internship application please contact Katherine Spring (spring@dccc.org).","job_is_remote":false,"job_posted_at":"7 days ago","job_posted_at_timestamp":1762214400,"job_posted_at_datetime_utc":"2025-11-04T00:00:00.000Z","job_location":"Alexandria, VA","job_city":"Alexandria","job_state":"Virginia","job_country":"US","job_latitude":38.804693,"job_longitude":-77.0435257,"job_benefits":null,"job_google_link":"https:\/\/www.google.com\/search?q=jobs&gl=us&hl=en&udm=8#vhid=vt%3D20\/docid%3DQqeFugqKZ959tN9eAAAAAA%3D%3D&vssid=jobs-detail-viewer","job_min_salary":null,"job_max_salary":null,"job_salary_period":"WEEK","job_highlights":{"Qualifications":["Degree Requirements: No degree or current enrollment required","Committed to helping Democrats win the House majority","At least 18 years old on or before the first day of the internship","Ability to relocate to the DC-metro area prior to the first day","Ability to prioritize multiple tasks with strong attention to detail","Capacity to work with a sense of urgency and meet deadlines in a fast paced environment","Demonstrated commitment to diversity, equity and inclusion","Ability to demonstrate multicultural competence, the awareness knowledge and skills needed to work effectively with others who are culturally different","A cover letter is required"],"Benefits":["The Spring Internship Program is a 13-week internship beginning Tuesday, January 20, 2026 and ends on Friday, April 10, 2026","Applicants can choose between full-time or part-time internships, and school credit is available upon request","Full-Time interns receive a weekly stipend of $700.00","Part-Time interns must work a minimum of 20 hours and receive a weekly stipend of $350.00","Weekly stipend","Eligibility for school credit","Up to $175.00 a month in Metro reimbursement will be provided","Professional development programming designed to foster long-term career growth beyond the 2026 election cycle","Compensation: weekly stipend"],"Responsibilities":["Reports To: Operations Department and Department Intern Coordinator","Interns will gain insight into the operations of a national political committee and contribute to House Democratic campaigns","Perform department specific tasks which may include staffing events, conducting research, making Capitol Hill runs, and assisting with short and long term projects","Assist the Operations team by providing excellent customer service and maintaining shared spaces","Support other departments as needed at the direction of the department supervisor or Operations team","Learn how cross functional departments work together to operate an effective national campaign committee"]},"job_onet_soc":"55301800","job_onet_job_zone":null},{"job_id":"ChtAyWJPgPsgm_N8AAAAAA==","job_title":"Public Relations Spring 2026 Internship at Derris Washington DC","employer_name":"Derris","employer_logo":null,"employer_website":"https:\/\/www.derris.com","job_publisher":"Logic Solutions","job_employment_type":"Full-time","job_employment_types":["FULLTIME"],"job_apply_link":"https:\/\/logichw.com\/job-listing\/job\/public-relations-spring-2026-internship-at-derris-washington-dc-YmNLVXdkb1RjTmVZRERlM01nQkVDSFo3TGc9PQ==?utm_campaign=google_jobs_apply&utm_source=google_jobs_apply&utm_medium=organic","job_apply_is_direct":false,"apply_options":[{"publisher":"Logic Solutions","apply_link":"https:\/\/logichw.com\/job-listing\/job\/public-relations-spring-2026-internship-at-derris-washington-dc-YmNLVXdkb1RjTmVZRERlM01nQkVDSFo3TGc9PQ==?utm_campaign=google_jobs_apply&utm_source=google_jobs_apply&utm_medium=organic","is_direct":false},{"publisher":"Paloma Apartment Homes","apply_link":"https:\/\/palomaontario.com\/job-library\/job\/2026-spring-internship-curators-office-at-usa-jobs-washington-dc-TUl0YUp3VkJmRFNrS1NTMUFuUk5NYUJOM3c9PQ==?utm_campaign=google_jobs_apply&utm_source=google_jobs_apply&utm_medium=organic","is_direct":false},{"publisher":"Onze Retreats","apply_link":"https:\/\/onzeretreats.com\/apply\/job\/2026-spring-internship-curators-office-washington-at-supreme-court-of-the-united-states-washington-dc-RjRZaU00UGVHMnJYNEUrb1VQRmlVSWtHS1E9PQ==?utm_campaign=google_jobs_apply&utm_source=google_jobs_apply&utm_medium=organic","is_direct":false}],"job_description":"Public Relations Spring 2026 Internship job at Derris. Washington DC. Public Relations Spring 2026 Internship\n\nOrchestra is a strategic communications and marketing company built for today's complex and fragmented world. From decoding audiences to designing bold strategies, Orchestra integrates people, platforms, and stories that stick to help clients build lasting influence. The company offers programs that span from the highest level strategic business counsel through to tactical execution. Orchestra brings together 700+ people with experience across consumer and lifestyle, technology, nonprofit and philanthropy, real estate, sports, travel, hospitality, and more. Made up of leading firms BerlinRosen, Civitas Public Affairs Group, Derris, Glen Echo Group, Inkhouse, M18, Message Lab, Onward, and Small Girls PR. Orchestra also launched Brightmode, a talent acquisition firm for communications professionals, and Versus Media Group, a strategy-first political media team. Learn more at\n\nPeople of all backgrounds and abilities are strongly encouraged to apply. Orchestra is committed to building and maintaining a diverse staff, and recognizes that its continued success depends on hiring and retaining high-quality creative professionals with a variety of backgrounds and experiences. Opportunities for advancement exist, and we are committed to helping all staff develop and grow.\n\nAbout The Public Relations Internship\n\nOrchestra is seeking highly motivated individuals to join our Spring 2026 Public Relations Internship Program. This is a hands-on opportunity to gain meaningful experience in strategic communications, public affairs, media advocacy, and brand storytelling across a wide range of industries.\n\nInterns will be embedded on a specific team, with opportunities to collaborate across departments and accounts. You'll contribute to both long-term and day-to-day projects, learning the fundamentals of communications strategy, media relations, writing, pitching, and client service in a fast-paced agency environment.\n\nOur client portfolio spans sectors such as technology, real estate, social impact, consumer goods, and moreoffering a dynamic and engaging internship experience. Interns are invited to observe meetings, attend events, and contribute to real work that builds foundational skills for a future career in communications.\n\nDuration: January 5, 2026 - May 22, 2026\n\nLocation: Hybrid internship based in our New York, N.Y. or Washington, D.C. offices (minimum 3 days\/week in-office)\n\nNote: Internships in Arts & Culture, Consumer, Gaming, and Lifestyle & Hospitality are only available in our New York, N.Y. office.\n\nAccountabilities And Qualifications\n\nAs an intern, you will\n\u2022 Learn the fundamentals of communications strategy, media relations, and brand storytelling\n\u2022 Support daily client work, including research, media list building, task tracking, and meeting prep\n\u2022 Draft and edit press releases, pitches, memos, social content, and reports\n\u2022 Monitor media coverage, industry trends, and competitor activity\n\u2022 Organize media clips, internal files, and client deliverables\n\u2022 Join internal meetings, attend client calls, and contribute to team operations\n\u2022 Collaborate on additional cross-functional projects with staff guidance\n\nQualifications:\n\u2022 Rising college junior or senior, postgraduate student, or non-student with relevant interest or experience\n\u2022 Strong writing and communication skills; able to produce clear, concise, public-facing materials\n\u2022 Demonstrated interest in public relations, strategic communications, media, or current events\n\u2022 Highly organized, detail-oriented, and able to manage multiple deadlines in a fast-paced setting\n\u2022 Self-motivated and team-oriented with a proactive, solutions-focused mindset\n\u2022 Professional communication skills with both internal and external stakeholders\n\u2022 Familiarity with Google Workspace and Microsoft Office\n\u2022 Digital and social media savvy; eager to learn new platforms and tools\n\nInternship Programs Available For Spring 2026\n\nBerlinRosen: BerlinRosen specializes in public affairs and strategic communications with a focus on high-impact storytelling across issue advocacy, campaigns, corporate communications, and media strategy. Interns will work closely with a team and gain exposure to areas such as media relations, digital strategy, crisis communications, and public affairs.\n\u2022 Hours: 40 hours\/week with a daily 30 min unpaid lunch break, MondayFriday, (flexibility may be required based on client needs)\n\u2022 Location: New York, N.Y. or Washington, D.C. (hybrid, 3 days in-office minimum)\n\u2022 Salary: $18\/hour\n\nDerris: Derris focuses on holistic brand storytelling and marketing through public relations and strategic communications. Interns collaborate with teams across the firm, including content and creative, influencer marketing, and in-person client experiences.\n\u2022 Hours: Up to 21 hours\/week, 3 days\/week (TuesdayThursday), roughly 9 a.m.5 p.m. ET\n\u2022 Location: New York, N.Y. (in-office Tuesday through Thursday)\n\u2022 Salary: $16.50\/hour\n\nInternships are available on the following teams:\n\nArts & Culture (BerlinRosen): Partners with visionary institutions shaping the future of cities through arts, architecture, design, and education.\n\nCities, Real Estate & Public Affairs (BerlinRosen): Leads campaigns across commercial real estate, affordable housing, labor, advocacy, and healthcare. Clients range from civic institutions to developers and public health coalitions.\n\nConsumer & Lifestyle (Derris): Builds strategic narratives for brands in lifestyle, fashion, beauty, and wellness.\n\nGaming (BerlinRosen): Works with top B2B and B2C brands in gaming, digital entertainment, and emerging technologies.\n\nImpact (BerlinRosen): Supports national philanthropies, advocacy groups, and nonprofits. Focuses on media relations, digital organizing, and mobilizing targeted audiences to act.\n\nLegal Affairs and Crisis Communications (BerlinRosen): Supports clients navigating litigation, reputational threats, and major legal victories in areas such as civil rights, higher ed, media, and philanthropy.\n\nLifestyle & Hospitality (BerlinRosen): Manages PR for top brands in travel, tourism, hospitality, and food and beverage.\n\nTech and Innovation (BerlinRosen): Represents startups, funders, and global tech leaders in climate, consumer tech, fintech, gaming, and urban innovation.\n\nSport Business (BerlinRosen): Partners with teams, leagues, brands, and investors at the intersection of sports, media, real estate, and culture.\n\nHow To Apply\n\nFor your application to be considered, you must submit the following as PDFs:\n\u2022 A 1-2 page resume highlighting relevant work, volunteer, or extracurricular experience\n\u2022 A cover letter (500 words or less) responding to the following prompt:\n\u2022 In 500 words or fewer, tell us why your skills and experiences make you a strong fit for Orchestra's Public Relations Internship Program and why you are interested in working at Orchestra and its network of agencies.\n\nApplication deadline: Priority deadline is October 19, 2025. Final applications must be submitted by October 26, 2025.\n\nHave questions? Check out our FAQs for more information.","job_is_remote":false,"job_posted_at":"13 days ago","job_posted_at_timestamp":1761696000,"job_posted_at_datetime_utc":"2025-10-29T00:00:00.000Z","job_location":"Washington, DC","job_city":"Washington","job_state":"District of Columbia","job_country":"US","job_latitude":38.9071923,"job_longitude":-77.0368707,"job_benefits":null,"job_google_link":"https:\/\/www.google.com\/search?q=jobs&gl=us&hl=en&udm=8#vhid=vt%3D20\/docid%3DChtAyWJPgPsgm_N8AAAAAA%3D%3D&vssid=jobs-detail-viewer","job_min_salary":null,"job_max_salary":null,"job_salary_period":"HOUR","job_highlights":{"Qualifications":["This is a hands-on opportunity to gain meaningful experience in strategic communications, public affairs, media advocacy, and brand storytelling across a wide range of industries","Rising college junior or senior, postgraduate student, or non-student with relevant interest or experience","Strong writing and communication skills; able to produce clear, concise, public-facing materials","Demonstrated interest in public relations, strategic communications, media, or current events","Highly organized, detail-oriented, and able to manage multiple deadlines in a fast-paced setting","Self-motivated and team-oriented with a proactive, solutions-focused mindset","Professional communication skills with both internal and external stakeholders","Familiarity with Google Workspace and Microsoft Office","Digital and social media savvy; eager to learn new platforms and tools","Location: New York, N.Y. or Washington, D.C. (hybrid, 3 days in-office minimum)","A 1-2 page resume highlighting relevant work, volunteer, or extracurricular experience","A cover letter (500 words or less) responding to the following prompt:"],"Benefits":["Internship Programs Available For Spring 2026","Salary: $18\/hour","Salary: $16.50\/hour"],"Responsibilities":["Interns will be embedded on a specific team, with opportunities to collaborate across departments and accounts","You'll contribute to both long-term and day-to-day projects, learning the fundamentals of communications strategy, media relations, writing, pitching, and client service in a fast-paced agency environment","Our client portfolio spans sectors such as technology, real estate, social impact, consumer goods, and moreoffering a dynamic and engaging internship experience","Interns are invited to observe meetings, attend events, and contribute to real work that builds foundational skills for a future career in communications","Learn the fundamentals of communications strategy, media relations, and brand storytelling","Support daily client work, including research, media list building, task tracking, and meeting prep","Draft and edit press releases, pitches, memos, social content, and reports","Monitor media coverage, industry trends, and competitor activity","Organize media clips, internal files, and client deliverables","Join internal meetings, attend client calls, and contribute to team operations","Collaborate on additional cross-functional projects with staff guidance","Interns will work closely with a team and gain exposure to areas such as media relations, digital strategy, crisis communications, and public affairs","Hours: 40 hours\/week with a daily 30 min unpaid lunch break, MondayFriday, (flexibility may be required based on client needs)","Interns collaborate with teams across the firm, including content and creative, influencer marketing, and in-person client experiences","Hours: Up to 21 hours\/week, 3 days\/week (TuesdayThursday), roughly 9 a.m.5 p.m. ET","Location: New York, N.Y. (in-office Tuesday through Thursday)","Focuses on media relations, digital organizing, and mobilizing targeted audiences to act","Legal Affairs and Crisis Communications (BerlinRosen): Supports clients navigating litigation, reputational threats, and major legal victories in areas such as civil rights, higher ed, media, and philanthropy"]},"job_onet_soc":"27303100","job_onet_job_zone":"4"},{"job_id":"lgYtRQVMWVK9VGrJAAAAAA==","job_title":"Marketing and Growth Internship for Tech Startup","employer_name":"Entrepreneur Cooperative","employer_logo":null,"employer_website":"https:\/\/www.entrepreneurcooperative.com","job_publisher":"ZipRecruiter","job_employment_type":"Part-time and Internship","job_employment_types":["PARTTIME","INTERN"],"job_apply_link":"https:\/\/www.ziprecruiter.com\/c\/Entrepreneur-Cooperative\/Job\/Marketing-and-Growth-Internship-for-Tech-Startup\/-in-Washington,DC?jid=1c37f9d042dbcc34&utm_campaign=google_jobs_apply&utm_source=google_jobs_apply&utm_medium=organic","job_apply_is_direct":true,"apply_options":[{"publisher":"ZipRecruiter","apply_link":"https:\/\/www.ziprecruiter.com\/c\/Entrepreneur-Cooperative\/Job\/Marketing-and-Growth-Internship-for-Tech-Startup\/-in-Washington,DC?jid=1c37f9d042dbcc34&utm_campaign=google_jobs_apply&utm_source=google_jobs_apply&utm_medium=organic","is_direct":true},{"publisher":"Monster","apply_link":"https:\/\/www.monster.com\/job-openings\/marketing-and-growth-internship-for-tech-startup-dc--98ba3265-a3b3-4466-964a-456eaa348864?utm_campaign=google_jobs_apply&utm_source=google_jobs_apply&utm_medium=organic","is_direct":false},{"publisher":"JobTarget","apply_link":"https:\/\/www.jobtarget.com\/jobs\/jt-0dx9snuoga\/marketing-and-growth-internship-for-tech-startup-washington-district-of-columbia?utm_campaign=google_jobs_apply&utm_source=google_jobs_apply&utm_medium=organic","is_direct":false}],"job_description":"Company: HireEmerald.com\nType: Remote | Part-Time | Internship\nCommitment: ~5 hours\/week\nAbout the OpportunityLooking to break into international business, recruiting, or sales while actually getting paid for it? HireEmerald.com is offering a unique, resume-boosting internship where you'll connect with CEOs, high-profile companies, and talent across the globe \u2014 all while building your LinkedIn presence and learning real-world automation tools.\nWe\u2019re recruiting 10 driven students to join our squad. You\u2019ll start together, grow together, and who knows \u2014 maybe even land a paid position down the line.\n\nWhat You\u2019ll Gain\n\u2022 Paid experience \u2014 earn:\n\u2022 $25 per qualified sales meeting (SQL) completed\n\u2022 Decision Maker\n\u2022 Hiring\n\u2022 Completed Meeting\n\u2022 $400 OR 20% of net revenue from matches (whichever is greater)\n\u2022 Beef up your LinkedIn \u2014 We\u2019ll help you level up your profile to impress recruiters, investors, and future employers\n\u2022 Learn automation tools \u2014 get your hands dirty with real-world outreach automation\n\u2022 Network with guest speakers \u2014 from industry pros to seasoned CEOs\n\u2022 Future reference + potential paid role \u2014 rock this gig and you\u2019ll have a solid reference, and possibly more than just an internship\n\nWhat You\u2019ll Do\n\u2022 LinkedIn Outreach:\n\u2022 Access and manage a LinkedIn recruiter and sales account\n\u2022 Use automation (we\u2019ll train you) to connect with prospects\n\u2022 Post at least 3 times a week (we\u2019ll help with ideas)\n\u2022 Respond to prospects \u2014 including real CEOs and decision-makers\n\u2022 Recruiting Support:\n\u2022 Help interview applicants\n\u2022 Provide feedback on talent matches\n\u2022 Team Meetings:\n\u2022 Join a once-a-week team meeting to sync up, share wins, and tackle challenges\n\nWhat We Expect\n\u2022 About 5 hours per week of focused effort \u2014 low lift, high value\n\u2022 A willingness to learn, try, and fail forward (we\u2019re here to coach you)\n\u2022 A solid grasp of communication basics \u2014 you\u2019ll be representing us with companies\n\nOnboardingYour journey starts with:\n\u2022 LinkedIn Profile Tune-Up: We\u2019ll help make yours look professional\n\u2022 Automation 101: We\u2019ll show you the tools you\u2019ll use\n\u2022 Communication Guidelines: How to sound like a pro when you\u2019re messaging\n\nWho This Is ForCollege students who want:\n\u2022 Real-world international sales and recruiting experience\n\u2022 A low-commitment, flexible internship with real pay\n\u2022 To build a standout LinkedIn profile\n\u2022 To add meaningful work to their resume\n\nPowered by JazzHR\n\nAHxyokle3n","job_is_remote":true,"job_posted_at":null,"job_posted_at_timestamp":null,"job_posted_at_datetime_utc":null,"job_location":"Washington, DC","job_city":"Washington","job_state":"District of Columbia","job_country":"US","job_latitude":38.9071923,"job_longitude":-77.0368707,"job_benefits":null,"job_google_link":"https:\/\/www.google.com\/search?q=jobs&gl=us&hl=en&udm=8#vhid=vt%3D20\/docid%3DlgYtRQVMWVK9VGrJAAAAAA%3D%3D&vssid=jobs-detail-viewer","job_salary":null,"job_min_salary":null,"job_max_salary":null,"job_salary_period":null,"job_highlights":{"Qualifications":["A willingness to learn, try, and fail forward (we\u2019re here to coach you)","A solid grasp of communication basics \u2014 you\u2019ll be representing us with companies","Real-world international sales and recruiting experience","To build a standout LinkedIn profile","To add meaningful work to their resume"],"Benefits":["$25 per qualified sales meeting (SQL) completed","$400 OR 20% of net revenue from matches (whichever is greater)","Beef up your LinkedIn \u2014 We\u2019ll help you level up your profile to impress recruiters, investors, and future employers","Future reference + potential paid role \u2014 rock this gig and you\u2019ll have a solid reference, and possibly more than just an internship","About 5 hours per week of focused effort \u2014 low lift, high value","A low-commitment, flexible internship with real pay"],"Responsibilities":["Commitment: ~5 hours\/week","Learn automation tools \u2014 get your hands dirty with real-world outreach automation","Network with guest speakers \u2014 from industry pros to seasoned CEOs","LinkedIn Outreach:","Access and manage a LinkedIn recruiter and sales account","Use automation (we\u2019ll train you) to connect with prospects","Post at least 3 times a week (we\u2019ll help with ideas)","Respond to prospects \u2014 including real CEOs and decision-makers","Help interview applicants","Provide feedback on talent matches","Team Meetings:","Join a once-a-week team meeting to sync up, share wins, and tackle challenges"]},"job_onet_soc":"13116100","job_onet_job_zone":"4"},{"job_id":"P7nxF8i5Z1Mho0DLAAAAAA==","job_title":"Summer 2026 Communications Internship","employer_name":"Reporters Committee for Freedom of the Press","employer_logo":"https:\/\/encrypted-tbn0.gstatic.com\/images?q=tbn:ANd9GcTOdsDqfSy7kankGXg0yNNrPbq-lyDC7FwnSCWa&s=0","employer_website":null,"job_publisher":"ZipRecruiter","job_employment_type":"Full-time","job_employment_types":["FULLTIME"],"job_apply_link":"https:\/\/www.ziprecruiter.com\/c\/Reporters-Committee-for-Freedom-of-the-Press\/Job\/Summer-2026-Communications-Internship\/-in-Washington,DC?jid=5ef4aede4438e4aa&utm_campaign=google_jobs_apply&utm_source=google_jobs_apply&utm_medium=organic","job_apply_is_direct":false,"apply_options":[{"publisher":"ZipRecruiter","apply_link":"https:\/\/www.ziprecruiter.com\/c\/Reporters-Committee-for-Freedom-of-the-Press\/Job\/Summer-2026-Communications-Internship\/-in-Washington,DC?jid=5ef4aede4438e4aa&utm_campaign=google_jobs_apply&utm_source=google_jobs_apply&utm_medium=organic","is_direct":false},{"publisher":"Monster","apply_link":"https:\/\/www.monster.com\/job-openings\/summer-2026-heritage-internship-washington-dc--d03f9ad8-20c2-4a35-8a4a-4352b4c08d1a?utm_campaign=google_jobs_apply&utm_source=google_jobs_apply&utm_medium=organic","is_direct":false},{"publisher":"Workday","apply_link":"https:\/\/bakertilly.wd5.myworkdayjobs.com\/btcareers\/job\/usa-dc-washington-dc\/summer-2026-digital-internship_jr102940\/apply?utm_campaign=google_jobs_apply&utm_source=google_jobs_apply&utm_medium=organic","is_direct":false},{"publisher":"Glassdoor","apply_link":"https:\/\/www.glassdoor.com\/job-listing\/summer-2026-aau-internship-association-of-american-universities-JV_IC1138213_KO0,26_KE27,63.htm?jl=1009896884131&utm_campaign=google_jobs_apply&utm_source=google_jobs_apply&utm_medium=organic","is_direct":true},{"publisher":"Jooble","apply_link":"https:\/\/jooble.org\/jdp\/-6553907529764205003?utm_campaign=google_jobs_apply&utm_source=google_jobs_apply&utm_medium=organic","is_direct":false},{"publisher":"JobGet","apply_link":"https:\/\/www.jobget.com\/jobs\/job\/497c9ad8-1511-4dbe-9c00-051664a059f9?utm_campaign=google_jobs_apply&utm_source=google_jobs_apply&utm_medium=organic","is_direct":false},{"publisher":"BeBee","apply_link":"https:\/\/us.bebee.com\/job\/7f218db3509692d56a3b997947571fa6?utm_campaign=google_jobs_apply&utm_source=google_jobs_apply&utm_medium=organic","is_direct":false},{"publisher":"Jobilize","apply_link":"https:\/\/www.jobilize.com\/job\/us-dc-washington-leasing-summer-internship-2026-jones-lange-lasalle?utm_campaign=google_jobs_apply&utm_source=google_jobs_apply&utm_medium=organic","is_direct":false}],"job_description":"Company Description\n\nThe Reporters Committee for Freedom of the Press (Reporters Committee) provides pro bono legal representation, amicus curiae support, and other legal resources to protect First Amendment freedoms and the newsgathering rights of journalists. The Reporters Committee serves news organizations, reporters, editors, documentary filmmakers, media lawyers, and many more who use its online resources.\n\nJob Description\n\nThe Reporters Committee's communications team offers full-time summer internships for college students and recent graduates. The Communications Intern will have the opportunity to collaborate with staff across the organization (legal, policy, development and operations) as they support the communications team in raising awareness of and engaging more people with the Reporters Committee's mission and work.\n\nInterns will write about media law issues for the Reporters Committee's website, support content creation for our social media channels and monthly newsletter, contribute to ongoing research, and help maintain key resources. Interns will also have opportunities to interact with and learn about free press issues from journalists, media lawyers and policymakers through seminars, court hearings and congressional hearings.\n\nQualifications\n\nSuccessful candidates will be detail-oriented, have a strong writing background and be interested in expanding their knowledge about U.S. press freedom and media law issues.\n\nAdditional Information\n\nDeadline: Applications should be submitted by March 1 for the summer term.\n\nTo apply: Submit a resume, cover letter and writing samples (maximum of 3 clips OR a short research paper if you do not have clips). A strong background in journalism or marketing is preferred. NOTE: Please submit materials in one PDF file. Only complete applications will advance in the hiring process.","job_is_remote":false,"job_posted_at":"21 days ago","job_posted_at_timestamp":1761004800,"job_posted_at_datetime_utc":"2025-10-21T00:00:00.000Z","job_location":"Washington, DC","job_city":"Washington","job_state":"District of Columbia","job_country":"US","job_latitude":38.9071923,"job_longitude":-77.0368707,"job_benefits":null,"job_google_link":"https:\/\/www.google.com\/search?q=jobs&gl=us&hl=en&udm=8#vhid=vt%3D20\/docid%3DP7nxF8i5Z1Mho0DLAAAAAA%3D%3D&vssid=jobs-detail-viewer","job_salary":null,"job_min_salary":null,"job_max_salary":null,"job_salary_period":null,"job_highlights":{"Qualifications":["Successful candidates will be detail-oriented, have a strong writing background and be interested in expanding their knowledge about U.S. press freedom and media law issues","To apply: Submit a resume, cover letter and writing samples (maximum of 3 clips OR a short research paper if you do not have clips)"],"Responsibilities":["The Reporters Committee's communications team offers full-time summer internships for college students and recent graduates","The Communications Intern will have the opportunity to collaborate with staff across the organization (legal, policy, development and operations) as they support the communications team in raising awareness of and engaging more people with the Reporters Committee's mission and work","Interns will write about media law issues for the Reporters Committee's website, support content creation for our social media channels and monthly newsletter, contribute to ongoing research, and help maintain key resources","Interns will also have opportunities to interact with and learn about free press issues from journalists, media lawyers and policymakers through seminars, court hearings and congressional hearings"]},"job_onet_soc":"27303100","job_onet_job_zone":"4"}]}