{"status":"OK","request_id":"290baef9-f0e4-4a6f-8bf8-df34088151e7","parameters":{"query":"Financial Analyst","page":1,"num_pages":1,"country":"us","language":"en"},"data":[{"job_id":"YisMAXYh68LaAxVSAAAAAA==","job_title":"Jr Financial Analyst - Washington DC","employer_name":"VetJobs","employer_logo":"https:\/\/encrypted-tbn0.gstatic.com\/images?q=tbn:ANd9GcRheFz-3ShDrWCvqkL2nW1UP11hseqJ0OPNE8GE&s=0","employer_website":"https:\/\/vetjobs.org","job_publisher":"LinkedIn","job_employment_type":"Full-time","job_employment_types":["FULLTIME"],"job_apply_link":"https:\/\/www.linkedin.com\/jobs\/view\/jr-financial-analyst-washington-dc-at-vetjobs-4321790760?utm_campaign=google_jobs_apply&utm_source=google_jobs_apply&utm_medium=organic","job_apply_is_direct":false,"apply_options":[{"publisher":"LinkedIn","apply_link":"https:\/\/www.linkedin.com\/jobs\/view\/jr-financial-analyst-washington-dc-at-vetjobs-4321790760?utm_campaign=google_jobs_apply&utm_source=google_jobs_apply&utm_medium=organic","is_direct":false},{"publisher":"ZipRecruiter","apply_link":"https:\/\/www.ziprecruiter.com\/c\/Veteran-Jobs-2023-Mar-01-Veterans-Resources\/Job\/Jr-Financial-Analyst-Washington-DC\/-in-Washington,DC?jid=ab36b6b3b48f5ad9&utm_campaign=google_jobs_apply&utm_source=google_jobs_apply&utm_medium=organic","is_direct":false},{"publisher":"Firenze Lodging","apply_link":"https:\/\/firenzelodging.it\/samples\/job\/fedramp-compliance-analyst-at-freddie-mac-washington-dc-T0ZQWEJKa1VWSUlJaG1kVS9nUHdGTTVUY1E9PQ==?utm_campaign=google_jobs_apply&utm_source=google_jobs_apply&utm_medium=organic","is_direct":false},{"publisher":"Ccar.jp","apply_link":"https:\/\/ccar.jp\/office\/job\/equity-analyst-edge-at-principal-financial-group-washington-dc-WUVZZ1lUek8zUVpObFVJK3ZZSGVnMWxVZ1E9PQ==?utm_campaign=google_jobs_apply&utm_source=google_jobs_apply&utm_medium=organic","is_direct":false},{"publisher":"Woody Bradshaw |","apply_link":"https:\/\/woodybradshaw.com\/joblib\/job\/editorial-assistant-at-freddie-mac-washington-dc-aXVMZW9VWHJ5N3laVjYyd25GdkptUjlCcEE9PQ==?utm_campaign=google_jobs_apply&utm_source=google_jobs_apply&utm_medium=organic","is_direct":false},{"publisher":"Dieudonne Foundation","apply_link":"https:\/\/dieudonnefoundation.org\/work\/job\/consultant-financial-analyst-uscs-at-freddie-mac-washington-dc-SWpRellidXpxdnJjTVRMc052aDVRc2VvbkE9PQ==?utm_campaign=google_jobs_apply&utm_source=google_jobs_apply&utm_medium=organic","is_direct":false},{"publisher":"Resistacap.com","apply_link":"https:\/\/resistacap.com\/library\/job\/financial-analyst-vertex-software-at-connect-centric-washington-dc-L3VtaS9IaFdUQ2FzdzFMWUM1Tlk3anpiclE9PQ==?utm_campaign=google_jobs_apply&utm_source=google_jobs_apply&utm_medium=organic","is_direct":false},{"publisher":"Digiteck3d.com","apply_link":"http:\/\/digiteck3d.com\/job-library\/job\/financial-analyst-vertex-software-at-connect-centric-washington-dc-eUs4VTdUTzJabVFDdW8rckxqbmFaOVpNaWc9PQ==?utm_campaign=google_jobs_apply&utm_source=google_jobs_apply&utm_medium=organic","is_direct":false}],"job_description":"Job Description\n\nATTENTION MILITARY AFFILIATED JOB SEEKERS - Our organization works with partner companies to source qualified talent for their open roles. The following position is available to Veterans, Transitioning Military, National Guard and Reserve Members, Military Spouses, Wounded Warriors, and their Caregivers. If you have the required skill set, education requirements, and experience, please click the submit button and follow the next steps.\n\n\u202f Summary\n\nWe are seeking a detailed-oriented Financial Analyst to support financial program support for our ANG contract with the Department of State in Telecommunications. The ideal candidate will combine strong analytical and communication skills to ensure accurate financial tracking and reporting.\n\nEssential Functions\n\nManage creation, setup, and maintenance of project charge codes in Deltek Costpoint.\n\nReview and reconcile vendor invoices for accuracy, proper charge coding, and compliance with contract terms.\n\nReview and process travel invoices and expense reports in accordance with GSA per diem and federal travel regulations.\n\nReview and validate employee timesheets for accuracy, labor charging, and timely submission.\n\nFollow management system policies, procedures, and work instructions as part of daily job duties.\n\nProtect company and customer information by adhering to security and quality requirements.\n\nPromptly report incidents, nonconformities, or risks to the appropriate authority.\n\nGenerate and maintain labor burn reports for projects and project managers.\n\nThrive in a dynamic, deadline-driven environment and can manage multiple priorities.\n\nStrong attention to detail in maintaining accurate project and financial records.\n\nProficient in using spreadsheets and pivot tables to analyze financial data.\n\nDemonstrates strong written and verbal communication skills to convey financial information clearly and collaborate effectively across teams.\n\nSupervisory Responsibility\n\nNone required for this position.\n\nWork Environment\n\nThis job operates in a professional office environment. This role routinely involves standard office equipment such as computers, phones, photocopiers, filing cabinets and fax machines.\n\nPhysical Demands\n\nThe physical demands described here are representative of those that must be met by an employee to successfully perform the essential functions of this job.\n\nMust be able to remain in a stationary position 75% of the time.\n\nOccasionally moves about inside the office to access file cabinets, office machinery, etc.\n\nConstantly operates a computer and other office productivity machinery, such as a calculator, copy machine, and computer printer.\n\nExpresses or exchanges ideas by means of the spoken word. Those activities in which they must convey detailed or important spoken instructions to other workers accurately, loudly, or quickly.\n\nFrequently the standard office equipment moves up to 25 pounds.\n\nMust be able to work indoor conditions 90% of the time.\n\nWhile performing the duties of this job, the employee is regularly required to talk or hear. The employee frequently is required to stand; walk; use hands to finger, handle or feel; and reach with hands and arms.\n\nAuto req ID\n\n459491BR\n\nMinimum Education Required\n\nBachelors\n\nJob_Category\n\nManagement\n\nExperience\n\nAdditional Qualifications\/Responsibilities\n\nA minimum of 3 years of specialized experience in accounting, budget, or finance functions\n\nA minimum of 2 years of experience in financial and management structure, operations, and corporate fiscal resources.\n\nEducation\n\nBachelor\u2019s degree in accounting or finance, with 3+ years progressive experience.\n\nAdditional Eligibility Qualifications\n\nN\/A\n\nSecurity Clearance\n\nMust be US Citizen. Must possess or be able to obtain\/maintain a SECRET security clearance\n\nCompensation And Benefits\n\nThe expected compensation range for this position is $80,000.00-$95,000.00 per year (annualized hourly rate of pay). We offer comprehensive benefits that allow you to balance work and life. A benefits summary is available from this link: https:\/\/jobs.allnativegroup.com\/categories\/1\/benefits\/1\/employee-benefits\n\nDrugfree Workplace\n\nAll Native Group is a Drug Free Workplace. It is our policy that all new hires must successfully complete a pre-employment drug screen as a condition of employment. In addition, all employees are subject to random drug screens throughout the term of their employment with All Native Group.\n\nAAP\/EEO Statement\n\nAll Native Group is an equal opportunity employer. All qualified applicants will receive consideration for employment without regard to race, color, religion, sex, sexual orientation, gender identity, national origin, disability, or status as a protected veteran. However, preference may be extended to persons of Indian descent in accordance with applicable laws.\n\nWe value the skills and experience Veterans bring to the workplace and strongly encourage Veterans to apply.\n\nOther Duties\n\nPlease note this job description is not designed to cover or contain a comprehensive listing of activities, duties or responsibilities that are required of the employee for this job. Duties, responsibilities, and activities may change at any time with or without notice.\n\nCertificates\/Security Clearances\/Other\n\nSecurity Clearance\u202f\n\nMust have SECRET Clearance with the Ability to obtain a Top -Secret clearance.\n\nCity*\n\nWashington\n\nState*\n\nDistrict of Columbia\n\nJob Code\n\nContract Specialist\n\nAffiliate Sponsor\n\nAll Native\n\nSalary Range\n\n>$100,000","job_is_remote":false,"job_posted_at":"1 day ago","job_posted_at_timestamp":1762732800,"job_posted_at_datetime_utc":"2025-11-10T00:00:00.000Z","job_location":"Washington, DC","job_city":"Washington","job_state":"District of Columbia","job_country":"US","job_latitude":38.9071923,"job_longitude":-77.0368707,"job_benefits":["health_insurance"],"job_google_link":"https:\/\/www.google.com\/search?q=jobs&gl=us&hl=en&udm=8#vhid=vt%3D20\/docid%3DYisMAXYh68LaAxVSAAAAAA%3D%3D&vssid=jobs-detail-viewer","job_salary":null,"job_min_salary":null,"job_max_salary":null,"job_salary_period":null,"job_highlights":{"Qualifications":["Strong attention to detail in maintaining accurate project and financial records","Proficient in using spreadsheets and pivot tables to analyze financial data","Demonstrates strong written and verbal communication skills to convey financial information clearly and collaborate effectively across teams","A minimum of 3 years of specialized experience in accounting, budget, or finance functions","A minimum of 2 years of experience in financial and management structure, operations, and corporate fiscal resources","Bachelor\u2019s degree in accounting or finance, with 3+ years progressive experience","Must be US Citizen","Must possess or be able to obtain\/maintain a SECRET security clearance","Must have SECRET Clearance with the Ability to obtain a Top -Secret clearance"],"Benefits":["The expected compensation range for this position is $80,000.00-$95,000.00 per year (annualized hourly rate of pay)","We offer comprehensive benefits that allow you to balance work and life","A benefits summary is available from this link: https:\/\/jobs.allnativegroup.com\/categories\/1\/benefits\/1\/employee-benefits",">$100,000"],"Responsibilities":["The ideal candidate will combine strong analytical and communication skills to ensure accurate financial tracking and reporting","Manage creation, setup, and maintenance of project charge codes in Deltek Costpoint","Review and reconcile vendor invoices for accuracy, proper charge coding, and compliance with contract terms","Review and process travel invoices and expense reports in accordance with GSA per diem and federal travel regulations","Review and validate employee timesheets for accuracy, labor charging, and timely submission","Follow management system policies, procedures, and work instructions as part of daily job duties","Protect company and customer information by adhering to security and quality requirements","Promptly report incidents, nonconformities, or risks to the appropriate authority","Generate and maintain labor burn reports for projects and project managers","Thrive in a dynamic, deadline-driven environment and can manage multiple priorities","Supervisory Responsibility","This role routinely involves standard office equipment such as computers, phones, photocopiers, filing cabinets and fax machines","The physical demands described here are representative of those that must be met by an employee to successfully perform the essential functions of this job","Must be able to remain in a stationary position 75% of the time","Occasionally moves about inside the office to access file cabinets, office machinery, etc","Constantly operates a computer and other office productivity machinery, such as a calculator, copy machine, and computer printer","Expresses or exchanges ideas by means of the spoken word","Those activities in which they must convey detailed or important spoken instructions to other workers accurately, loudly, or quickly","Frequently the standard office equipment moves up to 25 pounds","Must be able to work indoor conditions 90% of the time","While performing the duties of this job, the employee is regularly required to talk or hear","The employee frequently is required to stand; walk; use hands to finger, handle or feel; and reach with hands and arms"]},"job_onet_soc":"13205100","job_onet_job_zone":"4"},{"job_id":"isSHTlxU5eeocPwtAAAAAA==","job_title":"Senior Financial Analysts","employer_name":"VISTA Technology Services Inc.","employer_logo":"https:\/\/encrypted-tbn0.gstatic.com\/images?q=tbn:ANd9GcRFb0PvpvnRld-l8VZcVMsh94H8yz4nXa-KAmbJ&s=0","employer_website":null,"job_publisher":"LinkedIn","job_employment_type":"Full-time","job_employment_types":["FULLTIME"],"job_apply_link":"https:\/\/www.linkedin.com\/jobs\/view\/senior-financial-analysts-at-vista-technology-services-inc-4321992874?utm_campaign=google_jobs_apply&utm_source=google_jobs_apply&utm_medium=organic","job_apply_is_direct":false,"apply_options":[{"publisher":"LinkedIn","apply_link":"https:\/\/www.linkedin.com\/jobs\/view\/senior-financial-analysts-at-vista-technology-services-inc-4321992874?utm_campaign=google_jobs_apply&utm_source=google_jobs_apply&utm_medium=organic","is_direct":false},{"publisher":"Indeed","apply_link":"https:\/\/www.indeed.com\/viewjob?jk=589626a6147b88d0&utm_campaign=google_jobs_apply&utm_source=google_jobs_apply&utm_medium=organic","is_direct":false},{"publisher":"Monster","apply_link":"https:\/\/www.monster.com\/job-openings\/senior-financial-analysts-arlington-va--436db702-3b02-4b80-99a8-f52985f59532?utm_campaign=google_jobs_apply&utm_source=google_jobs_apply&utm_medium=organic","is_direct":false}],"job_description":"VISTA Technology Services, Inc. (VISTA) is currently seeking Senior Financial Analysts to support a NAVSEA Ship Acquisition Program in the DMV Area.\n\nThis position is contingent upon contract award.\n\nResponsibilities\n\u2022 Support the government Business Financial Managers (BFMs) in the PEO\n\u2022 Provide overall budget submission, Program Objective Memorandum (POM) tracking, and execution data\/reports from financial databases for all GFE\/CFE systems\n\u2022 Interface with the PEO government branch lead\n\u2022 Analyze Participating Acquisition Resource Managers (PARMS) submissions and determine reasonableness and accuracy of the estimates\n\u2022 Execute data\/reports from financial databases for GFE and CFE systems\n\u2022 Provide financial directions for PARMS and input to validate and challenge costs, and assess the cost impact of technical issues, identified in reviews\n\u2022 Provide database management and programming support in Enterprise Resource Planning (ERP)\n\u2022 Assist in researching and writing responses to comptroller and higher-level authority questions and inquiries\n\u2022 Assist in the development of briefings for presentations on issues related to GFE financial management\n\u2022 Assist in various financial studies, including the potential for new baselines, new weapons systems, potential system de-scopes, and industrial base issues\n\u2022 Assist in the development of funding execution documents to support emergent PARM funding execution requirements\n\nBasic Qualifications\n\u2022 Bachelor\u2019s degree AND 12 years professional experience in DoD acquisition financial management OR 16 years in lieu of a degree\n\u2022 5+ years of ERP and Program Budget Information System (PBIS) experience\n\u2022 Proficient in Microsoft Excel to include use of pivot tables, linked spreadsheets\/workbooks, equations, and other methods of data sorting, updating, and consolidation\n\u2022 Proficiency with Microsoft Office applications and program tracking tools\n\u2022 Active DoD Secret Clearance\n\nDesired Qualifications\n\u2022 Bachelor\u2019s degree in engineering, business administration, finance, english, history, computer science, economics, mathematics, communications, accounting, education, or science discipline\n\u2022 15+ years professional experience in DoD acquisition financial management\n\u2022 12+ years of ERP experience\n\nVISTA offers a competitive compensation package and a generous benefit plan which includes\n\nmedical, dental, vision, life and disability insurance, tuition assistance, and an employer matching 401(k) plan.\n\nApplicants selected for this position will be subject to a government security investigation and must meet eligibility requirements for access to classified information.\n\nFor this position, VISTA will consider only applicants with an active DoD security clearance.\n\nTo learn more about VISTA and to apply for this position, please visit our website at www.vistatsi.com.\n\nVISTA is an Equal Opportunity Employer\/Minorities\/Disability\/Veterans Employer","job_is_remote":false,"job_posted_at":"18 hours ago","job_posted_at_timestamp":1762826400,"job_posted_at_datetime_utc":"2025-11-11T02:00:00.000Z","job_location":"Arlington, VA","job_city":"Arlington","job_state":"Virginia","job_country":"US","job_latitude":38.8816208,"job_longitude":-77.09098089999999,"job_benefits":["health_insurance","dental_coverage"],"job_google_link":"https:\/\/www.google.com\/search?q=jobs&gl=us&hl=en&udm=8#vhid=vt%3D20\/docid%3DisSHTlxU5eeocPwtAAAAAA%3D%3D&vssid=jobs-detail-viewer","job_salary":null,"job_min_salary":null,"job_max_salary":null,"job_salary_period":null,"job_highlights":{"Qualifications":["Bachelor\u2019s degree AND 12 years professional experience in DoD acquisition financial management OR 16 years in lieu of a degree","5+ years of ERP and Program Budget Information System (PBIS) experience","Proficient in Microsoft Excel to include use of pivot tables, linked spreadsheets\/workbooks, equations, and other methods of data sorting, updating, and consolidation","Proficiency with Microsoft Office applications and program tracking tools","Active DoD Secret Clearance"],"Benefits":["VISTA offers a competitive compensation package and a generous benefit plan which includes","medical, dental, vision, life and disability insurance, tuition assistance, and an employer matching 401(k) plan"],"Responsibilities":["Support the government Business Financial Managers (BFMs) in the PEO","Provide overall budget submission, Program Objective Memorandum (POM) tracking, and execution data\/reports from financial databases for all GFE\/CFE systems","Interface with the PEO government branch lead","Analyze Participating Acquisition Resource Managers (PARMS) submissions and determine reasonableness and accuracy of the estimates","Execute data\/reports from financial databases for GFE and CFE systems","Provide financial directions for PARMS and input to validate and challenge costs, and assess the cost impact of technical issues, identified in reviews","Provide database management and programming support in Enterprise Resource Planning (ERP)","Assist in researching and writing responses to comptroller and higher-level authority questions and inquiries","Assist in the development of briefings for presentations on issues related to GFE financial management","Assist in various financial studies, including the potential for new baselines, new weapons systems, potential system de-scopes, and industrial base issues","Assist in the development of funding execution documents to support emergent PARM funding execution requirements"]},"job_onet_soc":"13205100","job_onet_job_zone":"4"},{"job_id":"jkH1lyFHPMDMjwSqAAAAAA==","job_title":"Federal Financial Analyst","employer_name":"Chevo","employer_logo":null,"employer_website":"https:\/\/www.chevoconsulting.com","job_publisher":"Indeed","job_employment_type":"Full-time","job_employment_types":["FULLTIME"],"job_apply_link":"https:\/\/www.indeed.com\/viewjob?jk=3c37474a3aad09a9&utm_campaign=google_jobs_apply&utm_source=google_jobs_apply&utm_medium=organic","job_apply_is_direct":false,"apply_options":[{"publisher":"Indeed","apply_link":"https:\/\/www.indeed.com\/viewjob?jk=3c37474a3aad09a9&utm_campaign=google_jobs_apply&utm_source=google_jobs_apply&utm_medium=organic","is_direct":false},{"publisher":"Paylocity","apply_link":"https:\/\/recruiting.paylocity.com\/recruiting\/jobs\/Details\/3455383\/Chevo-Consulting-LLC\/Federal-Financial-Analyst?utm_campaign=google_jobs_apply&utm_source=google_jobs_apply&utm_medium=organic","is_direct":false},{"publisher":"ZipRecruiter","apply_link":"https:\/\/www.ziprecruiter.com\/c\/Chevo\/Job\/Federal-Financial-Analyst\/-in-Washington,DC?jid=7b1a641a22d06a0c&utm_campaign=google_jobs_apply&utm_source=google_jobs_apply&utm_medium=organic","is_direct":true},{"publisher":"SimplyHired","apply_link":"https:\/\/www.simplyhired.com\/job\/LclRL1VS7cBsYUgnoqSqY4clbMi9oxPpKTbhFt2LSYurCWJinSqXRA?utm_campaign=google_jobs_apply&utm_source=google_jobs_apply&utm_medium=organic","is_direct":false},{"publisher":"Jooble","apply_link":"https:\/\/jooble.org\/jdp\/6247494095338217487?utm_campaign=google_jobs_apply&utm_source=google_jobs_apply&utm_medium=organic","is_direct":false},{"publisher":"JobTarget","apply_link":"https:\/\/www.jobtarget.com\/jobs\/jt-j642p63do7\/federal-financial-analyst-hybrid-washington-dc-area-district-of-columbia?utm_campaign=google_jobs_apply&utm_source=google_jobs_apply&utm_medium=organic","is_direct":false},{"publisher":"Career.io","apply_link":"https:\/\/career.io\/job\/federal-financial-analyst-washington-chevo-consulting-c50de292b7cf15d9276fb8eeb97b83dc?utm_campaign=google_jobs_apply&utm_source=google_jobs_apply&utm_medium=organic","is_direct":false},{"publisher":"Glassdoor","apply_link":"https:\/\/www.glassdoor.com\/job-listing\/federal-financial-analyst-chevo-consulting-JV_KO0,25_KE26,42.htm?jl=1009842489603&utm_campaign=google_jobs_apply&utm_source=google_jobs_apply&utm_medium=organic","is_direct":false}],"job_description":"Description:\n\nChevo is hiring an experienced Federal Financial Analyst to join our expanding firm. This position provides the opportunity for significant client interaction by learning the client\u2019s business becoming a trusted advisor. Ideal candidates will demonstrate versatility in understanding and performing work related to financial accounting for capital assets. This position is a hybrid work environment, in office one day per week, with client location in Washington DC.\n\nDuties and Responsibilities:\n\u2022 Support the client with preparation of Capitalization Packages for Construction in Progress (CIP) Assets\n\u2022 Support the client to determine the accuracy of CIP balances and Fixed Assets capitalization records by reviewing source documentation, contract files and detailed transactions lists\n\u2022 Submit a complete CIP capitalization package for each assigned Program that is certifiable as GAAP-compliant and fully supported\n\u2022 Ensure audit-acceptable documentation for valuation and\/or in-service date is present in the CIP capitalization package\n\u2022 Coordinate with the client to obtain detailed project information for review, coordinate needed changes to accounting records, and provide recommendations on items to expense or capitalize\n\u2022 Support the preparation of PMDS capitalization amounts or revised capitalization amounts\n\nRequirements:\n\nRequired Qualifications:\n\u2022 Minimum 5 Years of Experience\n\u2022 Experience with capitalization procedures and hands-on experience preparing and\n\nevaluating asset capitalization packages to include applicable overhead rates.\n\u2022 Experience with transaction accounting and hands-on experience evaluating expenditures and determining proper allocation of expenditures, upon reviewing contract files, to specific assets to ensure proper asset capitalization.\n\u2022 Experience with financial systems and performing account reconciliations for multi-year appropriations.\n\u2022 Experience with account reconciliations of standard contracts, Interagency Transactions, Interagency Reimbursable Work Transactions, contract leases, utility payments and travel accounts.\n\u2022 Experience in assessing existing internal controls and hands-on experience managing the testing phase of internal controls.\n\u2022 Experience with financial account formats and migrating multi-year appropriation accounts from a legacy accounting system to a new accounting system.\n\nDesired Qualifications:\n\u2022 Previous experience supporting U.S. Coast Guard or another DHS component\n\nSALARY RANGE: $90,000 - $100,000\n\nELIGIBLE FOR PERFORMANCE BASE BONUS\n\nChevo offers a comprehensive benefits package including medical, dental and vision coverage, paid leave, observes all 11 federal government holidays, 401K plan with matching, monthly SMART card employer contribution for commuting expenses, tuition assistance and more!\n\nChevo, a Women-Owned Small Business (WOSB), has made Consulting Magazine\u2019s 2023, 2024 and 2025 \u201cBest Firms to Work For\u201d list and is a 2023 through 2025 Elev8 GovCon honoree. Chevo is a nine-time awardee of the Alliance for Workplace Excellence award; ranked one of the best Small Business Strategy firms by Consulting Magazine; made the Washington Technology Fast 50 list; and has earned multiple Program Management Industry awards.\n\nChevo is an Equal Opportunity Employer. Qualified applicants will receive consideration for employment without regard to race, color, religion, sex, age, disability, military status, national origin, or any other characteristic protected under federal, state, or applicable local law","job_is_remote":false,"job_posted_at":null,"job_posted_at_timestamp":null,"job_posted_at_datetime_utc":null,"job_location":"Washington, DC","job_city":"Washington","job_state":"District of Columbia","job_country":"US","job_latitude":38.9071923,"job_longitude":-77.0368707,"job_benefits":["health_insurance","dental_coverage"],"job_google_link":"https:\/\/www.google.com\/search?q=jobs&gl=us&hl=en&udm=8#vhid=vt%3D20\/docid%3DjkH1lyFHPMDMjwSqAAAAAA%3D%3D&vssid=jobs-detail-viewer","job_min_salary":90000,"job_max_salary":100000,"job_salary_period":"YEAR","job_highlights":{"Qualifications":["Minimum 5 Years of Experience","Experience with capitalization procedures and hands-on experience preparing and","Experience with financial systems and performing account reconciliations for multi-year appropriations","Experience with account reconciliations of standard contracts, Interagency Transactions, Interagency Reimbursable Work Transactions, contract leases, utility payments and travel accounts","Experience with financial account formats and migrating multi-year appropriation accounts from a legacy accounting system to a new accounting system","Coast Guard or another DHS component"],"Benefits":["SALARY RANGE: $90,000 - $100,000","ELIGIBLE FOR PERFORMANCE BASE BONUS","Chevo offers a comprehensive benefits package including medical, dental and vision coverage, paid leave, observes all 11 federal government holidays, 401K plan with matching, monthly SMART card employer contribution for commuting expenses, tuition assistance and more!"],"Responsibilities":["This position provides the opportunity for significant client interaction by learning the client\u2019s business becoming a trusted advisor","Ideal candidates will demonstrate versatility in understanding and performing work related to financial accounting for capital assets","This position is a hybrid work environment, in office one day per week, with client location in Washington DC","Support the client with preparation of Capitalization Packages for Construction in Progress (CIP) Assets","Support the client to determine the accuracy of CIP balances and Fixed Assets capitalization records by reviewing source documentation, contract files and detailed transactions lists","Submit a complete CIP capitalization package for each assigned Program that is certifiable as GAAP-compliant and fully supported","Ensure audit-acceptable documentation for valuation and\/or in-service date is present in the CIP capitalization package","Coordinate with the client to obtain detailed project information for review, coordinate needed changes to accounting records, and provide recommendations on items to expense or capitalize","Support the preparation of PMDS capitalization amounts or revised capitalization amounts","evaluating asset capitalization packages to include applicable overhead rates","Experience with transaction accounting and hands-on experience evaluating expenditures and determining proper allocation of expenditures, upon reviewing contract files, to specific assets to ensure proper asset capitalization","Experience in assessing existing internal controls and hands-on experience managing the testing phase of internal controls"]},"job_onet_soc":"13205100","job_onet_job_zone":"4"},{"job_id":"caFX2K2MnWscCB3nAAAAAA==","job_title":"Quantitative Financial Analyst (Capital Markets)","employer_name":"Ascella Technologies, Inc.","employer_logo":"https:\/\/encrypted-tbn0.gstatic.com\/images?q=tbn:ANd9GcQsAcrGS3nhYALFMRbdLMyRIqJ82bBGSJOUb6e3&s=0","employer_website":"https:\/\/ascellatech.com","job_publisher":"ZipRecruiter","job_employment_type":"Full-time","job_employment_types":["FULLTIME"],"job_apply_link":"https:\/\/www.ziprecruiter.com\/c\/Ascella-Technologies,-Inc.\/Job\/Quantitative-Financial-Analyst-(Capital-Markets)\/-in-Washington,DC?jid=5bbaa03727d6570c&utm_campaign=google_jobs_apply&utm_source=google_jobs_apply&utm_medium=organic","job_apply_is_direct":true,"apply_options":[{"publisher":"ZipRecruiter","apply_link":"https:\/\/www.ziprecruiter.com\/c\/Ascella-Technologies,-Inc.\/Job\/Quantitative-Financial-Analyst-(Capital-Markets)\/-in-Washington,DC?jid=5bbaa03727d6570c&utm_campaign=google_jobs_apply&utm_source=google_jobs_apply&utm_medium=organic","is_direct":true}],"job_description":"We are seeking a driven, experienced, and detail-oriented Quantitative Financial Analyst to join a critical, financially-focused federal agency dedicated to maintaining the integrety of the capital markets. This is a unique opportunity to directly support the agency's enforcement mission by leveraging advanced data analysis techniques to deterect and investigate potential trading violations and market abuse. The ideal candidate has a deep appreciation for financial services compliance and a proven ability to turn complex, high-volume trading data into actionable intelligence.\nKey Responsibilities:\n\u2022 Perform in-depth data analysis on corporate and trading data extracts to identify anomalies, patterns, and behaviors indicative of potential securities law violations (e.g., insider trading, market manipulation)\n\u2022 Ingest, transform, and manipulate large, complex data sets, ensuring data quality and readiness for sophisticated analysis\n\u2022 Work collaboratively with legal, compliance, and enforcement teams to provide clear, well-supported analysis and findings\n\u2022 Develop and refine data models and queries to enhance the efficiency and effectiveness of surveillance programs\nRequired Qualifications:\n\u2022 Bachelor\u2019s degree in Finance, Statistics, Mathematics, Financial Engineering, Computer Science, or a related quantitative field\n\u2022 5+ years of progressive, related work experience within the financial services industry\n\u2022 Prior experience working for an asset management firm, a capital markets compliance or surveillance team, a regulatory body, or similar\n\u2022 Deep familiarity with a variety of security types (e.g., equities, fixed income, derivatives) and a strong understanding of how trading and settlement are conducted in capital markets\n\u2022 Expertise with MS Excel for complex analysis and proficiency in using the Bloomberg Terminal or similar financial data platforms\n\u2022 Proven ability to analyze, synthesize, and make sense of complex, high-volume data; demonstrable ability to use multiple financial toolkits for data analysis\n\u2022 Exceptional attention to detail, a strong work ethic, a proven ability to manage multiple priorities and meet deadlines independently, and strong verbal\/written communication skills\n\u2022 U.S. Citizenship is required (dual nationals are not eligible)\n\u2022 Position requires the ability to successfully obtain and maintain a Public Trust background investigation\nPreferred Qualifications:\n\u2022 Advanced Degree (Master\u2019s or higher) in Financial Engineering, Finance, or a quantitative discipline\n\u2022 Strong working knowledge of databases, SQL, APIs, and a programming language like Python for data manipulation and statistical analysis\n\u2022 Experience in Securities Operations or a dedicated Data Forensics role\nAbout Us\n\nAscella Technologies develops and implements innovative technology solutions to deliver business outcomes and help clients manage risk. Our senior consultants and software engineers bring extensive experience in our clients\u2019 specialized business domains, applications, and technologies. With this experience, Ascella has helped Federal, State, and local government agencies achieve success in their most critical missions. Founded in 2002, Ascella is continuously growing and looking for team members who can help us continue to deliver value-added technology-based solutions.\n\nAscella\u2019s continued success is a reflection of our passion for people. We hire individuals with valuable experiences, and we strive to place people in roles that let them fully utilize their talents and flourish. We also maintain an entrepreneurial culture in which each person\u2019s contribution makes a visible impact on our company and is recognized accordingly.\nWhat makes Ascella employees great\n\u2022 Innovative Thinkers: From small suggestions to large goals, employee voices are heard and acknowledged. We encourage employees to come up with creative ideas and give everyone the opportunity to help us define how we do things. You will have the opportunity to solve real business problems and be challenged to come up with innovative solutions.\n\u2022 Lifelong learners: We value lifelong learners who are excited about professional development and personal growth. At Ascella, employees are part of a company and a culture that encourages continuous improvement of both the organization and our employees. You will work in a collaborative environment with an experienced, highly capable team that learns from each other, and you will be both challenged and supported in your efforts to learn and grow.\n\u2022 Customer-Centric: Ascella is committed to complete customer satisfaction on every project. Our employees provide our customers with excellent service, proactively coming up with solutions to current and anticipated needs. The customer experience is an integral part of our mission and values, and you will work alongside people who are focused and dedicated to complete customer satisfaction.\n\u2022 Open Communicators: Transparency and communication are important to us at Ascella. We have an \u201copen door\u201d policy, and our employees ask questions and share information on a regular basis. We believe in aligning employee work with overall company objectives and being open about our strategic plan and what we are trying to achieve. We encourage regular feedback and appreciate employee input on what\u2019s working and what\u2019s not so we can initiate discussions about how to improve our processes.\n\u2022 Inclusive: At Ascella, we encourage and embrace diversity in our workforce. We are committed to being an inclusive organization where all employees feel valued, respected, and engaged. Our employees have an array of talents, ideas, and experiences that help foster creativity and innovation and drive our success.\n\nPosition: Quantitative Financial Analyst\nLocation: Washington, DC \/ Chicago, IL \/ New York, NY (Fully remote)\nBase Compensation: We offer a competitive salary and benefits package, and we are open to discussing compensation based on your qualifications and experience\nOther Compensation: 4% contribution to 401(k), performance bonus, profit-sharing\nPaid Time Off: 16 days PTO\/year, 11 holidays\/year\nBenefits: Medical, Dental, Vision, Life, Disability, 401(k)\u2026and more\nPosition is open until filled; applications are accepted on an ongoing basis.\n\nEqual Employment Opportunity Statement\nAscella Technologies is an Affirmative Action\/Equal Opportunity Employer. We believe that no one should be discriminated against because of their differences, such as age, disability, ethnicity, gender, gender identity and expression, religion or sexual orientation. We provide equal employment opportunities to all qualified candidates without regard to age, race, creed, color, religion, sex, national origin, ancestry, disability status, veteran status, sexual orientation, gender identity or expression, genetic information, marital status or any other characteristic protected by law. Ascella Technologies is committed to providing veteran employment opportunities to our service men and women.\nEmployment Type: FULL_TIME","job_is_remote":false,"job_posted_at":"5 days ago","job_posted_at_timestamp":1762387200,"job_posted_at_datetime_utc":"2025-11-06T00:00:00.000Z","job_location":"Washington, DC","job_city":"Washington","job_state":"District of Columbia","job_country":"US","job_latitude":38.9071923,"job_longitude":-77.0368707,"job_benefits":["dental_coverage","paid_time_off","health_insurance"],"job_google_link":"https:\/\/www.google.com\/search?q=jobs&gl=us&hl=en&udm=8#vhid=vt%3D20\/docid%3DcaFX2K2MnWscCB3nAAAAAA%3D%3D&vssid=jobs-detail-viewer","job_salary":null,"job_min_salary":null,"job_max_salary":null,"job_salary_period":null,"job_highlights":{"Qualifications":["Bachelor\u2019s degree in Finance, Statistics, Mathematics, Financial Engineering, Computer Science, or a related quantitative field","5+ years of progressive, related work experience within the financial services industry","Prior experience working for an asset management firm, a capital markets compliance or surveillance team, a regulatory body, or similar","Deep familiarity with a variety of security types (e.g., equities, fixed income, derivatives) and a strong understanding of how trading and settlement are conducted in capital markets","Expertise with MS Excel for complex analysis and proficiency in using the Bloomberg Terminal or similar financial data platforms","Proven ability to analyze, synthesize, and make sense of complex, high-volume data; demonstrable ability to use multiple financial toolkits for data analysis","Exceptional attention to detail, a strong work ethic, a proven ability to manage multiple priorities and meet deadlines independently, and strong verbal\/written communication skills","U.S. Citizenship is required (dual nationals are not eligible)","Position requires the ability to successfully obtain and maintain a Public Trust background investigation"],"Benefits":["Base Compensation: We offer a competitive salary and benefits package, and we are open to discussing compensation based on your qualifications and experience","Other Compensation: 4% contribution to 401(k), performance bonus, profit-sharing","Paid Time Off: 16 days PTO\/year, 11 holidays\/year","Benefits: Medical, Dental, Vision, Life, Disability, 401(k)\u2026and more"],"Responsibilities":["The ideal candidate has a deep appreciation for financial services compliance and a proven ability to turn complex, high-volume trading data into actionable intelligence","Perform in-depth data analysis on corporate and trading data extracts to identify anomalies, patterns, and behaviors indicative of potential securities law violations (e.g., insider trading, market manipulation)","Ingest, transform, and manipulate large, complex data sets, ensuring data quality and readiness for sophisticated analysis","Work collaboratively with legal, compliance, and enforcement teams to provide clear, well-supported analysis and findings","Develop and refine data models and queries to enhance the efficiency and effectiveness of surveillance programs","You will have the opportunity to solve real business problems and be challenged to come up with innovative solutions","Lifelong learners: We value lifelong learners who are excited about professional development and personal growth","You will work in a collaborative environment with an experienced, highly capable team that learns from each other, and you will be both challenged and supported in your efforts to learn and grow","Customer-Centric: Ascella is committed to complete customer satisfaction on every project"]},"job_onet_soc":"13205100","job_onet_job_zone":"4"},{"job_id":"SHv1RxGnNMfTiy_SAAAAAA==","job_title":"Financial Analyst","employer_name":"TeleSolv Consulting","employer_logo":"https:\/\/encrypted-tbn0.gstatic.com\/images?q=tbn:ANd9GcQSQSrPoduTC3z6agIh4f6NabGqQY7lDnpCxFK_&s=0","employer_website":"http:\/\/www.tmc-telesolv.com","job_publisher":"Indeed","job_employment_type":"Full-time","job_employment_types":["FULLTIME"],"job_apply_link":"https:\/\/www.indeed.com\/viewjob?jk=5fdf3c144f489967&utm_campaign=google_jobs_apply&utm_source=google_jobs_apply&utm_medium=organic","job_apply_is_direct":false,"apply_options":[{"publisher":"Indeed","apply_link":"https:\/\/www.indeed.com\/viewjob?jk=5fdf3c144f489967&utm_campaign=google_jobs_apply&utm_source=google_jobs_apply&utm_medium=organic","is_direct":false},{"publisher":"BeBee","apply_link":"https:\/\/us.bebee.com\/job\/8eefd2a442e1659bce2cdfe8ad1c72a3?utm_campaign=google_jobs_apply&utm_source=google_jobs_apply&utm_medium=organic","is_direct":false}],"job_description":"Description\n\nTeleSolv Consulting has an immediate opportunity to work with the Federal Government as a Financial Analyst.\n\nThis is an ONSITE position based in Washington, DC. This job opportunity is centered around candidates with experience involving criminal investigative and data management. This IS NOT primarily a technical oriented role. Prior experience with virtual\/digital currency and analyzing financial crime intelligence is required.\n\nKey Responsibilities:\n\u2022 Review and analyze financial transactions, accounting activities, and customer data to identify suspicious patterns or anomalies indicative of fraud or other financial crimes.\n\u2022 Conduct thorough investigations into financial irregularities, utilizing various databases, financial records, and other resources to gather evidence and support findings.\n\u2022 Prepare detailed investigation reports that summarize findings, methodologies, and recommendations for action. Clearly communicate results to stakeholders, including management and regulatory bodies.\n\u2022 Work closely with internal departments such as compliance, legal, and risk management, as well as with external partners, such as law enforcement agencies and regulatory authorities, to coordinate investigations and share relevant information.\n\u2022 Monitor and analyze threat intelligence reports to identify emerging threats and vulnerabilities. Assess the potential impact of these threats on organizational assets and recommend appropriate mitigation strategies.\n\u2022 Prepare detailed incident reports and analysis summaries, documenting findings, actions taken, and recommendations for remediation. Present findings to technical and non-technical stakeholders.\n\nMinimum Qualifications:\n\u2022 U.S. Citizenship required\n\u2022 Current Public Trust or the ability to pass a public trust background check timely\n\u2022 Minimum Education: Associates degree with two years of financial or data management experience; Bachelors degree in a related field of study preferred\n\u2022 Minimum Years of experience: Two years of financial\/data management experience in a professional\n\u2022 Required skills: Demonstrated analytical skills and proficiency in MS Excel; Strong attention to detail and accuracy; Excellent written and verbal communication skills.\n\nAbout TeleSolv Consulting\n\nSince its establishment in 2000, TeleSolv Consulting has been committed to helping organizations solve complex problems. Our solutions integrate sound management principles with the most appropriate technologies to assist senior executives in effectively managing programmatic, schedule, and technical risks.\n\nAbout TeleSolv:\n\nJoin the TeleSolv Team on our mission to provide quality and unparalleled service to our clients. We are a growing organization that provides a variety of professional and administrative services to public and private organizations with global operations. Rated in the top 1000 businesses in 2019 by Inc.com. Since its founding in 2000, TeleSolv has been committed to helping organizations solve complex problems. Our solutions integrate sound management principles with the most appropriate technologies to assist senior executives in effectively managing programmatic, schedule, and technical risks. TeleSolv offers excellent compensation, training, advancement opportunities, and exceptional benefits including PTO, sick leave, up to 11 paid federal holidays, medical, dental, vision, company paid life, short-term and long-term disability insurance, employee assistance program, and matching 401(k) plan.\n\nBackground Investigation:\n\nThis position requires that you obtain a background investigation. As part of this process, the government will perform a criminal, credit, tax, employment, and drug history background check. The government has varying tolerances, with mitigating circumstances, for issues in all of the categories. The government is essentially looking to confirm that you are generally in good financial standing, up to date on your tax filings, rehire eligible with your prior employers, and have adhered to any federal restrictions on illegal drug use, including marijuana, in addition to other checks related on your character and trust worthiness.","job_is_remote":false,"job_posted_at":null,"job_posted_at_timestamp":null,"job_posted_at_datetime_utc":null,"job_location":"Washington, DC","job_city":"Washington","job_state":"District of Columbia","job_country":"US","job_latitude":38.9071923,"job_longitude":-77.0368707,"job_benefits":["paid_time_off","dental_coverage","health_insurance"],"job_google_link":"https:\/\/www.google.com\/search?q=jobs&gl=us&hl=en&udm=8#vhid=vt%3D20\/docid%3DSHv1RxGnNMfTiy_SAAAAAA%3D%3D&vssid=jobs-detail-viewer","job_salary":null,"job_min_salary":null,"job_max_salary":null,"job_salary_period":null,"job_highlights":{"Qualifications":["Prior experience with virtual\/digital currency and analyzing financial crime intelligence is required","U.S. Citizenship required","Current Public Trust or the ability to pass a public trust background check timely","Minimum Years of experience: Two years of financial\/data management experience in a professional","Required skills: Demonstrated analytical skills and proficiency in MS Excel; Strong attention to detail and accuracy; Excellent written and verbal communication skills","This position requires that you obtain a background investigation","As part of this process, the government will perform a criminal, credit, tax, employment, and drug history background check","The government is essentially looking to confirm that you are generally in good financial standing, up to date on your tax filings, rehire eligible with your prior employers, and have adhered to any federal restrictions on illegal drug use, including marijuana, in addition to other checks related on your character and trust worthiness"],"Benefits":["TeleSolv offers excellent compensation, training, advancement opportunities, and exceptional benefits including PTO, sick leave, up to 11 paid federal holidays, medical, dental, vision, company paid life, short-term and long-term disability insurance, employee assistance program, and matching 401(k) plan"],"Responsibilities":["Review and analyze financial transactions, accounting activities, and customer data to identify suspicious patterns or anomalies indicative of fraud or other financial crimes","Conduct thorough investigations into financial irregularities, utilizing various databases, financial records, and other resources to gather evidence and support findings","Prepare detailed investigation reports that summarize findings, methodologies, and recommendations for action","Clearly communicate results to stakeholders, including management and regulatory bodies","Work closely with internal departments such as compliance, legal, and risk management, as well as with external partners, such as law enforcement agencies and regulatory authorities, to coordinate investigations and share relevant information","Monitor and analyze threat intelligence reports to identify emerging threats and vulnerabilities","Assess the potential impact of these threats on organizational assets and recommend appropriate mitigation strategies","Prepare detailed incident reports and analysis summaries, documenting findings, actions taken, and recommendations for remediation","Present findings to technical and non-technical stakeholders"]},"job_onet_soc":"13205100","job_onet_job_zone":"4"},{"job_id":"0eIReXijwN_-amyoAAAAAA==","job_title":"Senior Financial Analyst, CG-1160-15","employer_name":"FDIC: Join the FDIC Team","employer_logo":null,"employer_website":null,"job_publisher":"ZipRecruiter","job_employment_type":"Full-time","job_employment_types":["FULLTIME"],"job_apply_link":"https:\/\/www.ziprecruiter.com\/c\/FDIC:-Join-the-FDIC-Team\/Job\/Senior-Financial-Analyst,-CG-1160-13-14\/-in-Washington,DC?jid=3987a5e463160d7f&utm_campaign=google_jobs_apply&utm_source=google_jobs_apply&utm_medium=organic","job_apply_is_direct":true,"apply_options":[{"publisher":"ZipRecruiter","apply_link":"https:\/\/www.ziprecruiter.com\/c\/FDIC:-Join-the-FDIC-Team\/Job\/Senior-Financial-Analyst,-CG-1160-13-14\/-in-Washington,DC?jid=3987a5e463160d7f&utm_campaign=google_jobs_apply&utm_source=google_jobs_apply&utm_medium=organic","is_direct":true},{"publisher":"Ladders","apply_link":"https:\/\/www.theladders.com\/job\/senior-financial-analyst-cg-1160-13-14-federaldepositinsurancecorporation-washington-dc_84043721?utm_campaign=google_jobs_apply&utm_source=google_jobs_apply&utm_medium=organic","is_direct":false},{"publisher":"Bandana.com","apply_link":"https:\/\/bandana.com\/jobs\/50ada171-76ae-4fa4-b2cc-1b6eddd2f34d?utm_campaign=google_jobs_apply&utm_source=google_jobs_apply&utm_medium=organic","is_direct":false},{"publisher":"Teal","apply_link":"https:\/\/www.tealhq.com\/job\/senior-financial-analyst_7ea1a3df200737d54701649b26835cb6d7821?utm_campaign=google_jobs_apply&utm_source=google_jobs_apply&utm_medium=organic","is_direct":false},{"publisher":"LazyApply","apply_link":"https:\/\/lazyapply.com\/jobpreview\/financial-analyst-senior-booz-allen-hamilton-inc-washington-dc_82750871?utm_campaign=google_jobs_apply&utm_source=google_jobs_apply&utm_medium=organic","is_direct":false},{"publisher":"Federal Government Jobs","apply_link":"https:\/\/federalgovernmentjobs.us\/jobs\/Senior-Financial-Analyst-CG-1160-13-14-848758600.html?utm_campaign=google_jobs_apply&utm_source=google_jobs_apply&utm_medium=organic","is_direct":false},{"publisher":"BeBee","apply_link":"https:\/\/us.bebee.com\/job\/41ff6a23fde3a3d6ef4f90a320002b80?utm_campaign=google_jobs_apply&utm_source=google_jobs_apply&utm_medium=organic","is_direct":false},{"publisher":"Expertini","apply_link":"https:\/\/us.expertini.com\/jobs\/job\/senior-financial-analyst-cg-1160-15-washington-federal-deposit-insurance-corporation-usajobsgov-fd00-848836300\/?utm_campaign=google_jobs_apply&utm_source=google_jobs_apply&utm_medium=organic","is_direct":false}],"job_description":"This position is located in the Division of Finance of the Federal Deposit Insurance Corporation and is responsible for managing and investing corporate and receivership funds. This position is also responsible for monitoring the investment performance of the FDIC Savings Plan investment options and supporting the Savings Plans Committee in its fiduciary responsibilities.\nQualifications:\n\nQualifying experience may be obtained in the private or public sector. Experience refers to paid and unpaid experience, including volunteer work done through National Service programs (e.g., Peace Corps, AmeriCorps) and other organizations (e.g., professional; philanthropic, religious\/spiritual; community; student, social). Volunteer work helps build critical competencies, knowledge, and skills and can provide valuable training and experience that translates directly to paid employment. You will receive credit for all qualifying experience, including volunteer experience. Additional qualifications information can be found here.\n\nTo qualify, applicants must have completed at least one year of specialized experience equivalent to at least the 14-grade level or above in the Federal service. Specialized experience is defined as managing and analyzing fixed income\/debt securities portfolios; managing projects that deal with the Corporation\u2019s cash flow and financial programs; and developing plans, policies, and procedures.\n\nApplicants must have met the qualification requirements (including selective placement factors \u2013 if any) for this position within 30 calendar days of the closing date of this announcement.\n\nFor qualification determinations, your resume must contain the following for each work experience listed:\n\u2022 Organization\/Agency's Name\n\u2022 Title\n\u2022 Salary (series and grade, if applicable)\n\u2022 Start and end dates (including the month and year)\n\u2022 Number of hours you worked per week\n\u2022 Relevant experience that supports your response to the specialized experience that is stated in the job announcement\n\nIf your resume does not contain this information, your application may be marked as incomplete, and you may not receive consideration for this position.\n\nEducation:\n\nThere is no substitution of education for the experience for this position.\nEmployment Type: OTHER","job_is_remote":false,"job_posted_at":"19 days ago","job_posted_at_timestamp":1761177600,"job_posted_at_datetime_utc":"2025-10-23T00:00:00.000Z","job_location":"Washington, DC","job_city":"Washington","job_state":"District of Columbia","job_country":"US","job_latitude":38.9071923,"job_longitude":-77.0368707,"job_benefits":null,"job_google_link":"https:\/\/www.google.com\/search?q=jobs&gl=us&hl=en&udm=8#vhid=vt%3D20\/docid%3D0eIReXijwN_-amyoAAAAAA%3D%3D&vssid=jobs-detail-viewer","job_min_salary":null,"job_max_salary":null,"job_salary_period":"YEAR","job_highlights":{"Qualifications":["Qualifying experience may be obtained in the private or public sector","Experience refers to paid and unpaid experience, including volunteer work done through National Service programs (e.g., Peace Corps, AmeriCorps) and other organizations (e.g., professional; philanthropic, religious\/spiritual; community; student, social)","To qualify, applicants must have completed at least one year of specialized experience equivalent to at least the 14-grade level or above in the Federal service","Specialized experience is defined as managing and analyzing fixed income\/debt securities portfolios; managing projects that deal with the Corporation\u2019s cash flow and financial programs; and developing plans, policies, and procedures","Applicants must have met the qualification requirements (including selective placement factors \u2013 if any) for this position within 30 calendar days of the closing date of this announcement","Organization\/Agency's Name","Salary (series and grade, if applicable)","Start and end dates (including the month and year)","Number of hours you worked per week","Relevant experience that supports your response to the specialized experience that is stated in the job announcement"],"Benefits":["Volunteer work helps build critical competencies, knowledge, and skills and can provide valuable training and experience that translates directly to paid employment","You will receive credit for all qualifying experience, including volunteer experience"],"Responsibilities":["This position is also responsible for monitoring the investment performance of the FDIC Savings Plan investment options and supporting the Savings Plans Committee in its fiduciary responsibilities"]},"job_onet_soc":"13205100","job_onet_job_zone":"4"},{"job_id":"ZfTdUqh9B9s-ex4QAAAAAA==","job_title":"Senior Financial Analyst - REMOTE","employer_name":"Ryder System","employer_logo":null,"employer_website":"https:\/\/www.ryder.com","job_publisher":"Ryder - Jobs","job_employment_type":"Full-time","job_employment_types":["FULLTIME"],"job_apply_link":"https:\/\/jobs.ryder.com\/washington-dc\/senior-financial-analyst-remote\/2D877A5CBFEF4308BCFA2F6F4380AFFC\/job\/?utm_campaign=google_jobs_apply&utm_source=google_jobs_apply&utm_medium=organic","job_apply_is_direct":false,"apply_options":[{"publisher":"Ryder - Jobs","apply_link":"https:\/\/jobs.ryder.com\/washington-dc\/senior-financial-analyst-remote\/2D877A5CBFEF4308BCFA2F6F4380AFFC\/job\/?utm_campaign=google_jobs_apply&utm_source=google_jobs_apply&utm_medium=organic","is_direct":false},{"publisher":"JobGet","apply_link":"https:\/\/www.jobget.com\/jobs\/job\/5ad77433-af53-419d-81f0-8a0d27d39b32?utm_campaign=google_jobs_apply&utm_source=google_jobs_apply&utm_medium=organic","is_direct":false},{"publisher":"SimplyHired","apply_link":"https:\/\/www.simplyhired.com\/job\/6qlgK8GGRU9hCc6qYWsappSbN7or2gl2FDwQzyfLIdPK46jbWNF5Xw?utm_campaign=google_jobs_apply&utm_source=google_jobs_apply&utm_medium=organic","is_direct":false},{"publisher":"Jobrapido","apply_link":"https:\/\/us.jobrapido.com\/jobpreview\/2875914243897556992?utm_campaign=google_jobs_apply&utm_source=google_jobs_apply&utm_medium=organic","is_direct":false},{"publisher":"Expertini","apply_link":"https:\/\/us.expertini.com\/jobs\/job\/senior-financial-analyst-remote-washington-ryder-system-rydersys2-r153862washingtondc\/?utm_campaign=google_jobs_apply&utm_source=google_jobs_apply&utm_medium=organic","is_direct":false},{"publisher":"Jobilize","apply_link":"https:\/\/www.jobilize.com\/job\/us-dc-washington-senior-financial-analyst-remote-ryder-hiring-now?utm_campaign=google_jobs_apply&utm_source=google_jobs_apply&utm_medium=organic","is_direct":false}],"job_description":"Job Seekers can review the Job Applicant Privacy Policy by clicking here (http:\/\/ryder.com\/job-applicant-privacy-policy) .\n\nJob Description :\n\nSummary\n\nThe Senior Financial Analyst will report to the Director of Finance. The analyst will provide financial support for Ryder's FMS Pricing and Sales organizations. The analyst will create, manage, and implement models to assist in Ryder's product pricing, as well as provide data and analysis to assist senior leadership in the development of market strategy.\n\nREMOTE WORK FROM HOME\n\nEssential Functions\n\u2022 Assist in the development and implementation of maintenance cost, residual, and other cost component models that will be used for lease pricing, analysis, and market strategy.\n\u2022 Work cross functionally between finance, accounting, IT, product strategy, sales, purchasing, insurance, legal, and other administrative groups to drive projects forward and ensure strategic decisions are implemented.\n\u2022 Creatively develop new, and refine existing, calculations and processes that drive efficiency and improve accuracy in pricing.\n\u2022 Report on sold profitability to senior leadership (including CFO and CEO), and perform any subsequent ad hoc analysis.\n\u2022 Perform sensitivities and impact analysis on the lease financial model.\n\u2022 Partner in presenting analysis results in written and verbal formats to senior leadership.\n\u2022 Perform other duties as assigned.\n\nSkills and Abilities\n\u2022 Ability to:\n\u2022 Derive innovative solutions independently and within a team.\n\u2022 Work cross functionally in order to achieve desired results.\n\u2022 Interact with and influence senior management.\n\u2022 Detail-oriented, highly organized, with excellent time management skills.\n\u2022 Knowledge of:\n\u2022 Microsoft Office, particularly Excel (advanced level).\n\u2022 Transportation industry preferred.\n\u2022 Database design\/query experience preferred.\n\u2022 Python experience a plus.\n\u2022 PowerBI is a plus\n\nQualifications\n\u2022 Bachelor's Degree in Related field, Required\n\u2022 Master's Degree in MBA, Preferred\n\u2022 Two (2) years to Four (4) years or more in Experience in a corporate Finance Department within a Fortune 500 Company or consulting firm, Required\n\u2022 5 years or more in Post MBA, Preferred\n\u2022 Must be proficient with computers to include MS Office Intermediate, Requ\n\nJob Category: Financial Analysis\n\nCompensation Information :\n\nThe compensation offered to a candidate may be influenced by a variety of factors, including the candidate\u2019s relevant experience; education, including relevant degrees or certifications; work location; market data\/ranges; internal equity; internal salary ranges; etc. The position may also be eligible to receive an annual bonus, commission, and\/or long-term incentive plan based on the level and\/or type. Compensation ranges for the position are below:\n\nPay Type :\n\nSalaried\n\nMinimum Pay Range:\n\n$70,000.00\n\nMaximum Pay Range:\n\n$80,000.00\n\nBenefits Information :\n\nFor all Full-time positions only : Ryder offers comprehensive health and welfare benefits, to include medical, prescription, dental, vision, life insurance and disability insurance options, as well as paid time off for vacation, illness, bereavement, family and parental leave, and a tax-advantaged 401(k) retirement savings plan.\n\nFor more information about benefits, click here (https:\/\/ryder.icims.com\/icims2\/servlet\/icims2?module=AppInert&action=download&id=4022345&hashed=256118533) to download the comprehensive benefits summary.\n\nRyder is proud to be an Equal Opportunity Employer and Drug Free workplace.\n\nAll qualified applicants will receive consideration for employment without regard to race, religion, color, national origin, sex, sexual orientation, gender identity, age, status as a protected veteran, among other things, or status as a qualified individual with disability.\n\nImportant Note :\n\nSome positions require additional screening that may include employment and education verification; motor vehicle records check and a road test; and\/or badging or background requirements of the customer to which you are assigned.\n\nSecurity Notice for Applicants:\n\nRyder will only communicate with an applicant directly from a [@ryder.com] email address and will never conduct an interview online through a chat type forum, messaging app (such as WhatsApp or Telegram), or via an online questionnaire. During an interview, Ryder will never ask for any form of payment or banking details and will never solicit personal information outside of the formal submitted application through www.ryder.com\/careers .\n\nShould you have any questions regarding the application process or to verify the legitimacy of an interview or Ryder representative, please contact Ryder at careers@ryder.com or 800-793-3754.\n\nCurrent Employees :\n\nIf you are a current employee at Ryder, please click here (http:\/\/wd5.myworkday.com\/ryder\/d\/task\/1422$3.htmld) to log in to Workday to apply using the internal application process.\n\nJob Seekers can review the Job Applicant Privacy Policy by clicking here (http:\/\/ryder.com\/job-applicant-privacy-policy) .\n\n#wd","job_is_remote":false,"job_posted_at":"21 days ago","job_posted_at_timestamp":1761004800,"job_posted_at_datetime_utc":"2025-10-21T00:00:00.000Z","job_location":"Washington, DC","job_city":"Washington","job_state":"District of Columbia","job_country":"US","job_latitude":38.9071923,"job_longitude":-77.0368707,"job_benefits":["dental_coverage","paid_time_off","health_insurance"],"job_google_link":"https:\/\/www.google.com\/search?q=jobs&gl=us&hl=en&udm=8#vhid=vt%3D20\/docid%3DZfTdUqh9B9s-ex4QAAAAAA%3D%3D&vssid=jobs-detail-viewer","job_salary":null,"job_min_salary":null,"job_max_salary":null,"job_salary_period":null,"job_highlights":{"Qualifications":["Derive innovative solutions independently and within a team","Detail-oriented, highly organized, with excellent time management skills","Microsoft Office, particularly Excel (advanced level)","Bachelor's Degree in Related field, Required","Two (2) years to Four (4) years or more in Experience in a corporate Finance Department within a Fortune 500 Company or consulting firm, Required","Must be proficient with computers to include MS Office Intermediate, Requ","Some positions require additional screening that may include employment and education verification; motor vehicle records check and a road test; and\/or badging or background requirements of the customer to which you are assigned"],"Benefits":["The compensation offered to a candidate may be influenced by a variety of factors, including the candidate\u2019s relevant experience; education, including relevant degrees or certifications; work location; market data\/ranges; internal equity; internal salary ranges; etc","The position may also be eligible to receive an annual bonus, commission, and\/or long-term incentive plan based on the level and\/or type","Salaried","$70,000.00","$80,000.00","For all Full-time positions only : Ryder offers comprehensive health and welfare benefits, to include medical, prescription, dental, vision, life insurance and disability insurance options, as well as paid time off for vacation, illness, bereavement, family and parental leave, and a tax-advantaged 401(k) retirement savings plan"],"Responsibilities":["The Senior Financial Analyst will report to the Director of Finance","The analyst will provide financial support for Ryder's FMS Pricing and Sales organizations","The analyst will create, manage, and implement models to assist in Ryder's product pricing, as well as provide data and analysis to assist senior leadership in the development of market strategy","Assist in the development and implementation of maintenance cost, residual, and other cost component models that will be used for lease pricing, analysis, and market strategy","Work cross functionally between finance, accounting, IT, product strategy, sales, purchasing, insurance, legal, and other administrative groups to drive projects forward and ensure strategic decisions are implemented","Creatively develop new, and refine existing, calculations and processes that drive efficiency and improve accuracy in pricing","Report on sold profitability to senior leadership (including CFO and CEO), and perform any subsequent ad hoc analysis","Perform sensitivities and impact analysis on the lease financial model","Partner in presenting analysis results in written and verbal formats to senior leadership","Perform other duties as assigned","Work cross functionally in order to achieve desired results","Interact with and influence senior management"]},"job_onet_soc":"13205100","job_onet_job_zone":"4"},{"job_id":"0N14vlkrbxhDrVN7AAAAAA==","job_title":"Senior Financial Analyst, FP&A \u2013 Content Licensing","employer_name":"Pandora","employer_logo":"https:\/\/encrypted-tbn0.gstatic.com\/images?q=tbn:ANd9GcTapKnQylhyiCKTDvOz22flZ9Fb84BWGI5q-l5g&s=0","employer_website":"https:\/\/us.pandora.net","job_publisher":"LinkedIn","job_employment_type":"Full-time","job_employment_types":["FULLTIME"],"job_apply_link":"https:\/\/www.linkedin.com\/jobs\/view\/senior-financial-analyst-fp-a-%E2%80%93-content-licensing-at-pandora-4312297486?utm_campaign=google_jobs_apply&utm_source=google_jobs_apply&utm_medium=organic","job_apply_is_direct":false,"apply_options":[{"publisher":"LinkedIn","apply_link":"https:\/\/www.linkedin.com\/jobs\/view\/senior-financial-analyst-fp-a-%E2%80%93-content-licensing-at-pandora-4312297486?utm_campaign=google_jobs_apply&utm_source=google_jobs_apply&utm_medium=organic","is_direct":false},{"publisher":"WhatJobs","apply_link":"https:\/\/www.whatjobs.com\/jobs\/financial-reporting?id=2222242973&utm_campaign=google_jobs_apply&utm_source=google_jobs_apply&utm_medium=organic","is_direct":false},{"publisher":"BeBee","apply_link":"https:\/\/us.bebee.com\/job\/198916a5839f00be12f1881b4f1d0974?utm_campaign=google_jobs_apply&utm_source=google_jobs_apply&utm_medium=organic","is_direct":false},{"publisher":"Learn4Good","apply_link":"https:\/\/www.learn4good.com\/jobs\/washington\/district-of-columbia\/entertainment\/4528778411\/e\/?utm_campaign=google_jobs_apply&utm_source=google_jobs_apply&utm_medium=organic","is_direct":false}],"job_description":"Who We Are\n\nSiriusXM and its brands (Pandora, SiriusXM Media, AdsWizz, Simplecast, and SiriusXM Connect) are leading a new era of audio entertainment and services by delivering the most compelling subscription and ad-supported audio entertainment experience for listeners -- in the car, at home, and anywhere on the go with connected devices. Our vision is to shape the future of audio, where everyone can be effortlessly connected to the voices, stories and music they love wherever they are.\n\nThis is the place where a diverse group of emerging talent and legends alike come to share authentic and purposeful songs, stories, sounds and insights through some of the best programming and technology in the world. Our critically-acclaimed, industry-leading audio entertainment encompasses music, sports, comedy, news, talk, live events, and podcasting. No matter their individual role, each of our employees plays a vital part in bringing SiriusXM\u2019s vision to life every day.\n\nSiriusXM\n\nSiriusXM is the leading audio entertainment company in North America, and the premier programmer and platform for subscription and digital advertising-supported audio products. SiriusXM\u2019s platforms collectively reach approximately 150 million listeners, the largest digital audio audience across paid and free tiers in North America, and deliver music, sports, talk, news, comedy, entertainment and podcasts. Pandora, a subsidiary of SiriusXM, is the largest ad-supported audio entertainment streaming service in\n\nthe U.S. SiriusXM's subsidiaries Simplecast and AdsWizz make it a leader in podcast hosting, production, distribution, analytics and monetization. The Company\u2019s advertising sales organization, which operates as SiriusXM Media, leverages its scale, cross-platform sales organization and ad tech capabilities to deliver results for audio creators and advertisers. SiriusXM, through SiriusXM Canada Holdings, Inc., also offers satellite radio and audio entertainment in Canada. In addition to its audio entertainment\n\nbusinesses, SiriusXM offers connected vehicle services to automakers.\n\nPandora\n\nPandora, a subsidiary of SiriusXM, is the largest ad-supported audio entertainment streaming service in the U.S. Pandora provides consumers with a uniquely-personalized music and podcast listening experience with its proprietary Music Genome Project\u00ae and Podcast Genome Project\u00ae technology. Pandora is available through its mobile app, the web, and integrations with more than 2,000 connected products.\n\nHow You\u2019ll Make An Impact\n\nSiriusXM is looking for a Senior Financial Analyst, FP&A \u2013 Content Licensing to support our music licensing efforts. The right individual will be a key contributor to the FP&A team and aid in developing accurate forecasts, reporting on business metrics, and driving strategic decisions through modeling and analysis. The Senior Financial Analyst, FP&A \u2013 Content Licensing will work cross-functionally and interact with leaders across the company in a fast-paced, high-growth environment.\n\nWhat You\u2019ll Do\n\u2022 Develop and maintain SiriusXM & Pandora's content licensing models to ensure they are both accurate and reflective of changing business needs and deal structures. This includes managing a rolling forecast of music royalties for the SiriusXM and Pandora businesses.\n\u2022 Support deal negotiations for music licenses by analyzing performance of existing deals, evaluating structures of new deals, and providing key metrics and insights to internal stakeholders.\n\u2022 Support annual budgeting, long-term planning, and monthly\/quarterly outlook processes in order to ensure we are executing toward financial targets.\n\u2022 Investigate variances between actuals and forecasts to understand trends and potential risks and opportunities. Identify and concisely explain variances to internal stakeholders and senior leadership.\n\u2022 Perform ad hoc analyses that drive strategic business decisions and advise on key licensing implications. These could include evaluations of strategic opportunities brought forth by the Business Development, Marketing, Product, and Corporate Development teams.\n\u2022 Support monthly close processes, working closely with Accounting to ensure accurate booking and reporting of royalty accounts.\n\u2022 Coordinate and work cross-functionally with the content licensing, legal, and accounting teams to ensure all are aligned and informed on key financial and licensing matters.\n\u2022 Assist in the design and implementation of new financial processes and systems.\n\nWhat You\u2019ll Need\n\u2022 3+ years of experience in corporate finance, investment banking, or consulting, including excellent analytical skills and a strong proficiency in financial modeling; experience at a top-tier investment bank or consulting firm a plus.\n\u2022 Expert level of proficiency in Excel and PowerPoint required. Experience in Anaplan, Essbase, VBA, or SQL a plus.\n\u2022 Solid understanding of corporate finance and basic accounting required.\n\u2022 Ability to work in fast-paced environment with minimal supervision. Proactive self-starter with the ability to multitask and prioritize appropriately to meet tight deadlines.\n\u2022 High attention to detail is a must.\n\u2022 Excellent oral and written communication skills. Comfortable working with and articulating financial concepts in a simple and concise manner.\n\u2022 High standard for integrity required for exposure to confidential company performance, legal contracts and employee information.\n\u2022 Bachelor's Degree (or equivalent) in Finance, Accounting or Economics related field required.\n\u2022 Must have legal right to work in the U.S.\n\nAt SiriusXM, we carefully consider a wide range of factors when determining compensation, including your background and experience. These considerations can cause your compensation to vary. We expect the base salary for this position to be in the range of $83,000 to $95,000 and will depend on your skills, qualifications, and experience. Additionally, this role might be eligible for discretionary short-term and long-term incentives. We encourage all interested candidates to apply.\n\nOur goal at SiriusXM is to provide and maintain a work environment that fosters mutual respect, professionalism and cooperation. SiriusXM is an equal opportunity employer that does not discriminate on the basis of actual or perceived race, creed, color, religion, national origin, ancestry, alienage or citizenship status, age, disability or handicap, sex, gender identity, marital status, familial status, veteran status, sexual orientation or any other characteristic protected by applicable federal, state or local laws.\n\nThe requirements and duties described above may be modified or waived by the Company in its sole discretion without notice.\n\nR-2025-09-20","job_is_remote":false,"job_posted_at":"6 days ago","job_posted_at_timestamp":1762300800,"job_posted_at_datetime_utc":"2025-11-05T00:00:00.000Z","job_location":"Washington, DC","job_city":"Washington","job_state":"District of Columbia","job_country":"US","job_latitude":38.9071923,"job_longitude":-77.0368707,"job_benefits":null,"job_google_link":"https:\/\/www.google.com\/search?q=jobs&gl=us&hl=en&udm=8#vhid=vt%3D20\/docid%3D0N14vlkrbxhDrVN7AAAAAA%3D%3D&vssid=jobs-detail-viewer","job_min_salary":83000,"job_max_salary":95000,"job_salary_period":"YEAR","job_highlights":{"Qualifications":["Expert level of proficiency in Excel and PowerPoint required","Solid understanding of corporate finance and basic accounting required","Ability to work in fast-paced environment with minimal supervision","Proactive self-starter with the ability to multitask and prioritize appropriately to meet tight deadlines","High attention to detail is a must","Excellent oral and written communication skills","Comfortable working with and articulating financial concepts in a simple and concise manner","High standard for integrity required for exposure to confidential company performance, legal contracts and employee information","Bachelor's Degree (or equivalent) in Finance, Accounting or Economics related field required","Must have legal right to work in the U.S"],"Benefits":["At SiriusXM, we carefully consider a wide range of factors when determining compensation, including your background and experience","These considerations can cause your compensation to vary","We expect the base salary for this position to be in the range of $83,000 to $95,000 and will depend on your skills, qualifications, and experience","Additionally, this role might be eligible for discretionary short-term and long-term incentives"],"Responsibilities":["The right individual will be a key contributor to the FP&A team and aid in developing accurate forecasts, reporting on business metrics, and driving strategic decisions through modeling and analysis","The Senior Financial Analyst, FP&A \u2013 Content Licensing will work cross-functionally and interact with leaders across the company in a fast-paced, high-growth environment","Develop and maintain SiriusXM & Pandora's content licensing models to ensure they are both accurate and reflective of changing business needs and deal structures","This includes managing a rolling forecast of music royalties for the SiriusXM and Pandora businesses","Support deal negotiations for music licenses by analyzing performance of existing deals, evaluating structures of new deals, and providing key metrics and insights to internal stakeholders","Support annual budgeting, long-term planning, and monthly\/quarterly outlook processes in order to ensure we are executing toward financial targets","Investigate variances between actuals and forecasts to understand trends and potential risks and opportunities","Identify and concisely explain variances to internal stakeholders and senior leadership","Perform ad hoc analyses that drive strategic business decisions and advise on key licensing implications","These could include evaluations of strategic opportunities brought forth by the Business Development, Marketing, Product, and Corporate Development teams","Support monthly close processes, working closely with Accounting to ensure accurate booking and reporting of royalty accounts","Coordinate and work cross-functionally with the content licensing, legal, and accounting teams to ensure all are aligned and informed on key financial and licensing matters","Assist in the design and implementation of new financial processes and systems"]},"job_onet_soc":"13205100","job_onet_job_zone":"4"},{"job_id":"DQrPc-BA5WnWeNceAAAAAA==","job_title":"Business Financial Analyst Jobs","employer_name":"Booz Allen Hamilton","employer_logo":null,"employer_website":"https:\/\/www.boozallen.com","job_publisher":"Clearance Jobs","job_employment_type":"Full-time","job_employment_types":["FULLTIME"],"job_apply_link":"https:\/\/www.clearancejobs.com\/jobs\/8616422\/business-financial-analyst?utm_campaign=google_jobs_apply&utm_source=google_jobs_apply&utm_medium=organic","job_apply_is_direct":false,"apply_options":[{"publisher":"Clearance Jobs","apply_link":"https:\/\/www.clearancejobs.com\/jobs\/8616422\/business-financial-analyst?utm_campaign=google_jobs_apply&utm_source=google_jobs_apply&utm_medium=organic","is_direct":false}],"job_description":"Job Number: R0227399\n\nBusiness Financial Analyst\n\nThe Opportunity:\n\nWe are seeking a highly motivated and detail-oriented professional to support Department of Defense (DoD) and Department of the Navy (DoN) budget and programmatic efforts. You will play a critical role in evaluating, coordinating, and preparing budget documentation throughout the DoD Planning, Programming, Budgeting, and Execution (PPBE) process.\n\nThis role combines business financial management expertise with advanced data analytics skills. You will support Navy financials and program oversight while also leveraging tools such as Power BI, Power Platform, and Office 365 to develop dashboards, transform data, and deliver actionable insights to stakeholders. You will need strong communication, analytical, and collaboration skills and the ability to work independently in a fast-paced, team-oriented environment.\n\nJoin us. The world can't wait.\n\nYou Have:\n\u2022 10+ years of experience in program or project management\n\u2022 5+ years of experience in MS Excel data analytics, including pivot tables, complex formulas, and large data sets\n\u2022 Experience with Navy financials, PPBE, budget formulation, POM, exhibits, and business financial management program oversight\n\u2022 Experience developing with the Microsoft Power Platform suite and providing technical support across Office 365, including in Teams, SharePoint, custom workflows, and automated processes\n\u2022 Knowledge of DoD financial management policies and regulations, such as FMR, FAR, or DoD Acquisition System directive\n\u2022 Secret clearance\n\u2022 Bachelor's degree in Business Administration, Operations Research, Engineering, Computer Science or Information Systems\n\nNice If You Have:\n\u2022 Experience with data visualization, including Power BI, including Power Query, DAX and semantic data modeling\n\u2022 Knowledge of Navy financial and data management systems, including Navy ERP, PBIS, Advana, and Qlik\n\u2022 Knowledge of data science methods and best practices, such as data cleaning, structured and unstructured data analysis and aggregating multiple sources\n\u2022 Knowledge of UI\/UX methodologies and front-end design for dashboards and reports\n\u2022 Ability to collaborate with analysts and business groups to translate requirements into reporting and dashboard solutions\n\u2022 Possession of excellent communication skills for working across various business and technical teams\n\nClearance:\n\nApplicants selected will be subject to a security investigation and may need to meet eligibility requirements for access to classified information; Secret clearance is required.\n\nCompensation\n\nAt Booz Allen, we celebrate your contributions, provide you with opportunities and choices, and support your total well-being. Our offerings include health, life, disability, financial, and retirement benefits, as well as paid leave, professional development, tuition assistance, work-life programs, and dependent care. Our recognition awards program acknowledges employees for exceptional performance and superior demonstration of our values. Full-time and part-time employees working at least 20 hours a week on a regular basis are eligible to participate in Booz Allen's benefit programs. Individuals that do not meet the threshold are only eligible for select offerings, not inclusive of health benefits. We encourage you to learn more about our total benefits by visiting the Resource page on our Careers site and reviewing Our Employee Benefits page.\n\nSalary at Booz Allen is determined by various factors, including but not limited to location, the individual's particular combination of education, knowledge, skills, competencies, and experience, as well as contract-specific affordability and organizational requirements. The projected compensation range for this position is $77,600.00 to $176,000.00 (annualized USD). The estimate displayed represents the typical salary range for this position and is just one component of Booz Allen's total compensation package for employees. This posting will close within 90 days from the Posting Date.\n\nIdentity Statement\n\nAs part of the application process, you are expected to be on camera during interviews and assessments. We reserve the right to take your picture to verify your identity and prevent fraud.\n\nWork Model\n\nOur people-first culture prioritizes the benefits of flexibility and collaboration, whether that happens in person or remotely.\n\u2022 If this position is listed as remote or hybrid, you'll periodically work from a Booz Allen or client site facility.\n\u2022 If this position is listed as onsite, you'll work with colleagues and clients in person, as needed for the specific role.\n\nCommitment to Non-Discrimination\n\nAll qualified applicants will receive consideration for employment without regard to disability, status as a protected veteran or any other status protected by applicable federal, state, local, or international law.","job_is_remote":false,"job_posted_at":"12 days ago","job_posted_at_timestamp":1761782400,"job_posted_at_datetime_utc":"2025-10-30T00:00:00.000Z","job_location":"Arlington, VA","job_city":"Arlington","job_state":"Virginia","job_country":"US","job_latitude":38.8816208,"job_longitude":-77.09098089999999,"job_benefits":["health_insurance"],"job_google_link":"https:\/\/www.google.com\/search?q=jobs&gl=us&hl=en&udm=8#vhid=vt%3D20\/docid%3DDQrPc-BA5WnWeNceAAAAAA%3D%3D&vssid=jobs-detail-viewer","job_salary":null,"job_min_salary":null,"job_max_salary":null,"job_salary_period":null,"job_highlights":{"Qualifications":["You will need strong communication, analytical, and collaboration skills and the ability to work independently in a fast-paced, team-oriented environment","10+ years of experience in program or project management","5+ years of experience in MS Excel data analytics, including pivot tables, complex formulas, and large data sets","Experience with Navy financials, PPBE, budget formulation, POM, exhibits, and business financial management program oversight","Experience developing with the Microsoft Power Platform suite and providing technical support across Office 365, including in Teams, SharePoint, custom workflows, and automated processes","Knowledge of DoD financial management policies and regulations, such as FMR, FAR, or DoD Acquisition System directive","Secret clearance","Bachelor's degree in Business Administration, Operations Research, Engineering, Computer Science or Information Systems","Experience with data visualization, including Power BI, including Power Query, DAX and semantic data modeling","Knowledge of Navy financial and data management systems, including Navy ERP, PBIS, Advana, and Qlik","Knowledge of data science methods and best practices, such as data cleaning, structured and unstructured data analysis and aggregating multiple sources","Knowledge of UI\/UX methodologies and front-end design for dashboards and reports","Ability to collaborate with analysts and business groups to translate requirements into reporting and dashboard solutions","Possession of excellent communication skills for working across various business and technical teams","Applicants selected will be subject to a security investigation and may need to meet eligibility requirements for access to classified information; Secret clearance is required"],"Benefits":["At Booz Allen, we celebrate your contributions, provide you with opportunities and choices, and support your total well-being","Our offerings include health, life, disability, financial, and retirement benefits, as well as paid leave, professional development, tuition assistance, work-life programs, and dependent care","Full-time and part-time employees working at least 20 hours a week on a regular basis are eligible to participate in Booz Allen's benefit programs","Individuals that do not meet the threshold are only eligible for select offerings, not inclusive of health benefits","We encourage you to learn more about our total benefits by visiting the Resource page on our Careers site and reviewing Our Employee Benefits page","Salary at Booz Allen is determined by various factors, including but not limited to location, the individual's particular combination of education, knowledge, skills, competencies, and experience, as well as contract-specific affordability and organizational requirements","The projected compensation range for this position is $77,600.00 to $176,000.00 (annualized USD)"],"Responsibilities":["We are seeking a highly motivated and detail-oriented professional to support Department of Defense (DoD) and Department of the Navy (DoN) budget and programmatic efforts","You will play a critical role in evaluating, coordinating, and preparing budget documentation throughout the DoD Planning, Programming, Budgeting, and Execution (PPBE) process","This role combines business financial management expertise with advanced data analytics skills","You will support Navy financials and program oversight while also leveraging tools such as Power BI, Power Platform, and Office 365 to develop dashboards, transform data, and deliver actionable insights to stakeholders","If this position is listed as remote or hybrid, you'll periodically work from a Booz Allen or client site facility","If this position is listed as onsite, you'll work with colleagues and clients in person, as needed for the specific role"]},"job_onet_soc":"13205100","job_onet_job_zone":"4"},{"job_id":"ITdonVxJDbGF2NH-AAAAAA==","job_title":"Financial Analyst","employer_name":"Center for Vein Restoration","employer_logo":"https:\/\/encrypted-tbn0.gstatic.com\/images?q=tbn:ANd9GcS70KBOjnxfPX3GomsYg6wvDBSnURTjRp-NkPCn&s=0","employer_website":"https:\/\/www.centerforvein.com","job_publisher":"Indeed","job_employment_type":"Full-time","job_employment_types":["FULLTIME"],"job_apply_link":"https:\/\/www.indeed.com\/viewjob?jk=528d1ab4bc0b0ed1&utm_campaign=google_jobs_apply&utm_source=google_jobs_apply&utm_medium=organic","job_apply_is_direct":true,"apply_options":[{"publisher":"Indeed","apply_link":"https:\/\/www.indeed.com\/viewjob?jk=528d1ab4bc0b0ed1&utm_campaign=google_jobs_apply&utm_source=google_jobs_apply&utm_medium=organic","is_direct":true},{"publisher":"ZipRecruiter","apply_link":"https:\/\/www.ziprecruiter.com\/c\/Center-for-Vein-Restoration\/Job\/Financial-Analyst\/-in-Greenbelt,MD?jid=287f26c148eba2fa&utm_campaign=google_jobs_apply&utm_source=google_jobs_apply&utm_medium=organic","is_direct":false},{"publisher":"Glassdoor","apply_link":"https:\/\/www.glassdoor.com\/job-listing\/financial-analyst-center-for-vein-restoration-JV_IC1153857_KO0,17_KE18,45.htm?jl=1009930351909&utm_campaign=google_jobs_apply&utm_source=google_jobs_apply&utm_medium=organic","is_direct":true},{"publisher":"ACCA Careers - ACCA Global","apply_link":"https:\/\/jobs.accaglobal.com\/job\/13561416\/financial-analyst\/?utm_campaign=google_jobs_apply&utm_source=google_jobs_apply&utm_medium=organic","is_direct":false},{"publisher":"LinkedIn","apply_link":"https:\/\/www.linkedin.com\/jobs\/view\/financial-analyst-at-center-for-vein-restoration-4334601761?utm_campaign=google_jobs_apply&utm_source=google_jobs_apply&utm_medium=organic","is_direct":false},{"publisher":"Paycomonline.net","apply_link":"https:\/\/www.paycomonline.net\/v4\/ats\/web.php\/jobs\/ViewJobDetails?job=289316&clientkey=EE4F37463F66DE0B3ADE9AACB404227C&utm_campaign=google_jobs_apply&utm_source=google_jobs_apply&utm_medium=organic","is_direct":false},{"publisher":"Ladders","apply_link":"https:\/\/www.theladders.com\/job-listing\/-5685561458019404536\/financial-analyst.htm?utm_campaign=google_jobs_apply&utm_source=google_jobs_apply&utm_medium=organic","is_direct":false},{"publisher":"IHireFinance","apply_link":"https:\/\/www.ihirefinance.com\/jobs\/view\/499218311?utm_campaign=google_jobs_apply&utm_source=google_jobs_apply&utm_medium=organic","is_direct":false}],"job_description":"Build a Healthcare Career That Fits Your Life\nAt Center for Vein Restoration (CVR), we know people thrive in an environment where they feel supported, valued, and empowered. That belief drives everything we do.\n\nWe\u2019re proud to be the nation\u2019s leader in vein care, combining advanced outpatient vein treatment with compassion, trust, and a commitment to improving lives. And we know it's our people who make it possible.\n\nHere, you\u2019ll find more than just a healthcare job near you; you\u2019ll find a career with meaning and balance. CVR offers a structure that supports both professional growth and personal well-being. With over 110 locations and a values-driven culture, CVR is a place to grow, feel included, and make a lasting positive impact.\n\nFinancial Analyst Role:\n\nThis role will be a key asset in the future growth of the company. This individual will support the FP&A function and will participate in the Company\u2019s financial forecasting, annual budgeting process, operating plan variance analysis, acquisition analysis and special projects. S\/he will provide financial support including preparing board presentations, financial presentations, capital expenditure analysis, industry\/peer group comparisons, new business opportunities, acquisition analysis and other projects requested by senior management. The FP&A team works collaboratively across various functions of the business to understand strategic challenges, dissect operational activities and link business drivers with financial results. This function acts as the analytical engine of the company to provide insights and support \u2018optimal\u2019 business decision making.\n\nSchedule:\n\u2022 Monday, Tuesday, Thursday - Working onsite at the Greenbelt Corporate office\n\u2022 Wednesday and Friday - Remote work\n\nPosition Responsibilities:\n\u2022 Financial modeling; develop new or enhance\/maintain existing company financial models used to support growth, strategic and operational initiatives, and decision making\n\u2022 Analyze current and past trends in key performance indicators including all areas of revenue, cost of sales, expenses and capital expenditures\n\u2022 Monitor performance indicators, highlighting trends and analyzing causes of unexpected variance\n\u2022 Maintain rolling forecast model based on assumptions provided by senior management\n\u2022 Support and continue development of annual budgeting process, operating plan and modeling tools\n\u2022 Ad-hoc reporting and analysis\n\u2022 Implement and work with dashboard reports\n\u2022 Improve performance by evaluating processes to drive efficiencies and understand ROI in various product lines, new location rollouts, marketing, and other new projects\n\u2022 Prepare acquisition models to analyze internal rates of return and other return measurements, as appropriate.\n\u2022 Analyze complex financial information and reports to provide accurate and timely financial recommendations to management for decision making purposes\n\u2022 Supporting Senior Management Team and Departments heads with in-depth analysis\n\u2022 Prepare presentations for Board of Directors and Senior Management Team\n\nQualifications:\n\u2022 Experience in Data Analytics preferred\n\u2022 2-4 years of experience in a financial analytical role\n\u2022 Experience in multi-unit, multi-state concepts preferred\n\u2022 Advanced Microsoft Excel and PowerPoint skills\n\u2022 Experience with business intelligence tools, Power BI is a plus\n\u2022 Strong leadership skills required\n\u2022 Inquisitive and willing to learn\n\u2022 Articulate with excellent verbal and written communication skills\n\u2022 Ability to think creatively, highly driven and self-motivated\n\u2022 Demonstrated ability to roll-up sleeves and work with team members in a hands-on capacity","job_is_remote":false,"job_posted_at":"6 days ago","job_posted_at_timestamp":1762300800,"job_posted_at_datetime_utc":"2025-11-05T00:00:00.000Z","job_location":"Greenbelt, MD","job_city":"Greenbelt","job_state":"Maryland","job_country":"US","job_latitude":39.004554399999996,"job_longitude":-76.87552819999999,"job_benefits":null,"job_google_link":"https:\/\/www.google.com\/search?q=jobs&gl=us&hl=en&udm=8#vhid=vt%3D20\/docid%3DITdonVxJDbGF2NH-AAAAAA%3D%3D&vssid=jobs-detail-viewer","job_min_salary":60000,"job_max_salary":75000,"job_salary_period":"YEAR","job_highlights":{"Qualifications":["2-4 years of experience in a financial analytical role","Advanced Microsoft Excel and PowerPoint skills","Strong leadership skills required","Inquisitive and willing to learn","Articulate with excellent verbal and written communication skills","Ability to think creatively, highly driven and self-motivated","Demonstrated ability to roll-up sleeves and work with team members in a hands-on capacity"],"Benefits":["Monday, Tuesday, Thursday - Working onsite at the Greenbelt Corporate office","Wednesday and Friday - Remote work"],"Responsibilities":["This role will be a key asset in the future growth of the company","This individual will support the FP&A function and will participate in the Company\u2019s financial forecasting, annual budgeting process, operating plan variance analysis, acquisition analysis and special projects","S\/he will provide financial support including preparing board presentations, financial presentations, capital expenditure analysis, industry\/peer group comparisons, new business opportunities, acquisition analysis and other projects requested by senior management","The FP&A team works collaboratively across various functions of the business to understand strategic challenges, dissect operational activities and link business drivers with financial results","This function acts as the analytical engine of the company to provide insights and support \u2018optimal\u2019 business decision making","Financial modeling; develop new or enhance\/maintain existing company financial models used to support growth, strategic and operational initiatives, and decision making","Analyze current and past trends in key performance indicators including all areas of revenue, cost of sales, expenses and capital expenditures","Monitor performance indicators, highlighting trends and analyzing causes of unexpected variance","Maintain rolling forecast model based on assumptions provided by senior management","Support and continue development of annual budgeting process, operating plan and modeling tools","Ad-hoc reporting and analysis","Implement and work with dashboard reports","Improve performance by evaluating processes to drive efficiencies and understand ROI in various product lines, new location rollouts, marketing, and other new projects","Prepare acquisition models to analyze internal rates of return and other return measurements, as appropriate","Analyze complex financial information and reports to provide accurate and timely financial recommendations to management for decision making purposes","Supporting Senior Management Team and Departments heads with in-depth analysis","Prepare presentations for Board of Directors and Senior Management Team"]},"job_onet_soc":"13205100","job_onet_job_zone":"4"}]}