{"count":4441,"mean":58312.4,"results":[{"description":"Are you looking to start a career as a Business Analyst (BA) and need tailored recruitment support and the right qualifications to secure your career? A business analyst is a problem solver who for example investigates an issue or area of weakness within an organisation, analyses solutions and helps facilitate the change that is needed. If you enjoy problem solving and analysing, have good admin skills and communicate well, then a career in this rewarding sector will suit you. Demand for junior\u2026","salary_min":26000,"company":{"__CLASS__":"Adzuna::API::Response::Company","display_name":"ITOL Recruit"},"contract_time":"full_time","adref":"eyJhbGciOiJIUzI1NiJ9.eyJzIjoiMnNodE9VN0E4QkdJS3RDR1NaOGpVQSIsImkiOiI1NDc4MTk2MDc5In0.sxB-CdQiRdbNcsODru4w8SLmgLCikztvJr4wgaWmirQ","created":"2025-11-03T13:14:09Z","__CLASS__":"Adzuna::API::Response::Job","title":"Business Analyst Trainee","category":{"__CLASS__":"Adzuna::API::Response::Category","label":"IT Jobs","tag":"it-jobs"},"id":"5478196079","contract_type":"permanent","redirect_url":"https:\/\/www.adzuna.co.uk\/jobs\/land\/ad\/5478196079?se=2shtOU7A8BGIKtCGSZ8jUA&utm_medium=api&utm_source=a306aa16&v=9F20018BCDC91878896B69DFBB2B57C21BC4CE35","location":{"display_name":"UK","area":["UK"],"__CLASS__":"Adzuna::API::Response::Location"},"salary_is_predicted":"0","salary_max":39000},{"company":{"__CLASS__":"Adzuna::API::Response::Company","display_name":"Ocho"},"title":"Business Analyst","location":{"__CLASS__":"Adzuna::API::Response::Location","display_name":"Antrim, County Antrim","area":["UK","Northern Ireland","County Antrim","Antrim"]},"contract_type":"permanent","redirect_url":"https:\/\/www.adzuna.co.uk\/jobs\/land\/ad\/5467211806?se=2shtOU7A8BGIKtCGSZ8jUA&utm_medium=api&utm_source=a306aa16&v=A942F77427C933372EC8DABDCFCC29BF4525D8ED","latitude":54.713402,"description":"Job description Business Analyst - SaaS Location: Hybrid (Co. Antrim) Contract type: Permanent Eligibility: UK work authorisation required (no sponsorship available) Our client is looking for a proactive SaaS Business Analyst to join the Onboarding team. In this role, you'll be the link between customers and delivery teams, making sure onboarding runs smoothly, processes are efficient, and clients get the best possible start with their new platform. If you enjoy turning complex requirements int\u2026","salary_min":45000,"created":"2025-10-28T04:00:38Z","adref":"eyJhbGciOiJIUzI1NiJ9.eyJpIjoiNTQ2NzIxMTgwNiIsInMiOiIyc2h0T1U3QThCR0lLdENHU1o4alVBIn0.ga-YzKu8GDoZl9ARLy-_r18plPlrId0xNdXWMnAe_Rc","__CLASS__":"Adzuna::API::Response::Job","category":{"__CLASS__":"Adzuna::API::Response::Category","label":"IT Jobs","tag":"it-jobs"},"id":"5467211806","longitude":-6.21676,"salary_is_predicted":"0","salary_max":45000},{"id":"5491452150","category":{"__CLASS__":"Adzuna::API::Response::Category","label":"IT Jobs","tag":"it-jobs"},"title":"Business Analyst","location":{"__CLASS__":"Adzuna::API::Response::Location","area":["UK","Northern Ireland","Belfast"],"display_name":"Belfast, Northern Ireland"},"redirect_url":"https:\/\/www.adzuna.co.uk\/jobs\/land\/ad\/5491452150?se=2shtOU7A8BGIKtCGSZ8jUA&utm_medium=api&utm_source=a306aa16&v=DC4951FD7FE3AC7B8DE3B528273FB047CE98F6FA","contract_type":"permanent","salary_is_predicted":"0","salary_max":40000,"contract_time":"full_time","description":"Business Analyst - Belfast (Hybrid) Are you a skilled Business Analyst with a passion for driving change and improving business processes? Do you thrive in dynamic environments where collaboration, innovation, and delivery excellence are at the heart of every project? My client, a leading organisation within the energy sector, is seeking a talented Business Analyst to join their Projects team. You'll play a pivotal role in shaping and delivering high-impact initiatives across the business, work\u2026","salary_min":40000,"company":{"display_name":"Ocho","__CLASS__":"Adzuna::API::Response::Company"},"created":"2025-11-12T03:48:12Z","adref":"eyJhbGciOiJIUzI1NiJ9.eyJzIjoiMnNodE9VN0E4QkdJS3RDR1NaOGpVQSIsImkiOiI1NDkxNDUyMTUwIn0.LTa4icpg_c2ZftWafs3LuP_AzZrN5hAp8obsuuTn5hE","__CLASS__":"Adzuna::API::Response::Job"},{"category":{"label":"IT Jobs","__CLASS__":"Adzuna::API::Response::Category","tag":"it-jobs"},"id":"5453219559","longitude":-6.04273,"salary_max":45000,"salary_is_predicted":"0","adref":"eyJhbGciOiJIUzI1NiJ9.eyJpIjoiNTQ1MzIxOTU1OSIsInMiOiIyc2h0T1U3QThCR0lLdENHU1o4alVBIn0.ddNjxBrr8XZVfLY31oUWFAGBPTJdeu3ELDnLtqZyMCc","created":"2025-10-18T04:21:40Z","salary_min":45000,"description":"THE ROLE Looking for a Business Analyst to join my clients fast-paced, Agile team. You will be required to work closely with Project Managers, Product Owners, Software Developers and UX\/UIDesigners to ensure the delivery of requirements resulting in high-impact value outcomes for their end users. THE RESPONSIBILITIES Gather, analyse and translate business requirements into user stories Ensure requirements translate effectively into intuitive user experiences Translate complex requirements into \u2026","__CLASS__":"Adzuna::API::Response::Job","contract_type":"permanent","redirect_url":"https:\/\/www.adzuna.co.uk\/jobs\/land\/ad\/5453219559?se=2shtOU7A8BGIKtCGSZ8jUA&utm_medium=api&utm_source=a306aa16&v=278AE675D6CCF4D325C864E9DE46D8B611A84E31","location":{"area":["UK","Northern Ireland","Lisburn"],"display_name":"Lisburn, Northern Ireland","__CLASS__":"Adzuna::API::Response::Location"},"title":"Business Analyst","latitude":54.510899,"company":{"display_name":"HAYS Specialist Recruitment","__CLASS__":"Adzuna::API::Response::Company"}},{"title":"Business Analyst","redirect_url":"https:\/\/www.adzuna.co.uk\/jobs\/land\/ad\/5471951159?se=2shtOU7A8BGIKtCGSZ8jUA&utm_medium=api&utm_source=a306aa16&v=01D21FA731C67E0E19B42E24CF5AEA2F8FBF5410","contract_type":"contract","location":{"display_name":"Ballymena, Northern Ireland","area":["UK","Northern Ireland","Ballymena"],"__CLASS__":"Adzuna::API::Response::Location"},"latitude":54.863098,"company":{"display_name":"MCS Group","__CLASS__":"Adzuna::API::Response::Company"},"id":"5471951159","category":{"label":"IT Jobs","__CLASS__":"Adzuna::API::Response::Category","tag":"it-jobs"},"longitude":-6.27834,"salary_is_predicted":"0","salary_max":39133,"description":"MCS Group are supporting a large public sector organisation in Ballymena to recruit Business Analysts to support the design, configuration and implementation of HR and Payroll modules within their new ERP system. This is an excellent opportunity to build on your experience within the public sector, in an organisation with a good culture and hybrid working arrangements. As a Business Analyst, you will work within the Business Systems Team, working directly with Service Leads, End-users, IT colle\u2026","salary_min":39133,"adref":"eyJhbGciOiJIUzI1NiJ9.eyJzIjoiMnNodE9VN0E4QkdJS3RDR1NaOGpVQSIsImkiOiI1NDcxOTUxMTU5In0.qGgVVxmfjIqWwsZeuhGhFexOCecTVIif6ZBl0uIv4BE","created":"2025-10-31T03:48:52Z","__CLASS__":"Adzuna::API::Response::Job"},{"salary_min":47176.45,"description":"Business Analyst - Cheadle - \u00a350k- Hybrid Our Growing Client based in South Manchester are looking to recruit a Business Analyst The roles purpose is to: Ensure all key business users have the information they need to make decisions. The reports are produced in a timely manner and are clear and concise. Leading strategic, cross departmental requirements , driving alignment and consensus among senior stakeholders, product owners, and technical teams. Manage the full requirements lifecycle end to\u2026","company":{"__CLASS__":"Adzuna::API::Response::Company","display_name":"Dickson O'Brien Associates Limited"},"created":"2025-11-12T06:48:09Z","adref":"eyJhbGciOiJIUzI1NiJ9.eyJpIjoiNTQ5MTU2MTQxNCIsInMiOiIyc2h0T1U3QThCR0lLdENHU1o4alVBIn0.Gs0o4chlfB2dCFKWAwTuCLiJerLHdaUNhPgRqZhqjhA","__CLASS__":"Adzuna::API::Response::Job","longitude":-2.2039,"category":{"tag":"it-jobs","label":"IT Jobs","__CLASS__":"Adzuna::API::Response::Category"},"id":"5491561414","title":"Business Analyst","location":{"__CLASS__":"Adzuna::API::Response::Location","area":["UK","North West England","Greater Manchester","Cheadle"],"display_name":"Cheadle, Greater Manchester"},"redirect_url":"https:\/\/www.adzuna.co.uk\/jobs\/land\/ad\/5491561414?se=2shtOU7A8BGIKtCGSZ8jUA&utm_medium=api&utm_source=a306aa16&v=ABA9DE8D4B8E5996CCE7D4989CC27F186AC95549","salary_is_predicted":"1","salary_max":47176.45,"latitude":53.395699},{"category":{"label":"IT Jobs","__CLASS__":"Adzuna::API::Response::Category","tag":"it-jobs"},"longitude":-2.077349,"id":"5446811262","salary_max":193440,"salary_is_predicted":"0","created":"2025-10-14T11:15:44Z","adref":"eyJhbGciOiJIUzI1NiJ9.eyJzIjoiMnNodE9VN0E4QkdJS3RDR1NaOGpVQSIsImkiOiI1NDQ2ODExMjYyIn0.1E2KzFzkjL8T7TyzyN1qNnNoreeymaQIKEn-LYBArcs","description":"Job Title: eDV Business Analyst Engagement Type: Inside IR35, as a PAYE on-Payroll Location: Cheltenham (3\u20134 days per week on site) Start Date: ASAP Duration: 12 months Hours: 30\u201337.5 per week Rate: \u00a385\u2013\u00a392 per hour Qualification: SFIA Level 4\/5 Expenses: No Notice Period (Contractor): 3 months Notice Period (My Client): 1 month Vetting Level: MUST be eligible for eDV Clearance Please do not apply otherwise, as your appilication will not be considered. Overview My Client is seeking an experienc\u2026","salary_min":176800,"__CLASS__":"Adzuna::API::Response::Job","location":{"area":["UK","South West England","Gloucestershire","Cheltenham","Leckhampton"],"display_name":"Leckhampton, Cheltenham","__CLASS__":"Adzuna::API::Response::Location"},"redirect_url":"https:\/\/www.adzuna.co.uk\/jobs\/land\/ad\/5446811262?se=2shtOU7A8BGIKtCGSZ8jUA&utm_medium=api&utm_source=a306aa16&v=9994787A6CB529A24CE7BB27CADDEC77644CBB7E","contract_type":"contract","title":"eDV Business Analyst","latitude":51.89364,"company":{"__CLASS__":"Adzuna::API::Response::Company","display_name":"Morson Edge"}},{"location":{"__CLASS__":"Adzuna::API::Response::Location","area":["UK","South West England","Bristol"],"display_name":"Bristol, South West England"},"redirect_url":"https:\/\/www.adzuna.co.uk\/jobs\/land\/ad\/5492923006?se=2shtOU7A8BGIKtCGSZ8jUA&utm_medium=api&utm_source=a306aa16&v=07271ED2C9F0C9E165FFCDD50347B60AB33D619F","contract_type":"permanent","id":"5492923006","category":{"tag":"it-jobs","label":"IT Jobs","__CLASS__":"Adzuna::API::Response::Category"},"title":"Business Analyst","salary_max":45000,"salary_is_predicted":"0","created":"2025-11-13T00:25:25Z","adref":"eyJhbGciOiJIUzI1NiJ9.eyJpIjoiNTQ5MjkyMzAwNiIsInMiOiIyc2h0T1U3QThCR0lLdENHU1o4alVBIn0._Js_J6kUTuQtq5S2yoOpcnGY3LX0IfDnkLlCYza8Ozs","company":{"display_name":"Sanderson Recruitment","__CLASS__":"Adzuna::API::Response::Company"},"description":"Junior Business Analyst, Associate BA I am currently on the hunt for an excellent Junior Business Analyst to join a leading organisation based in Bristol.This would be the ideal opportunity for someone who has experiences of working within financial services organisations and have excellent experiences of research, design, documenting and implementing solutions. Salary - \u00a340,000 per annum Location - Bristol - 3 Days a Week Onsite Role Responsibilities Requirements gathering using appropriate me\u2026","salary_min":45000,"__CLASS__":"Adzuna::API::Response::Job"},{"category":{"__CLASS__":"Adzuna::API::Response::Category","label":"IT Jobs","tag":"it-jobs"},"id":"5490358292","longitude":-3.20232,"salary_max":35000,"salary_is_predicted":"0","created":"2025-11-11T11:38:36Z","adref":"eyJhbGciOiJIUzI1NiJ9.eyJpIjoiNTQ5MDM1ODI5MiIsInMiOiIyc2h0T1U3QThCR0lLdENHU1o4alVBIn0.5todENueGGSvgCiDMxNaucoGV0DCfaPs3sR2TJwOzbE","contract_time":"full_time","description":"Are you looking to start a career as a Business Analyst (BA) and need tailored recruitment support and the right qualifications to secure your career? A business analyst is a problem solver who for example investigates an issue or area of weakness within an organisation, analyses solutions and helps facilitate the change that is needed. If you enjoy problem solving and analysing, have good admin skills and communicate well, then a career in this rewarding sector will suit you. Demand for junior\u2026","salary_min":26000,"__CLASS__":"Adzuna::API::Response::Job","location":{"display_name":"Edinburgh Technopole, Milton Bridge","area":["UK","Scotland","Midlothian","Penicuik","Milton Bridge","Edinburgh Technopole"],"__CLASS__":"Adzuna::API::Response::Location"},"contract_type":"permanent","redirect_url":"https:\/\/www.adzuna.co.uk\/jobs\/land\/ad\/5490358292?se=2shtOU7A8BGIKtCGSZ8jUA&utm_medium=api&utm_source=a306aa16&v=9E624B7F9A43C30160AC7917953E1F9878A932F0","title":"Business Analyst Trainee","latitude":55.858501,"company":{"display_name":"ITOL Recruit","__CLASS__":"Adzuna::API::Response::Company"}},{"salary_is_predicted":"0","salary_max":35000,"title":"Business Analyst Trainee","id":"5490358295","category":{"tag":"it-jobs","label":"IT Jobs","__CLASS__":"Adzuna::API::Response::Category"},"contract_type":"permanent","redirect_url":"https:\/\/www.adzuna.co.uk\/jobs\/land\/ad\/5490358295?se=2shtOU7A8BGIKtCGSZ8jUA&utm_medium=api&utm_source=a306aa16&v=78B38FAAFEC05167CBBEF79EA9D95AF4770D3F15","location":{"__CLASS__":"Adzuna::API::Response::Location","display_name":"Manchester, Greater Manchester","area":["UK","North West England","Greater Manchester","Manchester"]},"__CLASS__":"Adzuna::API::Response::Job","company":{"__CLASS__":"Adzuna::API::Response::Company","display_name":"ITOL Recruit"},"salary_min":26000,"description":"Are you looking to start a career as a Business Analyst (BA) and need tailored recruitment support and the right qualifications to secure your career? A business analyst is a problem solver who for example investigates an issue or area of weakness within an organisation, analyses solutions and helps facilitate the change that is needed. If you enjoy problem solving and analysing, have good admin skills and communicate well, then a career in this rewarding sector will suit you. Demand for junior\u2026","contract_time":"full_time","adref":"eyJhbGciOiJIUzI1NiJ9.eyJpIjoiNTQ5MDM1ODI5NSIsInMiOiIyc2h0T1U3QThCR0lLdENHU1o4alVBIn0.3UMNoSLvuZPOObN63zIMauN8bPhmPf3XF-g5ufroYCQ","created":"2025-11-11T11:38:36Z"},{"contract_time":"full_time","description":"Are you looking to start a career as a Business Analyst (BA) and need tailored recruitment support and the right qualifications to secure your career? A business analyst is a problem solver who for example investigates an issue or area of weakness within an organisation, analyses solutions and helps facilitate the change that is needed. If you enjoy problem solving and analysing, have good admin skills and communicate well, then a career in this rewarding sector will suit you. Demand for junior\u2026","company":{"display_name":"ITOL Recruit","__CLASS__":"Adzuna::API::Response::Company"},"salary_min":26000,"created":"2025-11-11T11:38:36Z","adref":"eyJhbGciOiJIUzI1NiJ9.eyJzIjoiMnNodE9VN0E4QkdJS3RDR1NaOGpVQSIsImkiOiI1NDkwMzU4MjkwIn0.jlU5D-bNI3jnlh3KJe86-ncvLD84N81bvT1acutRjDU","__CLASS__":"Adzuna::API::Response::Job","category":{"__CLASS__":"Adzuna::API::Response::Category","label":"IT Jobs","tag":"it-jobs"},"id":"5490358290","title":"Business Analyst Trainee","location":{"__CLASS__":"Adzuna::API::Response::Location","area":["UK","North East England","Tyne & Wear","Newcastle Upon Tyne"],"display_name":"Newcastle Upon Tyne, Tyne & Wear"},"contract_type":"permanent","redirect_url":"https:\/\/www.adzuna.co.uk\/jobs\/land\/ad\/5490358290?se=2shtOU7A8BGIKtCGSZ8jUA&utm_medium=api&utm_source=a306aa16&v=F48C8F9E409D55861FA823F7CBF6C39AE2D8289E","salary_is_predicted":"0","salary_max":35000},{"category":{"label":"IT Jobs","__CLASS__":"Adzuna::API::Response::Category","tag":"it-jobs"},"longitude":-1.54912,"id":"5490358294","salary_max":35000,"salary_is_predicted":"0","created":"2025-11-11T11:38:36Z","adref":"eyJhbGciOiJIUzI1NiJ9.eyJzIjoiMnNodE9VN0E4QkdJS3RDR1NaOGpVQSIsImkiOiI1NDkwMzU4Mjk0In0.dGcHOQR5_OsBGQwC_n0WwpSTEKcl4xp7sVVCwILMkOw","contract_time":"full_time","salary_min":26000,"description":"Are you looking to start a career as a Business Analyst (BA) and need tailored recruitment support and the right qualifications to secure your career? A business analyst is a problem solver who for example investigates an issue or area of weakness within an organisation, analyses solutions and helps facilitate the change that is needed. If you enjoy problem solving and analysing, have good admin skills and communicate well, then a career in this rewarding sector will suit you. Demand for junior\u2026","__CLASS__":"Adzuna::API::Response::Job","location":{"display_name":"Leeds, West Yorkshire","area":["UK","Yorkshire And The Humber","West Yorkshire","Leeds"],"__CLASS__":"Adzuna::API::Response::Location"},"contract_type":"permanent","redirect_url":"https:\/\/www.adzuna.co.uk\/jobs\/land\/ad\/5490358294?se=2shtOU7A8BGIKtCGSZ8jUA&utm_medium=api&utm_source=a306aa16&v=B29E841AE3A0A1A1AB6DE8BFF867E78F4447BF07","title":"Business Analyst Trainee","latitude":53.799599,"company":{"__CLASS__":"Adzuna::API::Response::Company","display_name":"ITOL Recruit"}},{"company":{"display_name":"ITOL Recruit","__CLASS__":"Adzuna::API::Response::Company"},"latitude":53.410801,"title":"Business Analyst Trainee","redirect_url":"https:\/\/www.adzuna.co.uk\/jobs\/land\/ad\/5490358293?se=2shtOU7A8BGIKtCGSZ8jUA&utm_medium=api&utm_source=a306aa16&v=A3348526577FC011C89795031E889298C0F2127A","contract_type":"permanent","location":{"area":["UK","North West England","Merseyside","Liverpool"],"display_name":"Liverpool, Merseyside","__CLASS__":"Adzuna::API::Response::Location"},"__CLASS__":"Adzuna::API::Response::Job","description":"Are you looking to start a career as a Business Analyst (BA) and need tailored recruitment support and the right qualifications to secure your career? A business analyst is a problem solver who for example investigates an issue or area of weakness within an organisation, analyses solutions and helps facilitate the change that is needed. If you enjoy problem solving and analysing, have good admin skills and communicate well, then a career in this rewarding sector will suit you. Demand for junior\u2026","salary_min":26000,"contract_time":"full_time","adref":"eyJhbGciOiJIUzI1NiJ9.eyJpIjoiNTQ5MDM1ODI5MyIsInMiOiIyc2h0T1U3QThCR0lLdENHU1o4alVBIn0.qW1NfHU_KxW6en6940Ji6YiYXqMB6VEr8NEj_7qWtkw","created":"2025-11-11T11:38:36Z","salary_is_predicted":"0","salary_max":35000,"longitude":-2.97784,"category":{"__CLASS__":"Adzuna::API::Response::Category","label":"IT Jobs","tag":"it-jobs"},"id":"5490358293"},{"__CLASS__":"Adzuna::API::Response::Job","salary_min":26000,"description":"Are you looking to start a career as a Business Analyst (BA) and need tailored recruitment support and the right qualifications to secure your career? A business analyst is a problem solver who for example investigates an issue or area of weakness within an organisation, analyses solutions and helps facilitate the change that is needed. If you enjoy problem solving and analysing, have good admin skills and communicate well, then a career in this rewarding sector will suit you. Demand for junior\u2026","contract_time":"full_time","adref":"eyJhbGciOiJIUzI1NiJ9.eyJzIjoiMnNodE9VN0E4QkdJS3RDR1NaOGpVQSIsImkiOiI1NDkwMzU4MjkxIn0.NAnqSXb8e-G1MOkoUcSPvCjqOFqInhsIlaGyx6G1Pb4","created":"2025-11-11T11:38:36Z","salary_is_predicted":"0","salary_max":35000,"category":{"label":"IT Jobs","__CLASS__":"Adzuna::API::Response::Category","tag":"it-jobs"},"id":"5490358291","longitude":-1.4648,"company":{"display_name":"ITOL Recruit","__CLASS__":"Adzuna::API::Response::Company"},"latitude":53.383099,"title":"Business Analyst Trainee","contract_type":"permanent","redirect_url":"https:\/\/www.adzuna.co.uk\/jobs\/land\/ad\/5490358291?se=2shtOU7A8BGIKtCGSZ8jUA&utm_medium=api&utm_source=a306aa16&v=3E19466E0F1138CF48E756183E32B71E305D3A4A","location":{"display_name":"Sheffield, South Yorkshire","area":["UK","Yorkshire And The Humber","South Yorkshire","Sheffield"],"__CLASS__":"Adzuna::API::Response::Location"}},{"location":{"__CLASS__":"Adzuna::API::Response::Location","area":["UK","South West England","Bristol"],"display_name":"Bristol, South West England"},"contract_type":"permanent","redirect_url":"https:\/\/www.adzuna.co.uk\/jobs\/land\/ad\/5490358289?se=2shtOU7A8BGIKtCGSZ8jUA&utm_medium=api&utm_source=a306aa16&v=5BEA752F904452FBA39BCAD10CE5B02517B1802C","category":{"__CLASS__":"Adzuna::API::Response::Category","label":"IT Jobs","tag":"it-jobs"},"id":"5490358289","title":"Business Analyst Trainee","salary_max":35000,"salary_is_predicted":"0","created":"2025-11-11T11:38:36Z","adref":"eyJhbGciOiJIUzI1NiJ9.eyJzIjoiMnNodE9VN0E4QkdJS3RDR1NaOGpVQSIsImkiOiI1NDkwMzU4Mjg5In0.bEz1VwBWzXBZt68okMc6EkmqTbexjgHba3ZJ3u0YCWs","contract_time":"full_time","description":"Are you looking to start a career as a Business Analyst (BA) and need tailored recruitment support and the right qualifications to secure your career? A business analyst is a problem solver who for example investigates an issue or area of weakness within an organisation, analyses solutions and helps facilitate the change that is needed. If you enjoy problem solving and analysing, have good admin skills and communicate well, then a career in this rewarding sector will suit you. Demand for junior\u2026","salary_min":26000,"company":{"__CLASS__":"Adzuna::API::Response::Company","display_name":"ITOL Recruit"},"__CLASS__":"Adzuna::API::Response::Job"},{"company":{"__CLASS__":"Adzuna::API::Response::Company","display_name":"GUARDIAN NEWS AND MEDIA"},"salary_min":35761.76,"description":"Join our team at the Guardian and be a part of a diverse and inclusive global organisation that delivers fearless, investigative journalism, and holds power to account. Our team of award-winning journalists, cutting-edge commercial professionals, and industry-leading digital experts are committed to making a difference and represent a wide range of backgrounds and perspectives. We offer a challenging and exciting environment for career development, with a focus on training, growth and fostering\u2026","contract_time":"full_time","adref":"eyJhbGciOiJIUzI1NiJ9.eyJpIjoiNTQ4NDg0MDQwNSIsInMiOiIyc2h0T1U3QThCR0lLdENHU1o4alVBIn0.3DQb1tN5Q32j59WqxkCptOXGumlTJvun7G5jDMfMdzs","created":"2025-11-07T06:29:21Z","__CLASS__":"Adzuna::API::Response::Job","title":"Business Analyst","id":"5484840405","category":{"tag":"it-jobs","label":"IT Jobs","__CLASS__":"Adzuna::API::Response::Category"},"redirect_url":"https:\/\/www.adzuna.co.uk\/jobs\/land\/ad\/5484840405?se=2shtOU7A8BGIKtCGSZ8jUA&utm_medium=api&utm_source=a306aa16&v=4B4A0842CEF33B8768AADDF239AC13FE2D531153","contract_type":"permanent","location":{"__CLASS__":"Adzuna::API::Response::Location","area":["UK","London"],"display_name":"London, UK"},"salary_is_predicted":"1","salary_max":35761.76},{"category":{"label":"IT Jobs","__CLASS__":"Adzuna::API::Response::Category","tag":"it-jobs"},"longitude":-1.89359,"id":"5491782592","salary_is_predicted":"1","salary_max":43052.29,"contract_time":"part_time","description":"As a BA working within DWP Digital these are some of the things you will be doing: Working as part of a multidisciplinary team in Platforms and Operations alongside Product, Delivery, Dev Ops and Engineers.You will be expected to know and applyappropriate businessanalysisactivities to support the teamsobjectives,and then translate theminto repeatable, standardised processes or activities with the wider Platforms & OperationsBA community whereappropriate. Workingwithin one of the DWP Analytics t\u2026","salary_min":43052.29,"created":"2025-11-12T11:19:41Z","adref":"eyJhbGciOiJIUzI1NiJ9.eyJpIjoiNTQ5MTc4MjU5MiIsInMiOiIyc2h0T1U3QThCR0lLdENHU1o4alVBIn0.p-KqiiR9SKvxc5OgFdG6BfWt56CSy-TKJm8iM5KXygc","__CLASS__":"Adzuna::API::Response::Job","title":"Business Analyst","location":{"__CLASS__":"Adzuna::API::Response::Location","area":["UK","West Midlands","Birmingham"],"display_name":"Birmingham, West Midlands"},"redirect_url":"https:\/\/www.adzuna.co.uk\/jobs\/land\/ad\/5491782592?se=2shtOU7A8BGIKtCGSZ8jUA&utm_medium=api&utm_source=a306aa16&v=64321056A330CC99C1AEABAB0526C3DD0E2A412D","latitude":52.483002,"company":{"__CLASS__":"Adzuna::API::Response::Company","display_name":"Department for Work and Pensions"}},{"salary_is_predicted":"1","salary_max":40573.27,"category":{"__CLASS__":"Adzuna::API::Response::Category","label":"IT Jobs","tag":"it-jobs"},"longitude":-1.89359,"id":"5472982059","__CLASS__":"Adzuna::API::Response::Job","contract_time":"part_time","salary_min":40573.27,"description":"Development Opportunities The size and scale of DWP means that there are plenty of opportunities to develop, learn and progress throughout your career. We are committed to developing our people now and in the future. Our aim is for our colleagues to be appropriately skilled and qualified from the moment of entry up to becoming an experienced practitioner within their role. To support this aim you may be required to undertake a work-based qualification that relates to your job role, and which wi\u2026","created":"2025-10-31T16:36:51Z","adref":"eyJhbGciOiJIUzI1NiJ9.eyJpIjoiNTQ3Mjk4MjA1OSIsInMiOiIyc2h0T1U3QThCR0lLdENHU1o4alVBIn0.ndj0t8u6G5yvFPJeRKqX9yb3fg9dZodplfapaijWIRU","latitude":52.483002,"title":"Business Analyst","location":{"area":["UK","West Midlands","Birmingham"],"display_name":"Birmingham, West Midlands","__CLASS__":"Adzuna::API::Response::Location"},"contract_type":"permanent","redirect_url":"https:\/\/www.adzuna.co.uk\/jobs\/land\/ad\/5472982059?se=2shtOU7A8BGIKtCGSZ8jUA&utm_medium=api&utm_source=a306aa16&v=DEFCFF05BA0DAB472AFA058F0FCE77472B2678DA","company":{"__CLASS__":"Adzuna::API::Response::Company","display_name":"Department for Work and Pensions"}},{"__CLASS__":"Adzuna::API::Response::Job","adref":"eyJhbGciOiJIUzI1NiJ9.eyJpIjoiNTQxMDY0MjIyMSIsInMiOiIyc2h0T1U3QThCR0lLdENHU1o4alVBIn0.6hATYEfQNGV_j0eqEfYSsplBS-hwcD14PaMyKkPvYNw","created":"2025-09-22T16:21:58Z","salary_min":56324.81,"description":"Since being founded in 2018, Copper has been building the standard for institutional digital asset infrastructure with a focus on custody, collateral management, and prime services. Led by Amar Kuchinad, Coppers Global CEO, the firm provides a comprehensive suite of custody, trading and settlement solutions that reduce counterparty risk and bring greater capital and operational efficiency to digital asset markets. At the heart of Coppers offering is Multi-Party Computation (MPC) technology \u2013 th\u2026","company":{"display_name":"Copper","__CLASS__":"Adzuna::API::Response::Company"},"contract_time":"full_time","salary_max":56324.81,"salary_is_predicted":"1","redirect_url":"https:\/\/www.adzuna.co.uk\/jobs\/land\/ad\/5410642221?se=2shtOU7A8BGIKtCGSZ8jUA&utm_medium=api&utm_source=a306aa16&v=2223907546C9EE9120E0485E5F912270CC7F30A4","location":{"__CLASS__":"Adzuna::API::Response::Location","display_name":"London, UK","area":["UK","London"]},"title":"Business Analyst","category":{"tag":"it-jobs","label":"IT Jobs","__CLASS__":"Adzuna::API::Response::Category"},"id":"5410642221"},{"salary_max":65000,"salary_is_predicted":"0","redirect_url":"https:\/\/www.adzuna.co.uk\/jobs\/land\/ad\/5490072645?se=2shtOU7A8BGIKtCGSZ8jUA&utm_medium=api&utm_source=a306aa16&v=1C57FE35AECEBDE51C61A49DFCC3EC5620C536E8","location":{"__CLASS__":"Adzuna::API::Response::Location","display_name":"Belfast, Northern Ireland","area":["UK","Northern Ireland","Belfast"]},"title":"Senior Business Analyst","id":"5490072645","category":{"tag":"it-jobs","__CLASS__":"Adzuna::API::Response::Category","label":"IT Jobs"},"__CLASS__":"Adzuna::API::Response::Job","adref":"eyJhbGciOiJIUzI1NiJ9.eyJzIjoiMnNodE9VN0E4QkdJS3RDR1NaOGpVQSIsImkiOiI1NDkwMDcyNjQ1In0._Brt-PPKPhlZxbB8cqV3l8AyMc-pkqa3NfKDjrJrEw4","created":"2025-11-11T03:16:13Z","company":{"__CLASS__":"Adzuna::API::Response::Company","display_name":"Ocho"},"description":"Senior Business Analyst - Financial Services | Belfast | Up to \u00a365k  15% bonus | Hybrid (3 days on-site) We're partnering with a leading financial services firm in Belfast to hire a Senior Business Analyst who can shape delivery outcomes across a diverse software portfolio. You'll work directly with the Lead BA and Head of Engineering, turning complex, high-impact ideas into clear, deliverable plans across front-end and back-end initiatives. In this hands-on role you'll own discovery and requir\u2026","salary_min":65000}],"__CLASS__":"Adzuna::API::Response::JobSearchResults"}