{"status":"OK","request_id":"0de28c0b-91bc-4728-8647-554972b85ae9","parameters":{"query":"Social Media Manager","page":1,"num_pages":1,"country":"us","language":"en"},"data":[{"job_id":"RqzrQqUyxI-LAqr2AAAAAA==","job_title":"Social Media Manager (REMOTE)","employer_name":"More Perfect Union","employer_logo":"https:\/\/encrypted-tbn0.gstatic.com\/images?q=tbn:ANd9GcSiMkleiZ4zst2S5cJjFJYzbs31qkYeTUYOMua0&s=0","employer_website":null,"job_publisher":"More Perfect Union Career Opportunities","job_employment_type":"Full-time","job_employment_types":["FULLTIME"],"job_apply_link":"https:\/\/more-perfect-union-action.rippling-ats.com\/job\/972217\/social-media-manager-remote?utm_campaign=google_jobs_apply&utm_source=google_jobs_apply&utm_medium=organic","job_apply_is_direct":false,"apply_options":[{"publisher":"More Perfect Union Career Opportunities","apply_link":"https:\/\/more-perfect-union-action.rippling-ats.com\/job\/972217\/social-media-manager-remote?utm_campaign=google_jobs_apply&utm_source=google_jobs_apply&utm_medium=organic","is_direct":false},{"publisher":"ZipRecruiter","apply_link":"https:\/\/www.ziprecruiter.com\/c\/More-Perfect-Union\/Job\/Social-Media-Manager-(REMOTE)\/-in-Washington,DC?jid=3dd15d36430fa699&utm_campaign=google_jobs_apply&utm_source=google_jobs_apply&utm_medium=organic","is_direct":true},{"publisher":"Jobrapido","apply_link":"https:\/\/us.jobrapido.com\/jobpreview\/2387462044413591552?utm_campaign=google_jobs_apply&utm_source=google_jobs_apply&utm_medium=organic","is_direct":true},{"publisher":"WhatJobs","apply_link":"https:\/\/www.whatjobs.com\/jobs\/content-management?id=2252332262&utm_campaign=google_jobs_apply&utm_source=google_jobs_apply&utm_medium=organic","is_direct":false},{"publisher":"Empleos","apply_link":"https:\/\/empleos.io\/jobs\/view\/122097?utm_campaign=google_jobs_apply&utm_source=google_jobs_apply&utm_medium=organic","is_direct":false}],"job_description":"Position Title: Social Media Manager\n\nJob Type: Salaried, full time\n\nCompensation: $110,000\/year\n\nLocation: Remote\n\nAbout MPU\n\nMore Perfect Union is an advocacy, journalism, and education organization with a mission to build power for the working class. We cover politics, policy, labor, business, and economic news through a class lens, and we pair our reporting with activism to help working people win policy fights. Launched in February 2021, More Perfect Union\u2019s Emmy award-winning coverage has garnered over 1 billion video views and over 5 million followers and subscribers.\n\nAbout the Position\n\nMore Perfect Union is seeking an experienced digital strategist to help us expand our social media reach and drive conversation across platforms around economic justice, corporate power, labor organizing, and more. The Social Media Manager will direct and approve content on a daily basis for Instagram, TikTok, Twitter\/X, Facebook and more. They will ensure that More Perfect Union\u2019s social media pages are full of newsy, informative, and revelatory content on a daily basis, and support the distribution of More Perfect Union original video content to a wide range of audiences.\n\nThe Social Media Manager must be highly creative and enthusiastic about reporting news that impacts working people through social media and video journalism. They should be an excellent writer and editor and an innovative content creator, with demonstrated knowledge of audience engagement strategy. They must be an experienced manager and will supervise full-time staff and fellows.\n\nCore Responsibilities:\n\u2022 In collaboration with the Director of Audience Engagement, develop and execute social media strategies that engage and expand More Perfect Union\u2019s audiences;\n\u2022 Direct the daily creation of news-centric social media content for Instagram, Facebook, TikTok and X, and approve social media copy, graphics, captions, rapid response clips, and more;\n\u2022 Supervise team members, provide regular direction and feedback, and support individuals\u2019 growth and professional development;\n\u2022 Make strong editorial decisions about what news to prioritize every day and how to frame stories in an accurate and compelling way;\n\u2022 Maintain an informative and engaging voice for More Perfect Union across social media, uphold strict editorial standards, and ensure content is extremely relevant to our audience and the news cycle;\n\u2022 Monitor analytics, audience sentiment, and social media trends, and translate learnings into actionable insights for team members on a weekly basis;\n\u2022 Manage multiple projects simultaneously and meet expected deadlines\n\u2022 Maintain high standard of work in a nimble, fast paced environment\n\u2022 Perform other duties as assigned\n\nQualifications:\n\u2022 At least five years of experience, including at least three as a manager, working in social media strategy and storytelling, preferably in a newsroom;\n\u2022 Strong understanding of best practices, algorithms, and metrics of major social media platforms, including Instagram, TikTok, Facebook, Instagram, YouTube, and Twitter\/X. Experience with additional platforms such as Substack, Bluesky, Reddit, and others is a plus;\n\u2022 Demonstrated experience in significantly expanding followers and engagement on social media pages;\n\u2022 Working knowledge of best practices and software for graphic design and video editing, including Canva, Adobe Suite, Descript, CapCut, and in-app software on TikTok and Instagram;\n\u2022 Familiarity with social media management and analytics tools including Sprout Social and RivalIQ;\n\u2022 Excellent written and interpersonal communication skills;\n\u2022 Exceptional organizational skills and ability to manage many priorities at once;\n\u2022 Ability to work independently in a remote, work-from-home environment;\n\nAt More Perfect Union we strive to increase diversity, equity, inclusion and justice in all elements of our work. We recruit, employ, train, compensate, and promote regardless of race, religion, creed, national origin, ancestry, sex (including pregnancy), sexual orientation, gender identity (including gender nonconformity and status as a transgender individual), age, physical or mental disability, post-secondary educational status, citizenship, genetic information, past, current, or prospective service in the uniformed services, or any other characteristic protected under applicable federal, state, or local law. We strongly encourage members of historically underrepresented and marginalized communities to apply.\n\n!! Important Notice !!\n\nTo protect your privacy and ensure the legitimacy of our hiring process, please only respond to emails from our official domain, @perfectunion.us. We will never ask for personal information or payment during the recruitment process. Be cautious of any emails or job offers that do not come from this domain.","job_is_remote":false,"job_posted_at":"4 days ago","job_posted_at_timestamp":1762473600,"job_posted_at_datetime_utc":"2025-11-07T00:00:00.000Z","job_location":"Washington, DC","job_city":"Washington","job_state":"District of Columbia","job_country":"US","job_latitude":38.9071923,"job_longitude":-77.0368707,"job_benefits":null,"job_google_link":"https:\/\/www.google.com\/search?q=jobs&gl=us&hl=en&udm=8#vhid=vt%3D20\/docid%3DRqzrQqUyxI-LAqr2AAAAAA%3D%3D&vssid=jobs-detail-viewer","job_salary":null,"job_min_salary":null,"job_max_salary":null,"job_salary_period":null,"job_highlights":{"Qualifications":["They should be an excellent writer and editor and an innovative content creator, with demonstrated knowledge of audience engagement strategy","They must be an experienced manager and will supervise full-time staff and fellows","At least five years of experience, including at least three as a manager, working in social media strategy and storytelling, preferably in a newsroom;","Strong understanding of best practices, algorithms, and metrics of major social media platforms, including Instagram, TikTok, Facebook, Instagram, YouTube, and Twitter\/X","Demonstrated experience in significantly expanding followers and engagement on social media pages;","Working knowledge of best practices and software for graphic design and video editing, including Canva, Adobe Suite, Descript, CapCut, and in-app software on TikTok and Instagram;","Familiarity with social media management and analytics tools including Sprout Social and RivalIQ;","Excellent written and interpersonal communication skills;","Exceptional organizational skills and ability to manage many priorities at once;","Ability to work independently in a remote, work-from-home environment;"],"Benefits":["Compensation: $110,000\/year","Location: Remote"],"Responsibilities":["The Social Media Manager will direct and approve content on a daily basis for Instagram, TikTok, Twitter\/X, Facebook and more","They will ensure that More Perfect Union\u2019s social media pages are full of newsy, informative, and revelatory content on a daily basis, and support the distribution of More Perfect Union original video content to a wide range of audiences","The Social Media Manager must be highly creative and enthusiastic about reporting news that impacts working people through social media and video journalism","In collaboration with the Director of Audience Engagement, develop and execute social media strategies that engage and expand More Perfect Union\u2019s audiences;","Direct the daily creation of news-centric social media content for Instagram, Facebook, TikTok and X, and approve social media copy, graphics, captions, rapid response clips, and more;","Supervise team members, provide regular direction and feedback, and support individuals\u2019 growth and professional development;","Make strong editorial decisions about what news to prioritize every day and how to frame stories in an accurate and compelling way;","Maintain an informative and engaging voice for More Perfect Union across social media, uphold strict editorial standards, and ensure content is extremely relevant to our audience and the news cycle;","Monitor analytics, audience sentiment, and social media trends, and translate learnings into actionable insights for team members on a weekly basis;","Manage multiple projects simultaneously and meet expected deadlines","Maintain high standard of work in a nimble, fast paced environment","Perform other duties as assigned"]},"job_onet_soc":"15119900","job_onet_job_zone":"4"},{"job_id":"h0b8ZnFY-Kts-YvyAAAAAA==","job_title":"Social Media Manager","employer_name":"Systems Planning and Analysis","employer_logo":"https:\/\/encrypted-tbn0.gstatic.com\/images?q=tbn:ANd9GcRIpfvI3d1qQ4Fhv7owfreRfN77BV8thKdmFTQp&s=0","employer_website":null,"job_publisher":"Careers - SPA","job_employment_type":"Full-time","job_employment_types":["FULLTIME"],"job_apply_link":"https:\/\/talent.spa.com\/jobs\/20638?lang=en-us&utm_campaign=google_jobs_apply&utm_source=google_jobs_apply&utm_medium=organic","job_apply_is_direct":true,"apply_options":[{"publisher":"Careers - SPA","apply_link":"https:\/\/talent.spa.com\/jobs\/20638?lang=en-us&utm_campaign=google_jobs_apply&utm_source=google_jobs_apply&utm_medium=organic","is_direct":true},{"publisher":"Indeed","apply_link":"https:\/\/www.indeed.com\/viewjob?jk=f7732e80e02ff913&utm_campaign=google_jobs_apply&utm_source=google_jobs_apply&utm_medium=organic","is_direct":true},{"publisher":"Space Crew","apply_link":"https:\/\/spacecrew.com\/space-jobs\/mfrxwmxs-planet-social-media-manager?utm_campaign=google_jobs_apply&utm_source=google_jobs_apply&utm_medium=organic","is_direct":false},{"publisher":"Glassdoor","apply_link":"https:\/\/www.glassdoor.com\/job-listing\/social-media-manager-govini-JV_IC1130337_KO0,20_KE21,27.htm?jl=1009788598222&utm_campaign=google_jobs_apply&utm_source=google_jobs_apply&utm_medium=organic","is_direct":true},{"publisher":"ZipRecruiter","apply_link":"https:\/\/www.ziprecruiter.com\/c\/Govini\/Job\/Social-Media-Manager\/-in-Arlington,VA?jid=d080a6a2b748a93b&utm_campaign=google_jobs_apply&utm_source=google_jobs_apply&utm_medium=organic","is_direct":true},{"publisher":"LinkedIn","apply_link":"https:\/\/www.linkedin.com\/jobs\/view\/social-media-manager-at-govini-4255262722?utm_campaign=google_jobs_apply&utm_source=google_jobs_apply&utm_medium=organic","is_direct":false},{"publisher":"SimplyHired","apply_link":"https:\/\/www.simplyhired.com\/job\/DpR8IwSnmKGnVUZes9a6yU2FwywMyVb2s4m4hmbqcyMVYvHy9vJ-KA?utm_campaign=google_jobs_apply&utm_source=google_jobs_apply&utm_medium=organic","is_direct":false},{"publisher":"Bandana.com","apply_link":"https:\/\/bandana.com\/jobs\/187b27a1-5c76-4fbd-8161-02d92099c37b?utm_campaign=google_jobs_apply&utm_source=google_jobs_apply&utm_medium=organic","is_direct":false}],"job_description":"Overview\n\nSystems Planning and Analysis, Inc. (SPA) delivers high-impact, technical solutions to complex national security issues. With over 50 years of business expertise and consistent growth, we are known for continuous innovation for our government customers, in both the US and abroad. Our exceptionally talented team is highly collaborative in spirit and practice, producing Results that Matter. Come work with the best! We offer opportunity, unique challenges, and clear-sighted commitment to the mission. Objective. Responsive. Trusted.\n\nThe Joint Defense Support Group (JDSG), within SPA\u2019s Sea Land Air (SLA) Division, supports the Surface Community and components of the United States Navy by providing program management, requirements management, force development, and readiness support in Washington DC and the Fleet concentration areas. We provide timely, objective, analytic assessments, strategic planning, and expert operational, technical, and acquisition support to the Maritime communities, and related agencies, allies, and partners. We are trusted agents of the senior and operational leadership in the Fleet, OPNAV, NAVSEA, and the Royal Canadian and Royal Australian Navies. We play key roles in providing insights and strategies to address current and emerging challenges to national security and have tremendous impact on our client\u2019s success in solving their most important issues. #FC\n\nResponsibilities\n\nIn this role, you will be called upon to provide day-to-day project management support, including planning, coordination, development, and execution of lines of effort and initiatives within the OPNAV N1 Public Affairs Office\u2019s social media marketing efforts. The candidate will manage OPNAV N1\u2019s social media channels to ensure consistent, effective communication of the command\u2019s messaging to a broad audience. This role will also develop and implement social media strategies that drive measurable engagement, enhance return on investment, and strengthen enterprise-wide awareness. Support enterprise-level social media sync meetings, maintaining coordination and alignment among managers and representatives across commands on social media initiatives. Ability to develop weekly and quarterly reports summarizing social media performance, sentiment, environment trends, and leadership-level insights. Setting and achieving personnel-focused strategic goals, maintaining an audience-driven content calendar. Ability to collaborate with Navy partners to execute integrated products and campaigns. Support media monitoring and daily news clips management. Understanding of social listening and analytics tools (such as Sprout Social, Meltwater, Talkwalker), leveraging automation and data correlation to identify opportunities, challenges, narratives, and wins Conduct social listening rounds across platforms to assess and address key personnel-related conversations and topics.\n\nQualifications\n\nRequired Qualifications:\n\nReports to Naval Support Facility, Arlington, on a full time basis, with limited telework authorized.\n\u2022 7 Years of Strategic Communications or Social Media Marketing experience with an active SECRET clearance.\n\u2022 Bachelor's Degree in marketing, communications, or similar.\n\u2022 Proven experience using social media analytics and management tools such as Sprout Social to assess campaign performance, inform strategy, and optimize future content.\n\u2022 Demonstrated ability to translate complex policies and initiatives into clear, engaging social media campaigns aligned with an established brand and audience.\n\u2022 Ability to develop weekly and quarterly reports summarizing social media performance, sentiment, environment trends, and 3 star leadership-level insights.\n\nDesired Qualifications:\n\u2022 Familiarity with Navy programs, plans, and personnel, and the ability to quickly learn and apply Department of the Navy and Department of Defense social media policies.\n\u2022 Strong skills in related community management, including real-time team engagement, issue resolution, and accurate information sharing to close conversation loops.\n\u2022 Ability to collaborate with Navy partners to execute integrated products and campaigns.","job_is_remote":false,"job_posted_at":"11 days ago","job_posted_at_timestamp":1761868800,"job_posted_at_datetime_utc":"2025-10-31T00:00:00.000Z","job_location":"Arlington, VA","job_city":"Arlington","job_state":"Virginia","job_country":"US","job_latitude":38.8816208,"job_longitude":-77.09098089999999,"job_benefits":null,"job_google_link":"https:\/\/www.google.com\/search?q=jobs&gl=us&hl=en&udm=8#vhid=vt%3D20\/docid%3Dh0b8ZnFY-Kts-YvyAAAAAA%3D%3D&vssid=jobs-detail-viewer","job_salary":null,"job_min_salary":null,"job_max_salary":null,"job_salary_period":null,"job_highlights":{"Qualifications":["Trusted","Reports to Naval Support Facility, Arlington, on a full time basis, with limited telework authorized","7 Years of Strategic Communications or Social Media Marketing experience with an active SECRET clearance","Bachelor's Degree in marketing, communications, or similar","Proven experience using social media analytics and management tools such as Sprout Social to assess campaign performance, inform strategy, and optimize future content","Demonstrated ability to translate complex policies and initiatives into clear, engaging social media campaigns aligned with an established brand and audience","Ability to develop weekly and quarterly reports summarizing social media performance, sentiment, environment trends, and 3 star leadership-level insights"],"Responsibilities":["The Joint Defense Support Group (JDSG), within SPA\u2019s Sea Land Air (SLA) Division, supports the Surface Community and components of the United States Navy by providing program management, requirements management, force development, and readiness support in Washington DC and the Fleet concentration areas","We provide timely, objective, analytic assessments, strategic planning, and expert operational, technical, and acquisition support to the Maritime communities, and related agencies, allies, and partners","We are trusted agents of the senior and operational leadership in the Fleet, OPNAV, NAVSEA, and the Royal Canadian and Royal Australian Navies","In this role, you will be called upon to provide day-to-day project management support, including planning, coordination, development, and execution of lines of effort and initiatives within the OPNAV N1 Public Affairs Office\u2019s social media marketing efforts","The candidate will manage OPNAV N1\u2019s social media channels to ensure consistent, effective communication of the command\u2019s messaging to a broad audience","This role will also develop and implement social media strategies that drive measurable engagement, enhance return on investment, and strengthen enterprise-wide awareness","Support enterprise-level social media sync meetings, maintaining coordination and alignment among managers and representatives across commands on social media initiatives","Ability to develop weekly and quarterly reports summarizing social media performance, sentiment, environment trends, and leadership-level insights","Setting and achieving personnel-focused strategic goals, maintaining an audience-driven content calendar","Ability to collaborate with Navy partners to execute integrated products and campaigns","Support media monitoring and daily news clips management","Understanding of social listening and analytics tools (such as Sprout Social, Meltwater, Talkwalker), leveraging automation and data correlation to identify opportunities, challenges, narratives, and wins Conduct social listening rounds across platforms to assess and address key personnel-related conversations and topics"]},"job_onet_soc":"15119900","job_onet_job_zone":"4"},{"job_id":"1tNv3l9_tqisE6f7AAAAAA==","job_title":"Social Media and Marketing Coordinator","employer_name":"Uncorked","employer_logo":null,"employer_website":"https:\/\/www.uncorked.com","job_publisher":"Indeed","job_employment_type":"Full-time","job_employment_types":["FULLTIME"],"job_apply_link":"https:\/\/www.indeed.com\/viewjob?jk=f2c096bdf3f7b956&utm_campaign=google_jobs_apply&utm_source=google_jobs_apply&utm_medium=organic","job_apply_is_direct":true,"apply_options":[{"publisher":"Indeed","apply_link":"https:\/\/www.indeed.com\/viewjob?jk=f2c096bdf3f7b956&utm_campaign=google_jobs_apply&utm_source=google_jobs_apply&utm_medium=organic","is_direct":true},{"publisher":"SimplyHired","apply_link":"https:\/\/www.simplyhired.com\/job\/WPoDb9VIAaJWgiwd4N07T0viBM_yqUfn8GRmP2MaT-RqrYKr19L7Vg?utm_campaign=google_jobs_apply&utm_source=google_jobs_apply&utm_medium=organic","is_direct":false},{"publisher":"Glassdoor","apply_link":"https:\/\/www.glassdoor.com\/job-listing\/social-media-and-marketing-coordinator-uncorked-JV_IC1138213_KO0,38_KE39,47.htm?jl=1009911883987&utm_campaign=google_jobs_apply&utm_source=google_jobs_apply&utm_medium=organic","is_direct":true},{"publisher":"Jobrapido","apply_link":"https:\/\/us.jobrapido.com\/jobpreview\/3151678769530404864?utm_campaign=google_jobs_apply&utm_source=google_jobs_apply&utm_medium=organic","is_direct":true},{"publisher":"BeBee","apply_link":"https:\/\/us.bebee.com\/job\/b1a13269cb13b928b05e0dfe5e073182?utm_campaign=google_jobs_apply&utm_source=google_jobs_apply&utm_medium=organic","is_direct":false}],"job_description":"Uncorked Wine & Spirits is a locally owned boutique shop in the heart of Washington, DC, offering a thoughtfully curated selection of wines, craft beers, and premium spirits. We pride ourselves on providing exceptional customer experiences, personalized recommendations, and educational opportunities for our community of beverage enthusiasts.\n\nPosition Overview\n\nWe are seeking a Marketing Associate with a strong background in wine, beer, and spirits to support the development and execution of marketing initiatives that grow brand awareness, drive customer engagement, and increase sales. The ideal candidate is passionate about the beverage industry, skilled in digital and in-store marketing, and eager to contribute creative ideas to a growing business.\n\nKey Responsibilities\n\u2022 Content & Campaigns\n\u2022 Develop and execute marketing campaigns across social media, email, website, and in-store promotions.\n\u2022 Create engaging, educational content (e.g., tasting notes, product highlights, event spotlights, pairing guides).\n\u2022 Maintain and grow Uncorked's social media presence with consistent, on-brand messaging.\n\u2022 Community Engagement & Events\n\u2022 Support the planning and promotion of in-store events, tastings, and partnerships with local restaurants, wineries, breweries, and distilleries.\n\u2022 Capture and share event highlights for digital channels to strengthen community connections.\n\u2022 Track campaign performance, customer engagement, and sales impact.\n\u2022 Provide insights and recommendations for optimizing marketing strategies.\n\u2022 Brand Development\n\u2022 Ensure consistency of visual identity, tone, and messaging across all platforms.\n\u2022 Assist with merchandising and in-store displays to align with seasonal campaigns and product launches.\n\nQualifications\n\u2022 Strong knowledge of wine, beer, and spirits\u2014including product categories, industry trends, and consumer preferences.\n\u2022 1\u20133 years of marketing experience, ideally in retail, hospitality, or beverage industry.\n\u2022 Proficiency with digital marketing tools (social media platforms, email marketing software, Canva\/Adobe Creative Suite a plus).\n\u2022 Strong writing and storytelling skills, with the ability to adapt tone for different audiences.\n\u2022 Excellent organizational skills and attention to detail.\n\u2022 Ability to work evenings and weekends for special events as needed.\n\nWhat We Offer\n\u2022 Competitive compensation based on experience.\n\u2022 Opportunities for growth within a dynamic, community-focused retail environment.\n\u2022 Exposure to leading producers and exclusive tastings.\n\nJob Type: Full-time\n\nPay: $20.00 - $22.00 per hour\n\nExpected hours: 40 \u2013 45 per week\n\nBenefits:\n\u2022 Employee discount\n\u2022 Flexible schedule\n\u2022 Paid time off\n\nWork Location: In person","job_is_remote":false,"job_posted_at":"23 days ago","job_posted_at_timestamp":1760832000,"job_posted_at_datetime_utc":"2025-10-19T00:00:00.000Z","job_location":"Washington, DC","job_city":"Washington","job_state":"District of Columbia","job_country":"US","job_latitude":38.9071923,"job_longitude":-77.0368707,"job_benefits":["paid_time_off"],"job_google_link":"https:\/\/www.google.com\/search?q=jobs&gl=us&hl=en&udm=8#vhid=vt%3D20\/docid%3D1tNv3l9_tqisE6f7AAAAAA%3D%3D&vssid=jobs-detail-viewer","job_min_salary":20,"job_max_salary":22,"job_salary_period":"HOUR","job_highlights":{"Qualifications":["Strong knowledge of wine, beer, and spirits\u2014including product categories, industry trends, and consumer preferences","1\u20133 years of marketing experience, ideally in retail, hospitality, or beverage industry","Strong writing and storytelling skills, with the ability to adapt tone for different audiences","Excellent organizational skills and attention to detail","Ability to work evenings and weekends for special events as needed"],"Benefits":["Competitive compensation based on experience","Opportunities for growth within a dynamic, community-focused retail environment","Exposure to leading producers and exclusive tastings","Pay: $20.00 - $22.00 per hour","Expected hours: 40 \u2013 45 per week","Employee discount","Flexible schedule","Paid time off"],"Responsibilities":["We are seeking a Marketing Associate with a strong background in wine, beer, and spirits to support the development and execution of marketing initiatives that grow brand awareness, drive customer engagement, and increase sales","The ideal candidate is passionate about the beverage industry, skilled in digital and in-store marketing, and eager to contribute creative ideas to a growing business","Content & Campaigns","Develop and execute marketing campaigns across social media, email, website, and in-store promotions","Create engaging, educational content (e.g., tasting notes, product highlights, event spotlights, pairing guides)","Maintain and grow Uncorked's social media presence with consistent, on-brand messaging","Community Engagement & Events","Support the planning and promotion of in-store events, tastings, and partnerships with local restaurants, wineries, breweries, and distilleries","Capture and share event highlights for digital channels to strengthen community connections","Track campaign performance, customer engagement, and sales impact","Provide insights and recommendations for optimizing marketing strategies","Brand Development","Ensure consistency of visual identity, tone, and messaging across all platforms","Assist with merchandising and in-store displays to align with seasonal campaigns and product launches"]},"job_onet_soc":"15119900","job_onet_job_zone":"4"},{"job_id":"03NPIvdW8IyT62kKAAAAAA==","job_title":"Social Media Manager \u2013 TV & Titles (National Geographic)","employer_name":"The Walt Disney Company","employer_logo":"https:\/\/encrypted-tbn0.gstatic.com\/images?q=tbn:ANd9GcQrdNiq9-pm32BsM-VC5Uvl2hwI9OOM_oTT1Rxs&s=0","employer_website":"https:\/\/thewaltdisneycompany.com","job_publisher":"JobzMall","job_employment_type":"Full-time","job_employment_types":["FULLTIME"],"job_apply_link":"https:\/\/www.jobzmall.com\/the-walt-disney-company\/job\/social-media-manager-tv-titles-national-geographic?utm_campaign=google_jobs_apply&utm_source=google_jobs_apply&utm_medium=organic","job_apply_is_direct":true,"apply_options":[{"publisher":"JobzMall","apply_link":"https:\/\/www.jobzmall.com\/the-walt-disney-company\/job\/social-media-manager-tv-titles-national-geographic?utm_campaign=google_jobs_apply&utm_source=google_jobs_apply&utm_medium=organic","is_direct":true},{"publisher":"Hollylist","apply_link":"https:\/\/www.hollylist.com\/jobs\/szRug5Caz6WFdjDj2?utm_campaign=google_jobs_apply&utm_source=google_jobs_apply&utm_medium=organic","is_direct":false}],"job_description":"Welcome to The Walt Disney Company, a world-renowned entertainment company with a passion for storytelling and innovation. We are seeking a highly skilled and creative Social Media Manager \u2013 TV & Titles to join our National Geographic team. As the Social Media Manager, you will play a critical role in promoting our captivating TV shows and titles on social media platforms. Your expertise in creating engaging content and executing successful social media campaigns will help us reach and engage with our global audience. If you are a self-motivated and dynamic individual with a love for National Geographic's content, we encourage you to apply for this exciting opportunity.\n\nDevelop and implement social media strategies to promote National Geographic's TV shows and titles on various platforms, including but not limited to Facebook, Twitter, Instagram, and YouTube.\n\nCreate engaging and visually appealing content to attract and retain a global audience for National Geographic's TV shows and titles.\n\nMonitor social media trends and recommend innovative ideas for content and campaigns to increase brand awareness and engagement.\n\nCollaborate with cross-functional teams, including marketing, digital media, and content creators, to ensure consistency and accuracy in messaging and branding across all social media platforms.\n\nAnalyze and report on social media performance, providing insights and recommendations for optimization and improvement.\n\nEngage with the online community by responding to comments and messages, building relationships, and fostering a positive brand image.\n\nStay up-to-date with emerging social media trends, tools, and platforms, and provide recommendations for incorporating them into our social media strategy.\n\nManage social media budget and allocate resources effectively to achieve maximum results.\n\nStay informed of industry and competitor activity, identify potential opportunities and risks, and make strategic recommendations to maintain and improve National Geographic's social media presence.\n\nCollaborate with influencers and industry partners to amplify our social media reach and engage with new audiences.\n\nEnsure all social media content and campaigns adhere to company values, guidelines, and legal requirements.\n\nTrain and guide junior team members, providing support and feedback to promote their professional growth and development.\n\nRepresent National Geographic on social media by maintaining a professional and positive online presence.\n\nThe Walt Disney Company is an Equal Opportunity Employer. We celebrate diversity and are committed to creating an inclusive environment for all employees. We do not discriminate based upon race, religion, color, national origin, sex, sexual orientation, gender identity, age, status as a protected veteran, status as an individual with a disability, or other applicable legally protected characteristics.","job_is_remote":false,"job_posted_at":null,"job_posted_at_timestamp":null,"job_posted_at_datetime_utc":null,"job_location":"Washington, DC","job_city":"Washington","job_state":"District of Columbia","job_country":"US","job_latitude":38.9071923,"job_longitude":-77.0368707,"job_benefits":null,"job_google_link":"https:\/\/www.google.com\/search?q=jobs&gl=us&hl=en&udm=8#vhid=vt%3D20\/docid%3D03NPIvdW8IyT62kKAAAAAA%3D%3D&vssid=jobs-detail-viewer","job_min_salary":60000,"job_max_salary":80000,"job_salary_period":"YEAR","job_highlights":{"Responsibilities":["As the Social Media Manager, you will play a critical role in promoting our captivating TV shows and titles on social media platforms","Your expertise in creating engaging content and executing successful social media campaigns will help us reach and engage with our global audience","Develop and implement social media strategies to promote National Geographic's TV shows and titles on various platforms, including but not limited to Facebook, Twitter, Instagram, and YouTube","Create engaging and visually appealing content to attract and retain a global audience for National Geographic's TV shows and titles","Monitor social media trends and recommend innovative ideas for content and campaigns to increase brand awareness and engagement","Collaborate with cross-functional teams, including marketing, digital media, and content creators, to ensure consistency and accuracy in messaging and branding across all social media platforms","Analyze and report on social media performance, providing insights and recommendations for optimization and improvement","Engage with the online community by responding to comments and messages, building relationships, and fostering a positive brand image","Stay up-to-date with emerging social media trends, tools, and platforms, and provide recommendations for incorporating them into our social media strategy","Manage social media budget and allocate resources effectively to achieve maximum results","Stay informed of industry and competitor activity, identify potential opportunities and risks, and make strategic recommendations to maintain and improve National Geographic's social media presence","Collaborate with influencers and industry partners to amplify our social media reach and engage with new audiences","Ensure all social media content and campaigns adhere to company values, guidelines, and legal requirements","Train and guide junior team members, providing support and feedback to promote their professional growth and development"]},"job_onet_soc":"15119900","job_onet_job_zone":"4"},{"job_id":"oakbTIZJ5N1702OVAAAAAA==","job_title":"Social Media Coordinator","employer_name":"Keller Williams Capital Properties","employer_logo":"https:\/\/encrypted-tbn0.gstatic.com\/images?q=tbn:ANd9GcRX3ThDa3sgzUhcOcYepz3pNcPTrg500gWc-hOL&s=0","employer_website":"https:\/\/kwcapitalproperties.com","job_publisher":"LinkedIn","job_employment_type":"Full-time","job_employment_types":["FULLTIME"],"job_apply_link":"https:\/\/www.linkedin.com\/jobs\/view\/social-media-coordinator-at-keller-williams-capital-properties-4314035254?utm_campaign=google_jobs_apply&utm_source=google_jobs_apply&utm_medium=organic","job_apply_is_direct":false,"apply_options":[{"publisher":"LinkedIn","apply_link":"https:\/\/www.linkedin.com\/jobs\/view\/social-media-coordinator-at-keller-williams-capital-properties-4314035254?utm_campaign=google_jobs_apply&utm_source=google_jobs_apply&utm_medium=organic","is_direct":false},{"publisher":"Jooble","apply_link":"https:\/\/jooble.org\/jdp\/-6336501593217134162?utm_campaign=google_jobs_apply&utm_source=google_jobs_apply&utm_medium=organic","is_direct":false},{"publisher":"Gotham Enterprises","apply_link":"https:\/\/www.gothamenterprisesltd.com\/find-jobs\/marketing-coordinator-jobs\/cmgqiczir0p9yengbszb6261j\/social-media-coordinator-in-bethesda-maryland?utm_campaign=google_jobs_apply&utm_source=google_jobs_apply&utm_medium=organic","is_direct":false},{"publisher":"Recruit.net","apply_link":"https:\/\/www.recruit.net\/job\/social-media-coordinator-jobs\/E6020FDA163F1E44?utm_campaign=google_jobs_apply&utm_source=google_jobs_apply&utm_medium=organic","is_direct":false},{"publisher":"WhatJobs","apply_link":"https:\/\/www.whatjobs.com\/jobs\/social-media-coordinator?id=2253357160&utm_campaign=google_jobs_apply&utm_source=google_jobs_apply&utm_medium=organic","is_direct":false},{"publisher":"BeBee","apply_link":"https:\/\/us.bebee.com\/job\/10d294675146b6f60ee9cd718fe0bc65?utm_campaign=google_jobs_apply&utm_source=google_jobs_apply&utm_medium=organic","is_direct":false},{"publisher":"Jobs Trabajo.org","apply_link":"https:\/\/us.trabajo.org\/job-2611-a3a14c53ea983e35d68c3d86d416aecc?utm_campaign=google_jobs_apply&utm_source=google_jobs_apply&utm_medium=organic","is_direct":false},{"publisher":"Jobilize","apply_link":"https:\/\/www.jobilize.com\/amp\/job\/us-md-bethesda-social-media-coordinator-keller-williams-capital-properties?utm_campaign=google_jobs_apply&utm_source=google_jobs_apply&utm_medium=organic","is_direct":false}],"job_description":"We\u2019re looking for a creative social media coordinator to join our growing team. You\u2019ll play a key role in building our brand\u2019s online presence, engage with industry influencers, create compelling branded content across our social media platforms, and keep the team updated with monthly analytics reports. If you\u2019re a team player, an excellent communicator, and eager to grow professionally as a social media expert, we want to hear from you.\n\nCompensation: $25 hourly","job_is_remote":false,"job_posted_at":"29 days ago","job_posted_at_timestamp":1760313600,"job_posted_at_datetime_utc":"2025-10-13T00:00:00.000Z","job_location":"Bethesda, MD","job_city":"Bethesda","job_state":"Maryland","job_country":"US","job_latitude":38.9848328,"job_longitude":-77.09431719999999,"job_benefits":null,"job_google_link":"https:\/\/www.google.com\/search?q=jobs&gl=us&hl=en&udm=8#vhid=vt%3D20\/docid%3DoakbTIZJ5N1702OVAAAAAA%3D%3D&vssid=jobs-detail-viewer","job_salary":null,"job_min_salary":null,"job_max_salary":null,"job_salary_period":null,"job_highlights":{"Benefits":["Compensation: $25 hourly"],"Responsibilities":["You\u2019ll play a key role in building our brand\u2019s online presence, engage with industry influencers, create compelling branded content across our social media platforms, and keep the team updated with monthly analytics reports"]},"job_onet_soc":"25901100","job_onet_job_zone":"4"},{"job_id":"aUyF5AidCAIKKftlAAAAAA==","job_title":"Social Media Coordinator","employer_name":"Robert Half","employer_logo":null,"employer_website":"https:\/\/www.roberthalf.com","job_publisher":"Robert Half","job_employment_type":null,"job_employment_types":[],"job_apply_link":"https:\/\/www.roberthalf.com\/us\/en\/job\/washington-dc\/social-media-coordinator\/04510-0013326102-usen?utm_campaign=google_jobs_apply&utm_source=google_jobs_apply&utm_medium=organic","job_apply_is_direct":false,"apply_options":[{"publisher":"Robert Half","apply_link":"https:\/\/www.roberthalf.com\/us\/en\/job\/washington-dc\/social-media-coordinator\/04510-0013326102-usen?utm_campaign=google_jobs_apply&utm_source=google_jobs_apply&utm_medium=organic","is_direct":false},{"publisher":"Indeed","apply_link":"https:\/\/www.indeed.com\/viewjob?jk=243af81e0cd18186&utm_campaign=google_jobs_apply&utm_source=google_jobs_apply&utm_medium=organic","is_direct":false},{"publisher":"ZipRecruiter","apply_link":"https:\/\/www.ziprecruiter.com\/c\/Robert-Half\/Job\/Social-Media-Coordinator\/-in-Washington,DC?jid=384dbdd04c3b1421&utm_campaign=google_jobs_apply&utm_source=google_jobs_apply&utm_medium=organic","is_direct":true},{"publisher":"Glassdoor","apply_link":"https:\/\/www.glassdoor.com\/job-listing\/social-media-coordinator-quadrant-inc-JV_IC1138213_KO0,24_KE25,37.htm?jl=1009921301360&utm_campaign=google_jobs_apply&utm_source=google_jobs_apply&utm_medium=organic","is_direct":true},{"publisher":"LinkedIn","apply_link":"https:\/\/www.linkedin.com\/jobs\/view\/social-media-coordinator-at-robert-half-4333655640?utm_campaign=google_jobs_apply&utm_source=google_jobs_apply&utm_medium=organic","is_direct":false},{"publisher":"SimplyHired","apply_link":"https:\/\/www.simplyhired.com\/job\/1Yw6OYeony24BN_AdJ_zT_pdTrlfJHqnqkiX5EuWBcwReF0wsbJYOw?utm_campaign=google_jobs_apply&utm_source=google_jobs_apply&utm_medium=organic","is_direct":false},{"publisher":"JobTarget","apply_link":"https:\/\/www.jobtarget.com\/jobs\/jt-1qpxnr7d8m\/social-media-coordinator-washington-dist-columbia?utm_campaign=google_jobs_apply&utm_source=google_jobs_apply&utm_medium=organic","is_direct":false},{"publisher":"Dice","apply_link":"https:\/\/www.dice.com\/job-detail\/866b2503-a163-4af7-99aa-365acd805736?utm_campaign=google_jobs_apply&utm_source=google_jobs_apply&utm_medium=organic","is_direct":true}],"job_description":"We are looking for a motivated and detail-oriented Social Media Coordinator to join our team on a contract basis. In this role, you will be responsible for enhancing our online presence and engaging our audience across multiple platforms. This is an exciting opportunity to work collaboratively with a dynamic marketing team and make a meaningful impact on our digital strategy. The position is based in Washington, District of Columbia, and offers a hybrid work environment.Responsibilities:\u2022 Develop, write, and schedule engaging social media content across platforms including LinkedIn, Instagram, Facebook, and YouTube.\u2022 Collaborate with various departments to promote events, advocacy efforts, member stories, and other initiatives.\u2022 Monitor online conversations, respond to audience comments and inquiries, and ensure brand consistency in interactions.\u2022 Analyze social media performance metrics and prepare monthly reports with actionable insights and recommendations.\u2022 Stay updated on emerging social media trends and platform updates to enhance content strategies.\u2022 Provide live social media coverage during events and conferences to maximize audience engagement.\u2022 Assist in implementing social media strategies as directed by the Marketing Communications team.","job_is_remote":false,"job_posted_at":"11 days ago","job_posted_at_timestamp":1761868800,"job_posted_at_datetime_utc":"2025-10-31T00:00:00.000Z","job_location":"Washington, DC","job_city":"Washington","job_state":"District of Columbia","job_country":"US","job_latitude":38.9071923,"job_longitude":-77.0368707,"job_benefits":null,"job_google_link":"https:\/\/www.google.com\/search?q=jobs&gl=us&hl=en&udm=8#vhid=vt%3D20\/docid%3DaUyF5AidCAIKKftlAAAAAA%3D%3D&vssid=jobs-detail-viewer","job_min_salary":28,"job_max_salary":35,"job_salary_period":"HOUR","job_highlights":[],"job_onet_soc":"25901100","job_onet_job_zone":"4"},{"job_id":"-eM3vDYGQRPxkOYbAAAAAA==","job_title":"Digital Marketing\/Social Media Manager Summer 2026 Intern (Paid)","employer_name":"GCI Inc","employer_logo":"https:\/\/encrypted-tbn0.gstatic.com\/images?q=tbn:ANd9GcTOTlNSPmvtdMqqtflfH-1OL4cePwCSAARIXOSe&s=0","employer_website":null,"job_publisher":"Sonara AI","job_employment_type":"Full-time","job_employment_types":["FULLTIME"],"job_apply_link":"https:\/\/www.sonara.ai\/job-details\/digital-marketing-social-media-manager-summer-2026-intern-at-gci-inc-5156cbcd-f3ec-abb5-dc1b-2b622745df22?utm_campaign=google_jobs_apply&utm_source=google_jobs_apply&utm_medium=organic","job_apply_is_direct":true,"apply_options":[{"publisher":"Sonara AI","apply_link":"https:\/\/www.sonara.ai\/job-details\/digital-marketing-social-media-manager-summer-2026-intern-at-gci-inc-5156cbcd-f3ec-abb5-dc1b-2b622745df22?utm_campaign=google_jobs_apply&utm_source=google_jobs_apply&utm_medium=organic","is_direct":true}],"job_description":"GCI embodies excellence, integrity and professionalism. The employees supporting our customers deliver unique, high-value mission solutions while effectively leverage the technological expertise of our valued workforce to meet critical mission requirements in the areas of Data Analytics and Software Development, Engineering, Targeting and Analysis, Operations, Training, and Cyber Operations. We maximize opportunities for success by building and maintaining trusted and reliable partnerships with our customers and industry.\n\nWe need the support of a Digital Marketing\/Social Media Manager Summer Intern to share this goodness with those interested in joining or working with GCI.\n\nRequired :\n\u2022 Experience with the creation of written, video, and image content for marketing or promotional purposes\n\u2022 Social Media experience across multiple sites and applications, including 'power-user' actions like properly configuring privacy settings\n\u2022 Demonstrated ability to learn quickly, complete tasks independently and creatively, and adapt to new technologies and tools\n\nDesired :\n\u2022 Prior experience with Digital Marketing projects, either through coursework or personal projects\n\u2022 Experience with technologies\/domains such as :\n\u2022 Multiple Artificial Intelligence Domains (i.e., Machine Learning, Generative AI, etc)\n\u2022 Cloud Architecture, Development, and\/or Administration\n\u2022 Computer, Automotive, and\/or Network Forensics\n\u2022 Data Science & Data Visualization\n\u2022 RF Engineering & Signals processing\n\u2022 Scripting (i.e., Bash, Powershell, Python)\n\u2022 Vulnerability Research and\/or Exploit Development\n\nAt GCI, we solve the hard problems. As a Digital Marketing\/Social Media Manager Summer Intern, a typical day will include the following duties:\n\u2022 Create high-quality content, including text, images, and videos, for various social media platforms (e.g., Instagram, Facebook, X (Twitter), LinkedIn)\n\u2022 Manage and monitor our social media channels, responding to comments and messages in a timely and professional manner\n\u2022 Analyze social media metrics to track performance and identify areas for improvement\n\u2022 Collaborate with other team members and Company Leadership to ensure consistent branding and messaging across all channels\n\u2022 Stay up-to-date with the latest social media trends and industry best practices\n\u2022 Participate in special projects as required.\n\nEducation\n\u2022 Must be a currently enrolled full-time college student, at least returning for the Fall 2026 semester\n\u2022 Majors in Marketing or similar degree programs strongly preferred\n\u2022 3.0 GPA+ preferred\n\nClearance\n\u2022 Must be interested in and eligible to obtain a Top Secret US Government Clearance\n\u2022 Candidates with an existing clearance preferred\n\u2022 A candidate must be a US Citizen and requires interest in and eligibility to obtain a Top Secret US Government Clearance.\n\nEqual Opportunity Employer \/ Individuals with Disabilities \/ Protected Veterans","job_is_remote":false,"job_posted_at":"27 days ago","job_posted_at_timestamp":1760486400,"job_posted_at_datetime_utc":"2025-10-15T00:00:00.000Z","job_location":"Arlington, VA","job_city":"Arlington","job_state":"Virginia","job_country":"US","job_latitude":38.8816208,"job_longitude":-77.09098089999999,"job_benefits":null,"job_google_link":"https:\/\/www.google.com\/search?q=jobs&gl=us&hl=en&udm=8#vhid=vt%3D20\/docid%3D-eM3vDYGQRPxkOYbAAAAAA%3D%3D&vssid=jobs-detail-viewer","job_salary":null,"job_min_salary":null,"job_max_salary":null,"job_salary_period":null,"job_highlights":{"Qualifications":["Experience with the creation of written, video, and image content for marketing or promotional purposes","Social Media experience across multiple sites and applications, including 'power-user' actions like properly configuring privacy settings","Demonstrated ability to learn quickly, complete tasks independently and creatively, and adapt to new technologies and tools","Must be a currently enrolled full-time college student, at least returning for the Fall 2026 semester","Must be interested in and eligible to obtain a Top Secret US Government Clearance","A candidate must be a US Citizen and requires interest in and eligibility to obtain a Top Secret US Government Clearance"],"Responsibilities":["As a Digital Marketing\/Social Media Manager Summer Intern, a typical day will include the following duties:","Create high-quality content, including text, images, and videos, for various social media platforms (e.g., Instagram, Facebook, X (Twitter), LinkedIn)","Manage and monitor our social media channels, responding to comments and messages in a timely and professional manner","Analyze social media metrics to track performance and identify areas for improvement","Collaborate with other team members and Company Leadership to ensure consistent branding and messaging across all channels","Stay up-to-date with the latest social media trends and industry best practices","Participate in special projects as required"]},"job_onet_soc":"15119900","job_onet_job_zone":"4"},{"job_id":"rg8umnUmtLXit7Y7AAAAAA==","job_title":"Social Media Manager","employer_name":"Jtm Digital","employer_logo":null,"employer_website":"https:\/\/www.jtmdigital.com","job_publisher":"KSNT Jobs","job_employment_type":"Full-time","job_employment_types":["FULLTIME"],"job_apply_link":"https:\/\/jobs.ksnt.com\/jobs\/social-media-manager-rockville-maryland\/2436097409-2\/?utm_campaign=google_jobs_apply&utm_source=google_jobs_apply&utm_medium=organic","job_apply_is_direct":false,"apply_options":[{"publisher":"KSNT Jobs","apply_link":"https:\/\/jobs.ksnt.com\/jobs\/social-media-manager-rockville-maryland\/2436097409-2\/?utm_campaign=google_jobs_apply&utm_source=google_jobs_apply&utm_medium=organic","is_direct":false},{"publisher":"Dockapp.beer","apply_link":"https:\/\/dockapp.beer\/tutorials\/G5aNxX6fFfQ4rUPJ?utm_campaign=google_jobs_apply&utm_source=google_jobs_apply&utm_medium=organic","is_direct":false},{"publisher":"WhatJobs","apply_link":"https:\/\/www.whatjobs.com\/jobs\/social-media-manager?id=2237000405&utm_campaign=google_jobs_apply&utm_source=google_jobs_apply&utm_medium=organic","is_direct":false},{"publisher":"Opentop.forum","apply_link":"https:\/\/opentop.forum\/files\/7-JPd03RnyQndwP7?utm_campaign=google_jobs_apply&utm_source=google_jobs_apply&utm_medium=organic","is_direct":false},{"publisher":"Nexxt","apply_link":"https:\/\/www.nexxt.com\/jobs\/social-media-manager-rockville-md-2972832181-job.html?utm_campaign=google_jobs_apply&utm_source=google_jobs_apply&utm_medium=organic","is_direct":false},{"publisher":"BeBee","apply_link":"https:\/\/us.bebee.com\/job\/ebaa5a765c40d0ef8e08b2ad60d38fd7?utm_campaign=google_jobs_apply&utm_source=google_jobs_apply&utm_medium=organic","is_direct":false},{"publisher":"Meetfot.life","apply_link":"https:\/\/meetfot.life\/news\/L4fmEpqV0lOJrJ_r?utm_campaign=google_jobs_apply&utm_source=google_jobs_apply&utm_medium=organic","is_direct":false},{"publisher":"Purgersguiltilysubheroes.com","apply_link":"https:\/\/purgersguiltilysubheroes.com\/users\/NYlhhJo3xMI2bqfv?utm_campaign=google_jobs_apply&utm_source=google_jobs_apply&utm_medium=organic","is_direct":false}],"job_description":"Join JTM Digital, as a Social Media Manager! Lead a creative team, develop and execute innovative social strategies, and manage client accounts across multiple platforms.\n\nFull Time Apply to this position\n\nPlease let Agency know that you found this position on Jobs as a way to support us, so we can keep posting.\n\nJob Summary:\nJTM Digital, a leading digital marketing agency based in Rockville, Maryland, is looking for a skilled and experienced Social Media Manager to lead our social media team. As a Social Media Manager, you will create and execute strategic social media plans for our clients, oversee account management, and optimize performance through data-driven insights. The ideal candidate will have a proven track record of successful campaigns, exceptional leadership skills, and the ability to inspire a team.\n\nKey Responsibilities:\n? Develop and implement innovative social media strategies that align with client goals\n? Manage social media accounts across platforms (Facebook, Twitter, Instagram, LinkedIn, TikTok)\n? Create and curate engaging, on-brand content, including posts, graphics, and videos\n? Schedule posts using management tools and engage with audiences through comments and messages\n? Analyze metrics (e.g., engagement, conversion rates) and refine strategies to boost performance\n? Stay updated on social media trends and guide the team on best practices\n? Lead and mentor a team of social media specialists, providing support and feedback\n? Collaborate with internal teams to ensure social media efforts align with broader marketing strategies\n\nRequirements:\n? Bachelor's degree in Marketing, Communications, or related field\n? 3-5 years of experience in social media management with demonstrated campaign success\n? Strong knowledge of social platforms and tools (e.g., Hootsuite, Sprout Social, Buffer)\n? Excellent writing, communication, and organizational skills\n? Experience with social media analytics and reporting\n? Ability to lead a team and manage multiple projects simultaneously\n? Strong attention to detail and creative thinking\n\nPreferred Skills:\n? Graphic design or video editing experience\n? Knowledge of paid social media advertising\n? Familiarity with influencer marketing\n? Passion for food and\/or photography\n\nBenefits:\n? Competitive salary and growth opportunities\n? Access to training and development programs\n? Collaborative, creative work environment\n? Exposure to diverse marketing projects and career advancement opportunities\n\nJob Type:\n? Full-time (40 hours\/week)\n? Hybrid: At least 4 days in-office (Rockville, MD)\n\nIf youre ready to lead a creative team and drive social media success, send your resume and a brief introduction to admin@ . Were excited to meet you!\n\nNote: JTM Digital is an E-Verify company and requires applicants to provide work authorization documentation. A background check will be conducted after a job offer. #J-18808-Ljbffr","job_is_remote":false,"job_posted_at":"12 days ago","job_posted_at_timestamp":1761782400,"job_posted_at_datetime_utc":"2025-10-30T00:00:00.000Z","job_location":"Rockville, MD","job_city":"Rockville","job_state":"Maryland","job_country":"US","job_latitude":39.0839973,"job_longitude":-77.1527578,"job_benefits":null,"job_google_link":"https:\/\/www.google.com\/search?q=jobs&gl=us&hl=en&udm=8#vhid=vt%3D20\/docid%3Drg8umnUmtLXit7Y7AAAAAA%3D%3D&vssid=jobs-detail-viewer","job_salary":null,"job_min_salary":null,"job_max_salary":null,"job_salary_period":null,"job_highlights":{"Qualifications":["The ideal candidate will have a proven track record of successful campaigns, exceptional leadership skills, and the ability to inspire a team","Bachelor's degree in Marketing, Communications, or related field","3-5 years of experience in social media management with demonstrated campaign success","Strong knowledge of social platforms and tools (e.g., Hootsuite, Sprout Social, Buffer)","Excellent writing, communication, and organizational skills","Experience with social media analytics and reporting","Ability to lead a team and manage multiple projects simultaneously","Strong attention to detail and creative thinking","Graphic design or video editing experience","Knowledge of paid social media advertising","Familiarity with influencer marketing","Passion for food and\/or photography","If youre ready to lead a creative team and drive social media success, send your resume and a brief introduction to admin@ "],"Benefits":["Competitive salary and growth opportunities","Access to training and development programs","Collaborative, creative work environment","Exposure to diverse marketing projects and career advancement opportunities"],"Responsibilities":["Lead a creative team, develop and execute innovative social strategies, and manage client accounts across multiple platforms","As a Social Media Manager, you will create and execute strategic social media plans for our clients, oversee account management, and optimize performance through data-driven insights","Develop and implement innovative social media strategies that align with client goals","Manage social media accounts across platforms (Facebook, Twitter, Instagram, LinkedIn, TikTok)","Create and curate engaging, on-brand content, including posts, graphics, and videos","Schedule posts using management tools and engage with audiences through comments and messages","Analyze metrics (e.g., engagement, conversion rates) and refine strategies to boost performance","Stay updated on social media trends and guide the team on best practices","Lead and mentor a team of social media specialists, providing support and feedback","Collaborate with internal teams to ensure social media efforts align with broader marketing strategies"]},"job_onet_soc":"15119900","job_onet_job_zone":"4"},{"job_id":"R5y-sAf9IIs-hnCDAAAAAA==","job_title":"Paid Media Manager","employer_name":"Narrative Strategies","employer_logo":"https:\/\/encrypted-tbn0.gstatic.com\/images?q=tbn:ANd9GcT_JEBDiWaIb3R3_D-B4xvWHi9xbnCP5sg8JQ7R&s=0","employer_website":"https:\/\/narrativestrategies.com","job_publisher":"LinkedIn","job_employment_type":"Full-time","job_employment_types":["FULLTIME"],"job_apply_link":"https:\/\/www.linkedin.com\/jobs\/view\/paid-media-manager-at-narrative-strategies-4308994089?utm_campaign=google_jobs_apply&utm_source=google_jobs_apply&utm_medium=organic","job_apply_is_direct":false,"apply_options":[{"publisher":"LinkedIn","apply_link":"https:\/\/www.linkedin.com\/jobs\/view\/paid-media-manager-at-narrative-strategies-4308994089?utm_campaign=google_jobs_apply&utm_source=google_jobs_apply&utm_medium=organic","is_direct":false},{"publisher":"SalesJobs.com","apply_link":"https:\/\/www.salesjobs.com\/sales-job\/51010211?utm_campaign=google_jobs_apply&utm_source=google_jobs_apply&utm_medium=organic","is_direct":false},{"publisher":"GrabJobs","apply_link":"https:\/\/grabjobs.co\/us\/job\/full-time\/others\/paid-media-manager-148482645?utm_campaign=google_jobs_apply&utm_source=google_jobs_apply&utm_medium=organic","is_direct":false},{"publisher":"BeBee","apply_link":"https:\/\/us.bebee.com\/job\/31fd51d4c1fd4fb12be97296244f4d48?utm_campaign=google_jobs_apply&utm_source=google_jobs_apply&utm_medium=organic","is_direct":false},{"publisher":"Adzuna","apply_link":"https:\/\/www.adzuna.com\/details\/5417799153?utm_campaign=google_jobs_apply&utm_source=google_jobs_apply&utm_medium=organic","is_direct":false},{"publisher":"WhatJobs","apply_link":"https:\/\/www.whatjobs.com\/jobs\/staffing-solutions?id=2236946872&utm_campaign=google_jobs_apply&utm_source=google_jobs_apply&utm_medium=organic","is_direct":false},{"publisher":"Talent.com","apply_link":"https:\/\/www.talent.com\/view?id=ca4f75c567b5&utm_campaign=google_jobs_apply&utm_source=google_jobs_apply&utm_medium=organic","is_direct":false},{"publisher":"Jobrapido","apply_link":"https:\/\/us.jobrapido.com\/jobpreview\/2155081430114238464?utm_campaign=google_jobs_apply&utm_source=google_jobs_apply&utm_medium=organic","is_direct":true}],"job_description":"About the role:\n\nNarrative seeks a Paid Media Manager to join our energetic team of strategic communications and public affairs professionals. Paid Media Managers lead the strategic and operational execution of multi-channel advertising campaigns, serving as the day-to-day connective tissue between account teams, creative, and media partners. The Manager ensures that campaigns are delivered on time, on budget, and with measurable impact.\n\nThis mid-level role typically requires 2\u20134 years of hands-on experience planning, managing, and reporting on paid media. The Paid Media Manager will work across multiple tactics and platforms\u2014including programmatic display, paid social (LinkedIn, Meta, Twitter\/X, YouTube), and other digital channels\u2014while also supporting out-of-home and broadcast buys where needed.\n\nAbout the ideal candidate:\n\nThe ideal candidate thrives in a fast-paced environment, has a sharp eye for detail, communicates clearly, and brings both discipline and creativity to campaign execution. They are expected to manage timelines and assets while staying up to date on the latest digital trends and platform best practices. Experience in public affairs or political campaigns is a plus.\n\nTypical responsibilities include:\n\u2022 Develop media plans and budgets that align campaign goals, audience priorities, timelines, and resources\n\u2022 Launch and traffic campaigns in coordination with media partners, ensuring on-time delivery and alignment with budgets\n\u2022 Monitor pacing and performance across all channels, making in-flight adjustments to optimize results\n\u2022 Produce timely performance reports with data-driven insights to inform optimizations and future strategy\n\u2022 Serve as the day-to-day contact for internal teams, clients, and media partners\n\u2022 Support staff and maintain best practices in process, reporting, and documentation\n\u2022 Leverage paid expertise to support Narrative\u2019s internal marketing and business development efforts\n\u2022 Stay current on platform trends, policy changes, and tools that impact campaign performance\n\u2022 About Narrative:\n\nNarrative is a strategic communications firm solving today\u2019s most demanding reputational and public affairs challenges. We leverage best practices in business, politics, and journalism to manage multi-faceted communications campaigns. Narrative\u2019s differentiating strength is its team and culture. Our bipartisan team of professionals operates in a highly collaborative environment where we support and value our clients and each other.\n\nThat commitment is reflected in Narrative, having been recognized four years in a row as one of PR Week\u2019s Best Places to Work and as one of PRNews Agency Elite Top 100. Narrative offers a competitive 401k matching program and work-from-home flexibility on Fridays and around major holidays.","job_is_remote":false,"job_posted_at":null,"job_posted_at_timestamp":null,"job_posted_at_datetime_utc":null,"job_location":"Washington, DC","job_city":"Washington","job_state":"District of Columbia","job_country":"US","job_latitude":38.9071923,"job_longitude":-77.0368707,"job_benefits":["paid_time_off"],"job_google_link":"https:\/\/www.google.com\/search?q=jobs&gl=us&hl=en&udm=8#vhid=vt%3D20\/docid%3DR5y-sAf9IIs-hnCDAAAAAA%3D%3D&vssid=jobs-detail-viewer","job_salary":null,"job_min_salary":null,"job_max_salary":null,"job_salary_period":null,"job_highlights":{"Benefits":["Narrative offers a competitive 401k matching program and work-from-home flexibility on Fridays and around major holidays"],"Responsibilities":["Narrative seeks a Paid Media Manager to join our energetic team of strategic communications and public affairs professionals","Paid Media Managers lead the strategic and operational execution of multi-channel advertising campaigns, serving as the day-to-day connective tissue between account teams, creative, and media partners","The Manager ensures that campaigns are delivered on time, on budget, and with measurable impact","This mid-level role typically requires 2\u20134 years of hands-on experience planning, managing, and reporting on paid media","The Paid Media Manager will work across multiple tactics and platforms\u2014including programmatic display, paid social (LinkedIn, Meta, Twitter\/X, YouTube), and other digital channels\u2014while also supporting out-of-home and broadcast buys where needed","The ideal candidate thrives in a fast-paced environment, has a sharp eye for detail, communicates clearly, and brings both discipline and creativity to campaign execution","They are expected to manage timelines and assets while staying up to date on the latest digital trends and platform best practices","Develop media plans and budgets that align campaign goals, audience priorities, timelines, and resources","Launch and traffic campaigns in coordination with media partners, ensuring on-time delivery and alignment with budgets","Monitor pacing and performance across all channels, making in-flight adjustments to optimize results","Produce timely performance reports with data-driven insights to inform optimizations and future strategy","Serve as the day-to-day contact for internal teams, clients, and media partners","Support staff and maintain best practices in process, reporting, and documentation","Leverage paid expertise to support Narrative\u2019s internal marketing and business development efforts","Stay current on platform trends, policy changes, and tools that impact campaign performance"]},"job_onet_soc":"11201100","job_onet_job_zone":"4"},{"job_id":"rjQ1pT8gFO85eBrEAAAAAA==","job_title":"Region Social Media Marketing Manager","employer_name":"American Heart Association","employer_logo":"https:\/\/encrypted-tbn0.gstatic.com\/images?q=tbn:ANd9GcSWApNfyha6j347eAEuMU6xbu8wRxa6A8sfuC3e&s=0","employer_website":"https:\/\/www.heart.org","job_publisher":"Indeed","job_employment_type":"Full-time","job_employment_types":["FULLTIME"],"job_apply_link":"https:\/\/www.indeed.com\/viewjob?jk=0736b2649cf1508b&utm_campaign=google_jobs_apply&utm_source=google_jobs_apply&utm_medium=organic","job_apply_is_direct":false,"apply_options":[{"publisher":"Indeed","apply_link":"https:\/\/www.indeed.com\/viewjob?jk=0736b2649cf1508b&utm_campaign=google_jobs_apply&utm_source=google_jobs_apply&utm_medium=organic","is_direct":false},{"publisher":"Monster","apply_link":"https:\/\/www.monster.com\/job-openings\/region-social-media-marketing-manager-columbia-md--5bc7adb0-a505-4b25-a4c6-5d070a294d1b?utm_campaign=google_jobs_apply&utm_source=google_jobs_apply&utm_medium=organic","is_direct":false},{"publisher":"ZipRecruiter","apply_link":"https:\/\/www.ziprecruiter.com\/c\/American-Heart-Association\/Job\/Region-Social-Media-Marketing-Manager\/-in-Columbia,MD?jid=86add5e518cd9ea9&utm_campaign=google_jobs_apply&utm_source=google_jobs_apply&utm_medium=organic","is_direct":false},{"publisher":"Glassdoor","apply_link":"https:\/\/www.glassdoor.com\/job-listing\/region-social-media-marketing-manager-american-heart-association-JV_IC1153546_KO0,37_KE38,64.htm?jl=1009907187482&utm_campaign=google_jobs_apply&utm_source=google_jobs_apply&utm_medium=organic","is_direct":false},{"publisher":"American Heart Association - ICIMS","apply_link":"https:\/\/careers-heart.icims.com\/jobs\/16380\/region-social-media-marketing-manager\/job?utm_campaign=google_jobs_apply&utm_source=google_jobs_apply&utm_medium=organic","is_direct":true},{"publisher":"LinkedIn","apply_link":"https:\/\/www.linkedin.com\/jobs\/view\/region-social-media-marketing-manager-at-american-heart-association-4314839154?utm_campaign=google_jobs_apply&utm_source=google_jobs_apply&utm_medium=organic","is_direct":false},{"publisher":"RetirementJobs","apply_link":"https:\/\/search.retirementjobs.com\/job\/region-social-media-marketing-manager-columbia-maryland-28947169?utm_campaign=google_jobs_apply&utm_source=google_jobs_apply&utm_medium=organic","is_direct":false},{"publisher":"SimplyHired","apply_link":"https:\/\/www.simplyhired.com\/job\/iCXBby_7QO4o2rKV9tGzLPJtyYjZez7kK1_d1YWpC9-slxynXReI_g?utm_campaign=google_jobs_apply&utm_source=google_jobs_apply&utm_medium=organic","is_direct":false}],"job_description":"Overview\n\nSince our founding in 1924, we've cut cardiovascular disease deaths in half, but there is still so much more to do. To overcome today\u2019s biggest health challenges and accelerate this progress, we need passionate individuals like you. Join our movement, be part of the progress, and help ensure a healthier future for all. You matter, and so does the impact you can make with us.\n\nThe American Heart Association is offering a great opportunity for a Digital and Social Media Manager in Howard County, Maryland . MUST be based in Howard County, MD , with no exceptions. This role will be mostly remote, home-based, with some flexibility for occasional local travel. It is a grant-funded position with a budget through June 30, 2031.\n\nIn this role, you will be responsible for developing digital and social media strategies and materials. Using social media to expand the reach and awareness of the mission. In addition to managing and enhancing social media platforms to engage the community and further promote the American Heart Association's programs and activities.\n\nThe Association offers many resources to help you maintain work-life harmonization through your changing needs and life situations. To help you be successful, you will have access to Heart U, our award-winning corporate university, as well as additional training and support, locally.\n\n\\#TheAHALife is more than a company culture; it is our way of life. It embodies our commitment to work-life harmonization and is guided by our core values where our employees can thrive both personally and professionally. Discover why you will Be Seen. Be Heard. Be Valued at the American Heart Association by following us on LinkedIn, Instagram, Facebook, X, and at heart.jobs.\n\nResponsibilities\n\nReporting to the Region Social Media Marketing Director, provides strategic plans and materials for digital and social media posts that effectively increase our outreach and engagement. The digital and social media manager will also work with local markets to assist in social media sponsorship opportunities.\n\nResponsibilities:\n\nSocial media management & revenue support\n\nUnder the guidance of the region's social media marketing director, assist the region's communications team with social media event assets, including promotion, chair\/program announcements, and sponsor activations. Manage assigned pieces of Eastern States social media channels, including covering markets during vacancies. Using Sprinklr, schedule and post for assigned campaigns, monitor comments, and channel engagement. Curate social media content based on Sprinklr Asset Manager and national\/regional templates; utilize Canva to update templates for local use or create new content where gaps exist. Ensure that local videos are closed captioned before publishing. Review posts and staff partner requests for posts to ensure compliance with branding and Unrelated Business Income Tax (UBIT) rules. Assist with social media activations for regional revenue-generating campaigns (Life Is Why, corporate relations, direct response, etc.)\n\nWebsite and Intranet Maintenance\n\nWork with local and national staff to update heart.org market\/state pages. Assist the comms team with the Eastern States (ES) blog, including creating posts\/pages when needed; stay up to date on the latest WordPress updates. Update regional SharePoint pages with the latest content, news, and resources as needed. Review pages to ensure current and relevant content.\n\nEastern States Communications Team Support\/Market Support\n\nManage ES communications goal tracking and Sprinklr reporting. Assist with ongoing and urgent requests for information gathering for National Initiatives (such as Anchors Go Red photos and local photo releases). Lead and manage the ES press release process and upload images\/releases to the ES Regional Newsroom in a timely manner. Track translated press releases. Under the guidance of the Communications VP\/RVP, assist markets with social media (organic content, market-specific, event-specific, and sponsor activations, etc.) during vacancies and as needed. Support the region MarComm efforts, including assisting with meetings and events, internal communication efforts (Scientific Sessions, International Stroke Conference, year-end celebration, etc.), and other duties\/special projects as assigned.\n\nQualifications\n\nWant to help boost your resume to the top? Check out the experience we require:\n\u2022 University\/College degree in Marketing, Communications, related area, or equivalent experience, preferred.\n\u2022 2 years of relevant experience in marketing, communications, or other related experience\n\u2022 Minimum of two (2) years of professional experience in:\n\u2022 design and delivery of email and print marketing\n\u2022 social media marketing including X, Facebook, Instagram, and YouTube\n\u2022 multimedia\/video marketing\n\u2022 Strong knowledge of MS Office products (Word, Excel, PowerPoint, Outlook, and design tools such as Canva, Adobe Suite, or similar.\n\u2022 Experience with social media marketing tools, such as Sprinklr or similar.\n\u2022 Ability to work independently and within a team environment with excellent time and project management skills.\n\u2022 Excellent verbal and written communication skills.\n\u2022 Ability to do local travel, requires access to reliable transportation at all times, on an immediate basis.\n\nCompensation & Benefits\n\nThe minimum salary to the midpoint of the range is $51,700 to $64,700. Pay is commensurate with experience; geographic differentials to the pay range may apply. The American Heart Association reserves the right to pay more or less than the posted range.\n\nThe American Heart Association invests in its people. Here are the main components of our total rewards package. Visit Rewards & Benefits to see more details.\n\u2022 Compensation \u2013 Our goal is to ensure you have a competitive base salary. That\u2019s why we regularly review the market value of jobs and make adjustments, as needed.\n\u2022 Performance and Recognition \u2013 You are rewarded for achieving success through annual salary planning and incentive programs; eligibility for an incentive program is based on the type of position.\n\u2022 Benefits \u2013 We offer a wide array of benefits, including medical, dental, vision, disability, and life insurance, along with a robust retirement program that includes an employer match and automatic contribution. As a mark of our commitment to employee well-being, we also offer an employee assistance program, employee wellness program and telemedicine, and medical consultation.\n\u2022 Professional Development \u2013 You can join one of our many Employee Resource Groups (ERG) or be a mentor\/mentee in our professional mentoring program. HeartU is the Association\u2019s national online university, with more than 100,000 resources designed to meet your needs and busy schedule.\n\u2022 Work-Life Harmonization \u2013 The Association offers Paid Time Off (PTO) at a minimum of 16 days per year for new employees. The number of days will increase based on seniority level. You will also have a total of 12 paid holidays off each year, which includes several days off at the end of the year.\n\u2022 Tuition Assistance - We support the career development of all employees. This program provides financial assistance to employees who wish to further their education and career in relation to their current duties and responsibilities, or for potential future positions in the organization.\n\nThe American Heart Association\u2019s 2028 Goal: Building on over 100 years of trusted leadership in cardiovascular and brain health, by 2028 the Association will drive breakthroughs and implement proven solutions in science, policy, and care for healthier people and communities. The greatest discoveries in health must reach everyone where they are.\n\nAt American Heart Association | American Stroke Association, our mission is to be a relentless force for a world of longer, healthier lives, regardless of race, ethnicity, gender, gender identity, religion, age, language, sexual orientation, national origin and physical or cognitive abilities.\n\nThis position not a match with your skills? Click here to see other opportunities.\n\nIn accordance with local and state laws where applicable, qualified applicants with arrest or conviction records will be considered for employment.\n\nEOE\/Protected Veterans\/Persons with Disabilities\n\n\\#AHAIND2, #LI-Hybrid\n\nJoin our Talent Community!\n\nJoin our Talent Community to receive updates on new opportunities and future events.\n\nDefault: Location : Location US-MD-Columbia\n\nPosted Date 3 weeks ago (10\/14\/2025 12:29 PM)\n\nRequisition ID 2025-16380\n\nJob Category Marketing, Communications & Public Relations\n\nPosition Type Full Time","job_is_remote":false,"job_posted_at":"28 days ago","job_posted_at_timestamp":1760400000,"job_posted_at_datetime_utc":"2025-10-14T00:00:00.000Z","job_location":"Columbia, MD","job_city":"Columbia","job_state":"Maryland","job_country":"US","job_latitude":39.203714399999996,"job_longitude":-76.86104619999999,"job_benefits":["dental_coverage","paid_time_off","health_insurance"],"job_google_link":"https:\/\/www.google.com\/search?q=jobs&gl=us&hl=en&udm=8#vhid=vt%3D20\/docid%3DrjQ1pT8gFO85eBrEAAAAAA%3D%3D&vssid=jobs-detail-viewer","job_min_salary":51700,"job_max_salary":64700,"job_salary_period":"YEAR","job_highlights":{"Qualifications":["2 years of relevant experience in marketing, communications, or other related experience","Minimum of two (2) years of professional experience in:","design and delivery of email and print marketing","social media marketing including X, Facebook, Instagram, and YouTube","multimedia\/video marketing","Strong knowledge of MS Office products (Word, Excel, PowerPoint, Outlook, and design tools such as Canva, Adobe Suite, or similar","Experience with social media marketing tools, such as Sprinklr or similar","Ability to work independently and within a team environment with excellent time and project management skills","Excellent verbal and written communication skills","Ability to do local travel, requires access to reliable transportation at all times, on an immediate basis"],"Benefits":["Compensation & Benefits","The minimum salary to the midpoint of the range is $51,700 to $64,700","Pay is commensurate with experience; geographic differentials to the pay range may apply","The American Heart Association reserves the right to pay more or less than the posted range","Visit Rewards & Benefits to see more details","Compensation \u2013 Our goal is to ensure you have a competitive base salary","Performance and Recognition \u2013 You are rewarded for achieving success through annual salary planning and incentive programs; eligibility for an incentive program is based on the type of position","Benefits \u2013 We offer a wide array of benefits, including medical, dental, vision, disability, and life insurance, along with a robust retirement program that includes an employer match and automatic contribution","As a mark of our commitment to employee well-being, we also offer an employee assistance program, employee wellness program and telemedicine, and medical consultation","Professional Development \u2013 You can join one of our many Employee Resource Groups (ERG) or be a mentor\/mentee in our professional mentoring program","Work-Life Harmonization \u2013 The Association offers Paid Time Off (PTO) at a minimum of 16 days per year for new employees","The number of days will increase based on seniority level","You will also have a total of 12 paid holidays off each year, which includes several days off at the end of the year","Tuition Assistance - We support the career development of all employees","This program provides financial assistance to employees who wish to further their education and career in relation to their current duties and responsibilities, or for potential future positions in the organization"],"Responsibilities":["This role will be mostly remote, home-based, with some flexibility for occasional local travel","It is a grant-funded position with a budget through June 30, 2031","In this role, you will be responsible for developing digital and social media strategies and materials","Using social media to expand the reach and awareness of the mission","In addition to managing and enhancing social media platforms to engage the community and further promote the American Heart Association's programs and activities","Reporting to the Region Social Media Marketing Director, provides strategic plans and materials for digital and social media posts that effectively increase our outreach and engagement","The digital and social media manager will also work with local markets to assist in social media sponsorship opportunities","Social media management & revenue support","Under the guidance of the region's social media marketing director, assist the region's communications team with social media event assets, including promotion, chair\/program announcements, and sponsor activations","Manage assigned pieces of Eastern States social media channels, including covering markets during vacancies","Using Sprinklr, schedule and post for assigned campaigns, monitor comments, and channel engagement","Curate social media content based on Sprinklr Asset Manager and national\/regional templates; utilize Canva to update templates for local use or create new content where gaps exist","Ensure that local videos are closed captioned before publishing","Review posts and staff partner requests for posts to ensure compliance with branding and Unrelated Business Income Tax (UBIT) rules","Assist with social media activations for regional revenue-generating campaigns (Life Is Why, corporate relations, direct response, etc.)","Website and Intranet Maintenance","Work with local and national staff to update heart.org market\/state pages","Assist the comms team with the Eastern States (ES) blog, including creating posts\/pages when needed; stay up to date on the latest WordPress updates","Update regional SharePoint pages with the latest content, news, and resources as needed","Review pages to ensure current and relevant content","Eastern States Communications Team Support\/Market Support","Manage ES communications goal tracking and Sprinklr reporting","Assist with ongoing and urgent requests for information gathering for National Initiatives (such as Anchors Go Red photos and local photo releases)","Lead and manage the ES press release process and upload images\/releases to the ES Regional Newsroom in a timely manner","Track translated press releases","Under the guidance of the Communications VP\/RVP, assist markets with social media (organic content, market-specific, event-specific, and sponsor activations, etc.) during vacancies and as needed","Support the region MarComm efforts, including assisting with meetings and events, internal communication efforts (Scientific Sessions, International Stroke Conference, year-end celebration, etc.), and other duties\/special projects as assigned"]},"job_onet_soc":"11201100","job_onet_job_zone":"4"}]}