{"status":"OK","request_id":"02d84449-5cc0-42c6-9456-afead0c80b0d","parameters":{"query":"Digital Marketing Specialist","page":1,"num_pages":1,"country":"us","language":"en"},"data":[{"job_id":"FQiei0aenFSkauVAAAAAAA==","job_title":"Digital Marketing Specialist","employer_name":"HH Red Stone Properties","employer_logo":"https:\/\/encrypted-tbn0.gstatic.com\/images?q=tbn:ANd9GcQ60LSKrIZmli8SdRrt2sdB8zEUQq1Sn9khNkrA&s=0","employer_website":"https:\/\/hhredstone.com","job_publisher":"LinkedIn","job_employment_type":"Full-time","job_employment_types":["FULLTIME"],"job_apply_link":"https:\/\/www.linkedin.com\/jobs\/view\/digital-marketing-specialist-at-hh-red-stone-properties-4316165104?utm_campaign=google_jobs_apply&utm_source=google_jobs_apply&utm_medium=organic","job_apply_is_direct":false,"apply_options":[{"publisher":"LinkedIn","apply_link":"https:\/\/www.linkedin.com\/jobs\/view\/digital-marketing-specialist-at-hh-red-stone-properties-4316165104?utm_campaign=google_jobs_apply&utm_source=google_jobs_apply&utm_medium=organic","is_direct":false},{"publisher":"Jobs Trabajo.org","apply_link":"https:\/\/us.trabajo.org\/job-2611-797dacaf79f8b063a9950913d7fbce13?utm_campaign=google_jobs_apply&utm_source=google_jobs_apply&utm_medium=organic","is_direct":false}],"job_description":"About the Role\n\nJoin HH Red Stone, a fast-growing real estate management firm transforming how properties connect with residents, partners, and investors through digital innovation. We\u2019re seeking a creative and data-driven Digital Marketing Coordinator to elevate our online presence across property management and investment platforms.\n\nIn this role, you\u2019ll lead social media strategy, manage online brand content, and drive SEO and digital marketing initiatives that enhance visibility, engagement, and lead generation. It\u2019s an exciting opportunity for someone who thrives at the intersection of creativity and analytics \u2014 combining storytelling, brand strategy, and performance tracking to strengthen HH Red Stone\u2019s reputation across multiple markets.\n\nKey Responsibilities\n\nSocial Media Management\n\u2022 Develop and execute multi-platform social media strategies (LinkedIn, Instagram, Facebook, and emerging channels).\n\u2022 Create, schedule, and publish engaging content highlighting company culture, properties, events, and initiatives.\n\u2022 Partner with property teams to source high-quality content and maintain a consistent brand voice.\n\u2022 Monitor engagement metrics and optimize content for reach, relevance, and conversion.\n\nDigital & SEO Marketing\n\u2022 Manage and optimize website and landing page content for SEO performance.\n\u2022 Conduct keyword research and collaborate with IT to ensure SEO best practices are implemented.\n\u2022 Monitor Google Analytics and social insights to identify trends and actionable opportunities.\n\u2022 Support paid digital campaigns (Google Ads, Meta, LinkedIn) in partnership with vendors or internal teams.\n\nBrand & Communications Support\n\u2022 Ensure brand consistency across all platforms and marketing materials.\n\u2022 Collaborate with Business Development and Operations teams to support campaigns, press releases, and email marketing initiatives.\n\u2022 Assist with newsletters, blog articles, and event promotion.\n\u2022 Maintain the digital asset library (photos, videos, brand templates, etc.).\n\nQualifications\n\u2022 Bachelor\u2019s degree in Marketing, Communications, Digital Media, or related field.\n\u2022 2+ years of experience in digital marketing or social media (real estate experience a plus).\n\u2022 Strong understanding of SEO, Google Analytics, and social media analytics tools.\n\u2022 Proficiency with Canva, Adobe Creative Suite, or similar design tools.\n\u2022 Excellent writing, editing, and organizational skills.\n\u2022 Ability to work independently while collaborating across departments.\n\nWhy HH Red Stone\n\nJoin a growing property management company with a creative, fast-paced environment and a culture built on collaboration, performance, and innovation. You\u2019ll play a key role in shaping how our story is told across digital channels and help drive the continued growth of our national platform.","job_is_remote":false,"job_posted_at":"5 days ago","job_posted_at_timestamp":1762387200,"job_posted_at_datetime_utc":"2025-11-06T00:00:00.000Z","job_location":"Silver Spring, MD","job_city":"Silver Spring","job_state":"Maryland","job_country":"US","job_latitude":38.9960671,"job_longitude":-77.0280731,"job_benefits":null,"job_google_link":"https:\/\/www.google.com\/search?q=jobs&gl=us&hl=en&udm=8#vhid=vt%3D20\/docid%3DFQiei0aenFSkauVAAAAAAA%3D%3D&vssid=jobs-detail-viewer","job_salary":null,"job_min_salary":null,"job_max_salary":null,"job_salary_period":null,"job_highlights":{"Qualifications":["Bachelor\u2019s degree in Marketing, Communications, Digital Media, or related field","Strong understanding of SEO, Google Analytics, and social media analytics tools","Proficiency with Canva, Adobe Creative Suite, or similar design tools","Excellent writing, editing, and organizational skills","Ability to work independently while collaborating across departments"],"Benefits":["Maintain the digital asset library (photos, videos, brand templates, etc.)"],"Responsibilities":["In this role, you\u2019ll lead social media strategy, manage online brand content, and drive SEO and digital marketing initiatives that enhance visibility, engagement, and lead generation","It\u2019s an exciting opportunity for someone who thrives at the intersection of creativity and analytics \u2014 combining storytelling, brand strategy, and performance tracking to strengthen HH Red Stone\u2019s reputation across multiple markets","Social Media Management","Develop and execute multi-platform social media strategies (LinkedIn, Instagram, Facebook, and emerging channels)","Create, schedule, and publish engaging content highlighting company culture, properties, events, and initiatives","Partner with property teams to source high-quality content and maintain a consistent brand voice","Monitor engagement metrics and optimize content for reach, relevance, and conversion","Digital & SEO Marketing","Manage and optimize website and landing page content for SEO performance","Conduct keyword research and collaborate with IT to ensure SEO best practices are implemented","Monitor Google Analytics and social insights to identify trends and actionable opportunities","Support paid digital campaigns (Google Ads, Meta, LinkedIn) in partnership with vendors or internal teams","Brand & Communications Support","Ensure brand consistency across all platforms and marketing materials","Collaborate with Business Development and Operations teams to support campaigns, press releases, and email marketing initiatives","Assist with newsletters, blog articles, and event promotion"]},"job_onet_soc":"13116100","job_onet_job_zone":"4"},{"job_id":"khWvsYMNJPPcvd0mAAAAAA==","job_title":"Digital Marketing Specialist","employer_name":"Freseniusglobal","employer_logo":null,"employer_website":"https:\/\/www.fresenius.com","job_publisher":"ZipRecruiter","job_employment_type":"Full-time","job_employment_types":["FULLTIME"],"job_apply_link":"https:\/\/www.ziprecruiter.com\/c\/Fresenius-Kabi-USA,-LLC\/Job\/Digital-Marketing-Specialist\/-in-Washington,DC?jid=2f6ee8ced541a7cd&utm_campaign=google_jobs_apply&utm_source=google_jobs_apply&utm_medium=organic","job_apply_is_direct":true,"apply_options":[{"publisher":"ZipRecruiter","apply_link":"https:\/\/www.ziprecruiter.com\/c\/Fresenius-Kabi-USA,-LLC\/Job\/Digital-Marketing-Specialist\/-in-Washington,DC?jid=2f6ee8ced541a7cd&utm_campaign=google_jobs_apply&utm_source=google_jobs_apply&utm_medium=organic","is_direct":true},{"publisher":"Indeed","apply_link":"https:\/\/www.indeed.com\/viewjob?jk=4e4be22d629155e1&utm_campaign=google_jobs_apply&utm_source=google_jobs_apply&utm_medium=organic","is_direct":false},{"publisher":"Snagajob","apply_link":"https:\/\/www.snagajob.com\/jobs\/1171220557?utm_campaign=google_jobs_apply&utm_source=google_jobs_apply&utm_medium=organic","is_direct":false},{"publisher":"Jooble","apply_link":"https:\/\/jooble.org\/jdp\/-1474250453730069542?utm_campaign=google_jobs_apply&utm_source=google_jobs_apply&utm_medium=organic","is_direct":false},{"publisher":"JobzMall","apply_link":"https:\/\/www.jobzmall.com\/comcast-1\/job\/digital-marketing-specialist-562?utm_campaign=google_jobs_apply&utm_source=google_jobs_apply&utm_medium=organic","is_direct":true},{"publisher":"Ladders","apply_link":"https:\/\/www.theladders.com\/job-listing\/6077293221778440010\/digital-marketing-specialist.htm?utm_campaign=google_jobs_apply&utm_source=google_jobs_apply&utm_medium=organic","is_direct":false},{"publisher":"JobGet","apply_link":"https:\/\/www.jobget.com\/jobs\/job\/2b90cbc1-9542-4eaf-b40f-846a701653d9?utm_campaign=google_jobs_apply&utm_source=google_jobs_apply&utm_medium=organic","is_direct":false},{"publisher":"SimplyHired","apply_link":"https:\/\/www.simplyhired.com\/job\/GE3GLxeT5eINAKee42bKOc-FeA3fFyxxLBM-S-MdwMvfyWGTncnEBw?utm_campaign=google_jobs_apply&utm_source=google_jobs_apply&utm_medium=organic","is_direct":false}],"job_description":"Job Summary\n\nThe Digital Marketing Specialist - Cell & Gene Therapy (CGT) Technologies leads the development and execution of integrated digital marketing strategies that drive audience engagement, brand equity, and commercial success. This role partners with cross-functional teams and external agencies to deliver innovative, compliant, and personalized content across all digital channels, leveraging advanced analytics and industry best practices to optimize performance and achieve strategic business objectives.\n\u2022 Position may be worked remotely, with willingness and ability to travel to Lake Zurich, IL to engage with cross-functional teams.\n\nThis position is unable to offer sponsorship either now or in the future\n\nBase Salary Range: $80,000-85,000\nFinal pay determinations will depend on various factors, including, but not limited to experience level, education level, knowledge, skills, and abilities.\n\nResponsibilities\n\u2022 Design and execute integrated digital marketing campaigns to assist commercial business in the digital space.\n\u2022 Assist in the development of digital content for web, LinkedIn, email, and other digital channels to drive engagement.\n\u2022 Follow promotional review and approval processes, as well as distribution guidelines, to ensure efficiency and compliance across digital marketing activities.\n\u2022 Manage digital calendar and oversee execution of digital campaigns to ensure timely distribution aligned with key commercial milestones.\n\u2022 Collect performance analytics using analytics tools to measure effectiveness and reports insights to key stakeholders to support data-driven future optimization strategies.\n\u2022 Implement ongoing web optimization techniques to improve web performance.\n\nJob Requirements\n\u2022 Bachelor's degree required.\n\u2022 3+ years of digital marketing experience with a focus on digital campaign management, analytics, and optimization.\n\u2022 Knowledge of web analytics, such as SEO\/SEM, AEO, and GEO.\n\u2022 Experience with the following digital platforms: Adobe Experience Manager, Adobe Analytics, Salesforce Applications, and Veeva.\n\u2022 Proficient with Microsoft Office Suite of software.\n\u2022 Ability to travel up to 15 percent for customer engagements, team engagements, and conferences, as well as willingness and ability to travel to Lake Zurich, IL to engage with cross-functional teams\n\nAdditional Information\n\nWe offer an excellent salary and benefits package including medical, dental and vision coverage, as well as life insurance, disability,401K with company contribution, andwellness program.\n\nFresenius Kabi is an Equal Opportunity\/Affirmative Action employer. All qualified applicants will receive consideration for employment without regard to race, color, religion, sex, national origin, citizenship, immigration status, disabilities, or protected veteran status.","job_is_remote":false,"job_posted_at":null,"job_posted_at_timestamp":null,"job_posted_at_datetime_utc":null,"job_location":"Washington, DC","job_city":"Washington","job_state":"District of Columbia","job_country":"US","job_latitude":38.9071923,"job_longitude":-77.0368707,"job_benefits":["health_insurance","dental_coverage"],"job_google_link":"https:\/\/www.google.com\/search?q=jobs&gl=us&hl=en&udm=8#vhid=vt%3D20\/docid%3DkhWvsYMNJPPcvd0mAAAAAA%3D%3D&vssid=jobs-detail-viewer","job_min_salary":80000,"job_max_salary":85000,"job_salary_period":"YEAR","job_highlights":{"Qualifications":["Bachelor's degree required","3+ years of digital marketing experience with a focus on digital campaign management, analytics, and optimization","Knowledge of web analytics, such as SEO\/SEM, AEO, and GEO","Experience with the following digital platforms: Adobe Experience Manager, Adobe Analytics, Salesforce Applications, and Veeva","Proficient with Microsoft Office Suite of software","Ability to travel up to 15 percent for customer engagements, team engagements, and conferences, as well as willingness and ability to travel to Lake Zurich, IL to engage with cross-functional teams"],"Benefits":["Base Salary Range: $80,000-85,000","Final pay determinations will depend on various factors, including, but not limited to experience level, education level, knowledge, skills, and abilities","We offer an excellent salary and benefits package including medical, dental and vision coverage, as well as life insurance, disability,401K with company contribution, andwellness program"],"Responsibilities":["This role partners with cross-functional teams and external agencies to deliver innovative, compliant, and personalized content across all digital channels, leveraging advanced analytics and industry best practices to optimize performance and achieve strategic business objectives","Position may be worked remotely, with willingness and ability to travel to Lake Zurich, IL to engage with cross-functional teams","Design and execute integrated digital marketing campaigns to assist commercial business in the digital space","Assist in the development of digital content for web, LinkedIn, email, and other digital channels to drive engagement","Follow promotional review and approval processes, as well as distribution guidelines, to ensure efficiency and compliance across digital marketing activities","Manage digital calendar and oversee execution of digital campaigns to ensure timely distribution aligned with key commercial milestones","Collect performance analytics using analytics tools to measure effectiveness and reports insights to key stakeholders to support data-driven future optimization strategies","Implement ongoing web optimization techniques to improve web performance"]},"job_onet_soc":"13116100","job_onet_job_zone":"4"},{"job_id":"zANrRg4vDn68TY2wAAAAAA==","job_title":"Digital Marketing Specialist","employer_name":"Alarm.com","employer_logo":"https:\/\/encrypted-tbn0.gstatic.com\/images?q=tbn:ANd9GcRN8Ko30DRK1fLpOUdag9STrol8Stg3swLZiTYy&s=0","employer_website":"https:\/\/alarm.com","job_publisher":"Indeed","job_employment_type":"Full-time","job_employment_types":["FULLTIME"],"job_apply_link":"https:\/\/www.indeed.com\/viewjob?jk=591f5cd92c60ef10&utm_campaign=google_jobs_apply&utm_source=google_jobs_apply&utm_medium=organic","job_apply_is_direct":true,"apply_options":[{"publisher":"Indeed","apply_link":"https:\/\/www.indeed.com\/viewjob?jk=591f5cd92c60ef10&utm_campaign=google_jobs_apply&utm_source=google_jobs_apply&utm_medium=organic","is_direct":true},{"publisher":"Glassdoor","apply_link":"https:\/\/www.glassdoor.com\/job-listing\/digital-marketing-specialist-alarm-com-JV_IC3728413_KO0,28_KE29,38.htm?jl=1009758262094&utm_campaign=google_jobs_apply&utm_source=google_jobs_apply&utm_medium=organic","is_direct":true},{"publisher":"Built In","apply_link":"https:\/\/builtin.com\/job\/digital-marketing-specialist\/7467655?utm_campaign=google_jobs_apply&utm_source=google_jobs_apply&utm_medium=organic","is_direct":false},{"publisher":"Monster","apply_link":"https:\/\/www.monster.com\/job-openings\/digital-marketing-specialist-tysons-va--e72ee481-e57d-4bd4-b254-fb2969a23fb8?utm_campaign=google_jobs_apply&utm_source=google_jobs_apply&utm_medium=organic","is_direct":false},{"publisher":"LinkedIn","apply_link":"https:\/\/www.linkedin.com\/jobs\/view\/digital-marketing-specialist-at-alarm-com-4316704352?utm_campaign=google_jobs_apply&utm_source=google_jobs_apply&utm_medium=organic","is_direct":false},{"publisher":"Ladders","apply_link":"https:\/\/www.theladders.com\/job-listing\/-6030958663802048304\/digital-marketing-specialist.htm?utm_campaign=google_jobs_apply&utm_source=google_jobs_apply&utm_medium=organic","is_direct":false},{"publisher":"SimplyHired","apply_link":"https:\/\/www.simplyhired.com\/job\/MFdYybkChc1SWXVERUxvZfUy7mmr5SKSh_q8iIxtWceF8wmcmNI9Ew?utm_campaign=google_jobs_apply&utm_source=google_jobs_apply&utm_medium=organic","is_direct":false},{"publisher":"GrabJobs","apply_link":"https:\/\/grabjobs.co\/us\/job\/full-time\/others\/digital-marketing-specialist-142743066?utm_campaign=google_jobs_apply&utm_source=google_jobs_apply&utm_medium=organic","is_direct":false}],"job_description":"Alarm.com is seeking a dynamic and innovative Digital Marketing Specialist with proven experience in web content management, search engine optimization (SEO), and A\/B testing to drive high-impact digital marketing strategies. In this key role, you will combine creative and technical skills to support the Alarm.com Marketing Department by developing compelling, optimized content and closely analyzing performance data. You will evaluate content effectiveness through keyword rankings, organic traffic growth, conversion rates, and other SEO metrics, using insights to refine strategies and maximize online visibility and engagement.\n\nWhat You'll Do:\n\nWeb Content Management\n\u2022 Update and manage web content using CMS tools (e.g., WordPress, Craft).\n\u2022 Create, edit, and optimize content for web pages, ensuring alignment with brand guidelines and SEO best practices.\n\u2022 Collaborate with the marketing team to plan and implement content calendars.\n\u2022 Design and execute A\/B optimization tests to increase the effectiveness of various marketing strategies, landing pages, and user experiences.\n\u2022 Monitor and analyze content performance metrics to provide actionable insights that drive continuous improvement and higher conversion rates.\n\u2022 Utilize Google Analytics to track and report on site performance.\n\nSEO Programs\n\u2022 Conduct keyword research and implement on-page and off-page SEO strategies.\n\u2022 Perform ongoing keyword discovery and expansion.\n\u2022 Optimize website content and structure to improve visibility in AI-driven search results.\n\u2022 Utilize SEO tools such as Google Search Console, SEMrush, or Ahrefs to monitor and improve site performance.\n\nEmail Marketing\n\u2022 Collaborate with team to develop and implement targeted email marketing campaigns.\n\u2022 Monitor and analyze email campaign performance metrics, providing insights and recommendations to optimize future campaigns and improve engagement rates.\n\u2022 Other duties as assigned.\n\nWhat We're Looking For:\n\u2022 3+ years of experience in digital marketing, SEO, and content management.\n\u2022 Hands-on experience with SEO tools and A\/B testing platforms.\n\u2022 Excellent written and verbal communication skills.\n\u2022 Certifications in Google Analytics (Preferred).\n\u2022 Experience with project management tools like JIRA and Confluence.\n\u2022 Email marketing experience including creating campaigns, analyzing performance data, and optimizing strategies.\n\u2022 Knowledge of AI algorithms and tools to enhance search engine rankings preferred.\n\nPlease note that sponsorship of new applicants for employment authorization, or any other immigration-related support, is not available for this position at this time.\n\nWhy work for Alarm.com?\n\u2022 Collaborate with outstanding people: We hire only the best. Our standards are high and our employees enjoy working alongside other high achievers.\n\u2022 Make an immediate impact: New employees can expect to be given real responsibility for bringing new technologies to the marketplace. You are empowered to perform as soon as you join the Alarm.com team!\n\u2022 Gain well rounded experience: Alarm.com offers a diverse and dynamic environment where you will get the chance to work directly with executives and develop expertise across multiple areas of the business.\n\u2022 Focus on fun: Alarm.com places high value on our team culture. We even have a committee dedicated to hosting a stand-out holiday party, happy hours, and other fun corporate events.\n\u2022 Alarm.com values working together and collaborating in person. Our employees work from the office 4 days a week.\n\nCOMPANY INFO\n\nAlarm.com is the leading cloud-based platform for smart security and the Internet of Things. More than 7.6 million home and business owners depend on our solutions every day to make their properties safer, smarter, and more efficient. And every day, we're innovating new technologies in rapidly evolving spaces including AI, video analytics, facial recognition, machine learning, energy analytics, and more. We're seeking those who are passionate about creating change through technology and who want to make a lasting impact on the world around them.\n\nFor more information, please visit www.alarm.com.\n\nCOMPANY BENEFITS\n\nAlarm.com offers competitive pay and benefits inclusive of subsidized medical plan options, an HSA with generous company contribution, a 401(k) with employer match, and paid holidays, wellness time, and vacation increasing with tenure. Paid maternity and bonding leave, company-paid disability and life insurance, FSAs, well-being resources and activities, and a casual dress work environment are also part of our outstanding total rewards package!\n\nAlarm.com is an Equal Opportunity Employer\n\nIn connection with your application, we collect information that identifies, reasonably relates to or describes you (\"Personal Information\"). The categories of Personal Information that we may collect include your name, government-issued identification number(s), email address, mailing address, other contact information, emergency contact information, employment history, educational history, criminal record, and demographic information. We collect and use those categories of Personal Information about you for human resources and other business management purposes, including identifying and evaluating you as a candidate for potential or future employment or future positions, recordkeeping in relation to recruiting and hiring, conducting criminal background checks as permitted by law, conducting analytics, and ensuring compliance with applicable legal requirements and Company policies. By submitting your application, you acknowledge that we may retain some of the personal data that you provide in your application for our internal operations such as managing our recruitment system and ensuring that we comply with labor laws and regulations even after we have made our employment decision.\n\nNotice To Third Party Agencies:\nAlarm.com understands the value of professional recruiting services. However, we are not accepting resumes from recruiters or employment agencies for this position. In the event we receive a resume or candidate referral for this position from a third-party recruiter or agency without a previously signed agreement, we reserve the right to pursue and hire those candidate(s) without any financial obligation to you. If you are interested in working with Alarm.com, please email your company information and standard agreement to RecruitingPartnerships@Alarm.com.","job_is_remote":false,"job_posted_at":null,"job_posted_at_timestamp":null,"job_posted_at_datetime_utc":null,"job_location":"Tysons, VA","job_city":"Tysons","job_state":"Virginia","job_country":"US","job_latitude":38.9187222,"job_longitude":-77.2310925,"job_benefits":["dental_coverage","health_insurance","paid_time_off"],"job_google_link":"https:\/\/www.google.com\/search?q=jobs&gl=us&hl=en&udm=8#vhid=vt%3D20\/docid%3DzANrRg4vDn68TY2wAAAAAA%3D%3D&vssid=jobs-detail-viewer","job_salary":null,"job_min_salary":null,"job_max_salary":null,"job_salary_period":null,"job_highlights":{"Qualifications":["3+ years of experience in digital marketing, SEO, and content management","Hands-on experience with SEO tools and A\/B testing platforms","Excellent written and verbal communication skills","Experience with project management tools like JIRA and Confluence","Email marketing experience including creating campaigns, analyzing performance data, and optimizing strategies"],"Benefits":["Gain well rounded experience: Alarm.com offers a diverse and dynamic environment where you will get the chance to work directly with executives and develop expertise across multiple areas of the business","Focus on fun: Alarm.com places high value on our team culture","Alarm.com offers competitive pay and benefits inclusive of subsidized medical plan options, an HSA with generous company contribution, a 401(k) with employer match, and paid holidays, wellness time, and vacation increasing with tenure","Paid maternity and bonding leave, company-paid disability and life insurance, FSAs, well-being resources and activities, and a casual dress work environment are also part of our outstanding total rewards package!"],"Responsibilities":["In this key role, you will combine creative and technical skills to support the Alarm.com Marketing Department by developing compelling, optimized content and closely analyzing performance data","You will evaluate content effectiveness through keyword rankings, organic traffic growth, conversion rates, and other SEO metrics, using insights to refine strategies and maximize online visibility and engagement","Web Content Management","Update and manage web content using CMS tools (e.g., WordPress, Craft)","Create, edit, and optimize content for web pages, ensuring alignment with brand guidelines and SEO best practices","Collaborate with the marketing team to plan and implement content calendars","Design and execute A\/B optimization tests to increase the effectiveness of various marketing strategies, landing pages, and user experiences","Monitor and analyze content performance metrics to provide actionable insights that drive continuous improvement and higher conversion rates","Utilize Google Analytics to track and report on site performance","Conduct keyword research and implement on-page and off-page SEO strategies","Perform ongoing keyword discovery and expansion","Optimize website content and structure to improve visibility in AI-driven search results","Utilize SEO tools such as Google Search Console, SEMrush, or Ahrefs to monitor and improve site performance","Collaborate with team to develop and implement targeted email marketing campaigns","Monitor and analyze email campaign performance metrics, providing insights and recommendations to optimize future campaigns and improve engagement rates","Other duties as assigned","Make an immediate impact: New employees can expect to be given real responsibility for bringing new technologies to the marketplace"]},"job_onet_soc":"13116100","job_onet_job_zone":"4"},{"job_id":"bOL84_mzrojJyo-IAAAAAA==","job_title":"Digital Marketing Specialist","employer_name":"BryceTech","employer_logo":null,"employer_website":"https:\/\/brycetech.com","job_publisher":"Teal","job_employment_type":"Full-time","job_employment_types":["FULLTIME"],"job_apply_link":"https:\/\/www.tealhq.com\/job\/digital-marketing-specialist_b4bbe2c1-9f67-48d7-8b5e-b1c3aa866ffd?utm_campaign=google_jobs_apply&utm_source=google_jobs_apply&utm_medium=organic","job_apply_is_direct":false,"apply_options":[{"publisher":"Teal","apply_link":"https:\/\/www.tealhq.com\/job\/digital-marketing-specialist_b4bbe2c1-9f67-48d7-8b5e-b1c3aa866ffd?utm_campaign=google_jobs_apply&utm_source=google_jobs_apply&utm_medium=organic","is_direct":false},{"publisher":"Expertini","apply_link":"https:\/\/us.expertini.com\/jobs\/job\/digital-marketing-specialist-alexandria-virginia-peoplentech-llc-229900280\/?utm_campaign=google_jobs_apply&utm_source=google_jobs_apply&utm_medium=organic","is_direct":false},{"publisher":"Jobilize","apply_link":"https:\/\/www.jobilize.com\/job\/us-va-alexandria-digital-marketing-specialist-peoplentech-hiring-now?utm_campaign=google_jobs_apply&utm_source=google_jobs_apply&utm_medium=organic","is_direct":false}],"job_description":"About the position\n\nResponsibilities\n\u2022 Develop engaging digital marketing strategies to promote organizational goals and initiatives.\n\u2022 Implement and manage high-quality content, including digital media, videos, graphics, and other visual elements, across various platforms.\n\u2022 Use data-driven insights to refine content and marketing strategies for better quality and performance.\n\u2022 Collaborate across the organization for critical insights to inform high-quality and effective communication products.\n\u2022 Use current market trends to inform best practices in digital marketing and communication strategies.\n\u2022 Ensure content is aligned with the organizational goals and brand guidelines for consistent and cohesive messaging.\n\u2022 Create and implement social media strategies across different platforms.\n\u2022 Improve communication products to capture target audiences and achieve target engagement goals.\n\nRequirements\n\u2022 Degree or certificate in marketing, communications, or a related field (or equivalent experience)\n\u2022 3+ years of experience working in digital marketing, preferably with a military or government context.\n\u2022 Strong understanding of digital marketing tools, strategies, and tactics.\n\u2022 Experience with utilizing search engines.\n\u2022 Basic knowledge of web development and improving user experience.\n\u2022 Proficient in digital marketing and communications tools.\n\u2022 Dynamic interpersonal skills to interact with all levels of management.\n\u2022 A collaborative and engaging nature.\n\u2022 Has a proactive mindset and can use critical thinking skills to inform decision-making.\n\u2022 Ability to be flexible and adapt to different priorities in a fast-paced environment.\n\u2022 Excellent work ethic and excellent organizational, written, and verbal communication skills with the ability to tailor messaging to different audiences.\n\u2022 Ability to travel as required.\n\u2022 Secret clearance required.\n\nBenefits\n\u2022 Competitive salary\n\u2022 Comprehensive health plan including dental and vision coverage\n\u2022 Company-paid life & disability insurance policies\n\u2022 401(k) plan with company match\n\u2022 Educational reimbursement program","job_is_remote":false,"job_posted_at":null,"job_posted_at_timestamp":null,"job_posted_at_datetime_utc":null,"job_location":"Alexandria, VA","job_city":"Alexandria","job_state":"Virginia","job_country":"US","job_latitude":38.804693,"job_longitude":-77.0435257,"job_benefits":["dental_coverage","health_insurance"],"job_google_link":"https:\/\/www.google.com\/search?q=jobs&gl=us&hl=en&udm=8#vhid=vt%3D20\/docid%3DbOL84_mzrojJyo-IAAAAAA%3D%3D&vssid=jobs-detail-viewer","job_salary":null,"job_min_salary":null,"job_max_salary":null,"job_salary_period":null,"job_highlights":{"Qualifications":["Degree or certificate in marketing, communications, or a related field (or equivalent experience)","3+ years of experience working in digital marketing, preferably with a military or government context","Strong understanding of digital marketing tools, strategies, and tactics","Experience with utilizing search engines","Basic knowledge of web development and improving user experience","Proficient in digital marketing and communications tools","Dynamic interpersonal skills to interact with all levels of management","A collaborative and engaging nature","Has a proactive mindset and can use critical thinking skills to inform decision-making","Ability to be flexible and adapt to different priorities in a fast-paced environment","Excellent work ethic and excellent organizational, written, and verbal communication skills with the ability to tailor messaging to different audiences","Ability to travel as required","Secret clearance required"],"Benefits":["Competitive salary","Comprehensive health plan including dental and vision coverage","Company-paid life & disability insurance policies","401(k) plan with company match","Educational reimbursement program"],"Responsibilities":["Develop engaging digital marketing strategies to promote organizational goals and initiatives","Implement and manage high-quality content, including digital media, videos, graphics, and other visual elements, across various platforms","Use data-driven insights to refine content and marketing strategies for better quality and performance","Collaborate across the organization for critical insights to inform high-quality and effective communication products","Use current market trends to inform best practices in digital marketing and communication strategies","Ensure content is aligned with the organizational goals and brand guidelines for consistent and cohesive messaging","Create and implement social media strategies across different platforms","Improve communication products to capture target audiences and achieve target engagement goals"]},"job_onet_soc":"13116100","job_onet_job_zone":"4"},{"job_id":"YWnuv47d0z9qICDnAAAAAA==","job_title":"Entry Level Marketing","employer_name":"NoeCee Global, Inc","employer_logo":"https:\/\/encrypted-tbn0.gstatic.com\/images?q=tbn:ANd9GcSmilkvzXTrdls3vnl5uWssxvGQOtsXcSo0tCWM&s=0","employer_website":"https:\/\/noeceeglobalinc.com","job_publisher":"LinkedIn","job_employment_type":"Full-time","job_employment_types":["FULLTIME"],"job_apply_link":"https:\/\/www.linkedin.com\/jobs\/view\/entry-level-marketing-at-noecee-global-inc-4340044376?utm_campaign=google_jobs_apply&utm_source=google_jobs_apply&utm_medium=organic","job_apply_is_direct":false,"apply_options":[{"publisher":"LinkedIn","apply_link":"https:\/\/www.linkedin.com\/jobs\/view\/entry-level-marketing-at-noecee-global-inc-4340044376?utm_campaign=google_jobs_apply&utm_source=google_jobs_apply&utm_medium=organic","is_direct":false},{"publisher":"BeBee","apply_link":"https:\/\/us.bebee.com\/job\/a110c4e675c51a6e2f135bd8cc9e511b?utm_campaign=google_jobs_apply&utm_source=google_jobs_apply&utm_medium=organic","is_direct":false}],"job_description":"NoeCee Global is actively seeking passionate individuals to join our dynamic team in an Entry-Level Marketing role. If you are someone who thrives in a fast-paced environment and is eager to learn and grow, this could be the perfect opportunity for you! You will serve as a key face-to-face point of contact for our clients and their customers, helping to enhance brand visibility and drive sales.\n\nKey Responsibilities:\n\u2022 Foster strong relationships through clear communication with both clients and customers\n\u2022 Participate in in-office meetings to collaborate and align with the team\n\u2022 Learn about client products and services to effectively represent and promote them\n\u2022 Assist in sales, new account setup, and lead generation efforts\n\u2022 Contribute to brand awareness and promotional initiatives for our clients\n\nWhat You Bring:\n\u2022 Exceptional communication skills with the ability to engage clients and customers\n\u2022 Strong interpersonal skills, and the potential for leadership\n\u2022 A high school diploma or equivalent (higher education is a plus)\n\u2022 An ability to adapt and thrive in a fast-paced work environment\n\nWhat We Offer:\n\u2022 Growth Opportunity: Room for advancement and career progression\n\u2022 Paid Training: We invest in your success and provide comprehensive training\n\u2022 Weekly Pay + Uncapped Bonus Opportunities\n\u2022 All-Expenses Paid Travel Opportunities\n\nLocation:\n\nMcLean, VA","job_is_remote":false,"job_posted_at":"3 hours ago","job_posted_at_timestamp":1762880400,"job_posted_at_datetime_utc":"2025-11-11T17:00:00.000Z","job_location":"McLean, VA","job_city":"McLean","job_state":"Virginia","job_country":"US","job_latitude":38.9338676,"job_longitude":-77.1772604,"job_benefits":null,"job_google_link":"https:\/\/www.google.com\/search?q=jobs&gl=us&hl=en&udm=8#vhid=vt%3D20\/docid%3DYWnuv47d0z9qICDnAAAAAA%3D%3D&vssid=jobs-detail-viewer","job_salary":null,"job_min_salary":null,"job_max_salary":null,"job_salary_period":null,"job_highlights":{"Qualifications":["Exceptional communication skills with the ability to engage clients and customers","Strong interpersonal skills, and the potential for leadership","An ability to adapt and thrive in a fast-paced work environment"],"Benefits":["Growth Opportunity: Room for advancement and career progression","Paid Training: We invest in your success and provide comprehensive training","Weekly Pay + Uncapped Bonus Opportunities","All-Expenses Paid Travel Opportunities"],"Responsibilities":["You will serve as a key face-to-face point of contact for our clients and their customers, helping to enhance brand visibility and drive sales","Foster strong relationships through clear communication with both clients and customers","Participate in in-office meetings to collaborate and align with the team","Learn about client products and services to effectively represent and promote them","Assist in sales, new account setup, and lead generation efforts","Contribute to brand awareness and promotional initiatives for our clients"]},"job_onet_soc":"13116100","job_onet_job_zone":"4"},{"job_id":"F886C6YRerx9hJihAAAAAA==","job_title":"Digital Marketing Manager (Agency Lead) - US based","employer_name":"DataGalaxy","employer_logo":"https:\/\/encrypted-tbn0.gstatic.com\/images?q=tbn:ANd9GcSB5a3VgUYnM36b6vzIHzeQ6Ho1RqV4DtXP9lsF&s=0","employer_website":"https:\/\/www.datagalaxy.com","job_publisher":"LinkedIn","job_employment_type":"Full-time","job_employment_types":["FULLTIME"],"job_apply_link":"https:\/\/www.linkedin.com\/jobs\/view\/digital-marketing-manager-agency-lead-us-based-at-datagalaxy-4334678944?utm_campaign=google_jobs_apply&utm_source=google_jobs_apply&utm_medium=organic","job_apply_is_direct":false,"apply_options":[{"publisher":"LinkedIn","apply_link":"https:\/\/www.linkedin.com\/jobs\/view\/digital-marketing-manager-agency-lead-us-based-at-datagalaxy-4334678944?utm_campaign=google_jobs_apply&utm_source=google_jobs_apply&utm_medium=organic","is_direct":false}],"job_description":"Who we are: Founded in Lyon, France, in 2015, DataGalaxy has become the leading data catalog in France, connecting data, people, and AI through an intuitive data governance platform. Our mission is to simplify metadata mapping, management, and knowledge sharing to enhance organizational data governance and data literacy.\n\nWith more than 200 clients worldwide and rapidly growing, we are making significant strides in the US market, with the ambition to become a top 3 player in the data catalog space. Our teams span across two continents, fostering a dynamic international spirit that drives our innovation and growth.\n\nOur mission: To lead the revolution in modern business data catalogs by empowering data professionals and business users through AI-driven data governance. As we expand rapidly in the US, we aim to set the standard for data and AI solutions, positioning ourselves as a trusted partner for navigating the complexities of a data-centric world across industries. Our vision is to drive impactful change and growth, particularly in the US market, as we shape the future of data governance on a global scale.\n\nOur values: Be intentional. Be clear. Be bold. Be humble.\n\nWhy this role exists\n\nDataGalaxy is scaling pipeline generation efficiently. We partner with agencies for SEO\/paid media, PR, and web. We need a hands-on manager who can orchestrate those vendors, own performance, and build automated nurture experiences in HubSpot that turn awareness into opportunities.\n\nTop 2 outcomes (first 12 months)\n\u2022 Pipeline: Deliver $6M qualified pipeline attributed to digital (set quarterly targets with VP Marketing)\n\u2022 Vendor performance: Stand up an agency scorecard and QBR process; hit SEO growth (non\u2011brand organic sessions +30% YoY) and paid efficiency (target CPL by segment and channel-specific ROI).\n\nResponsibilitiesVendor & channel ownership\n\u2022 SEO: Own strategy with SEO agency; approve roadmap (tech SEO, content clusters, digital PR), prioritize briefs, and track leading indicators (crawl health, rankings, CTR) and lagging impact (organic demo requests).\n\u2022 Paid media: Lead paid search & paid social agency; control budgets, audience strategy, messaging tests, and landing page briefs; instrument full\u2011funnel measurement and incrementality testing.\n\u2022 PR\/Comms: Direct PR partner on news calendar, thought leadership, and reporter relationships; align with content and analyst relations to amplify launches.\n\u2022 Website: Manage web dev\/design vendor for roadmap, UX experiments, CRO, and site health. Create clear acceptance criteria and QA for releases.\n\nHubSpot Marketing Hub + CRM alignment\n\u2022 Marketing automation and lead lifecycle (MQL, SAL, SQL definitions) in HubSpot; implement workflows, lead routing, and deduping; maintain data hygiene.\n\u2022 Build multi\u2011touch nurture (persona, use case, stage) with branching logic, progressive profiling, email\/SMS\/in-app when relevant, and guardrails for frequency & fatigue.\n\u2022 Organize attribution & reporting: define UTMs, campaign hierarchy, and dashboards for channel\/creative\/cohort performance.\n\u2022 Create enablement for SDRs\/AE: alerts, Slack notifications, snippets, and post\u2011demo nurture.\n\nMeasurement, process, and governance\n\u2022 Establish monthly planning and QBRs with vendors; document SOPs and runbooks.\n\u2022 Maintain budget, forecasts, pacing, and SOWs.\n\u2022 Ensure compliance with privacy\/consent (GDPR\/CCPA), cookie management, and email deliverability best practices.\n\nQualifications\n\u2022 5\u20138+ years in B2B SaaS digital\/growth; agency management experience across SEO, paid search\/social, PR, and web is required.\n\u2022 3+ years hands\u2011on HubSpot (workflow automation, lead scoring\/routing, campaign analytics).\n\u2022 Content strategy for programmatic SEO and thought leadership with PR integration.\n\u2022 Demonstrated ownership of pipeline targets and CAC\/ROI; strong experimentation mindset (A\/B, MVT).\n\u2022 Working knowledge of GA4, Looker Studio (or BI), Google Ads, LinkedIn Ads, Search Console, Tag Manager, and CRO tools.\n\u2022 Excellent brief writing, QA discipline, and project management; clear communicator across leadership and GTM.\n\nNice to have\n\u2022 Experience in data governance\/data catalog\/data observability categories.\n\u2022 ABM orchestration (lists, intent data, direct mail, paid social warm\u2011up, website personalization).\n\nSuccess metrics\n\u2022 Digital\u2011sourced pipeline and revenue vs. plan.\n\u2022 Lead-to\u2011SQL conversion by segment and program.\n\u2022 Non\u2011brand organic sessions, ranking velocity, and organic demo requests.\n\u2022 Paid efficiency (CPL\/CPA\/ROAS\/MER) and creative hit rate.\n\u2022 Website conversion rate and experiment win rate.\n\nDataGalaxy Offers a Number Of Advantages\n\u2022 Health insurance 80% covered by DataGalaxy (medical, dental, and vision insurance)\n\u2022 Mental health & wellness programs\n\u2022 Full-remote work policy\n\u2022 21 PTO + 9 Bank Holiday\n\u2022 401(k) Retirement Plan\n\u2022 Remote Equipment Expense Reimbursement\n\u2022 1 In-person Global Kick-off Event in France per year\n\u2022 A real opportunity to join a French start-up that is a pioneer in its market\n\nLocation: Remote (US or EU time zones preferred)\n\nReports to: VP Marketing\n\nType: Full-time\n\nFor US Based Applicants\n\nThe US base salary range for this full-time position is $100,000 annually + bonus + benefits","job_is_remote":false,"job_posted_at":"4 days ago","job_posted_at_timestamp":1762473600,"job_posted_at_datetime_utc":"2025-11-07T00:00:00.000Z","job_location":"Washington, DC","job_city":"Washington","job_state":"District of Columbia","job_country":"US","job_latitude":38.9071923,"job_longitude":-77.0368707,"job_benefits":["health_insurance","paid_time_off","dental_coverage"],"job_google_link":"https:\/\/www.google.com\/search?q=jobs&gl=us&hl=en&udm=8#vhid=vt%3D20\/docid%3DF886C6YRerx9hJihAAAAAA%3D%3D&vssid=jobs-detail-viewer","job_salary":null,"job_min_salary":null,"job_max_salary":null,"job_salary_period":null,"job_highlights":{"Qualifications":["5\u20138+ years in B2B SaaS digital\/growth; agency management experience across SEO, paid search\/social, PR, and web is required","3+ years hands\u2011on HubSpot (workflow automation, lead scoring\/routing, campaign analytics)","Content strategy for programmatic SEO and thought leadership with PR integration","Demonstrated ownership of pipeline targets and CAC\/ROI; strong experimentation mindset (A\/B, MVT)","Working knowledge of GA4, Looker Studio (or BI), Google Ads, LinkedIn Ads, Search Console, Tag Manager, and CRO tools","Excellent brief writing, QA discipline, and project management; clear communicator across leadership and GTM","Experience in data governance\/data catalog\/data observability categories","ABM orchestration (lists, intent data, direct mail, paid social warm\u2011up, website personalization)","Digital\u2011sourced pipeline and revenue vs. plan"],"Benefits":["Pipeline: Deliver $6M qualified pipeline attributed to digital (set quarterly targets with VP Marketing)","Vendor performance: Stand up an agency scorecard and QBR process; hit SEO growth (non\u2011brand organic sessions +30% YoY) and paid efficiency (target CPL by segment and channel-specific ROI)","Lead-to\u2011SQL conversion by segment and program","Paid efficiency (CPL\/CPA\/ROAS\/MER) and creative hit rate","Website conversion rate and experiment win rate","DataGalaxy Offers a Number Of Advantages","Health insurance 80% covered by DataGalaxy (medical, dental, and vision insurance)","Mental health & wellness programs","Full-remote work policy","21 PTO + 9 Bank Holiday","401(k) Retirement Plan","Remote Equipment Expense Reimbursement","1 In-person Global Kick-off Event in France per year","A real opportunity to join a French start-up that is a pioneer in its market","The US base salary range for this full-time position is $100,000 annually + bonus + benefits"],"Responsibilities":["SEO: Own strategy with SEO agency; approve roadmap (tech SEO, content clusters, digital PR), prioritize briefs, and track leading indicators (crawl health, rankings, CTR) and lagging impact (organic demo requests)","Paid media: Lead paid search & paid social agency; control budgets, audience strategy, messaging tests, and landing page briefs; instrument full\u2011funnel measurement and incrementality testing","PR\/Comms: Direct PR partner on news calendar, thought leadership, and reporter relationships; align with content and analyst relations to amplify launches","Website: Manage web dev\/design vendor for roadmap, UX experiments, CRO, and site health","Create clear acceptance criteria and QA for releases","HubSpot Marketing Hub + CRM alignment","Marketing automation and lead lifecycle (MQL, SAL, SQL definitions) in HubSpot; implement workflows, lead routing, and deduping; maintain data hygiene","Build multi\u2011touch nurture (persona, use case, stage) with branching logic, progressive profiling, email\/SMS\/in-app when relevant, and guardrails for frequency & fatigue","Organize attribution & reporting: define UTMs, campaign hierarchy, and dashboards for channel\/creative\/cohort performance","Create enablement for SDRs\/AE: alerts, Slack notifications, snippets, and post\u2011demo nurture","Measurement, process, and governance","Establish monthly planning and QBRs with vendors; document SOPs and runbooks","Maintain budget, forecasts, pacing, and SOWs","Ensure compliance with privacy\/consent (GDPR\/CCPA), cookie management, and email deliverability best practices","Non\u2011brand organic sessions, ranking velocity, and organic demo requests"]},"job_onet_soc":"15119900","job_onet_job_zone":"4"},{"job_id":"iUnxcWDsvdp5F8JPAAAAAA==","job_title":"Digital Marketing Coordinator","employer_name":"Raben","employer_logo":null,"employer_website":"https:\/\/www.raben.co","job_publisher":"ZipRecruiter","job_employment_type":"Full-time","job_employment_types":["FULLTIME"],"job_apply_link":"https:\/\/www.ziprecruiter.com\/c\/Raben\/Job\/Digital-Marketing-Coordinator\/-in-Washington,DC?jid=1b4d350bb332c19d&utm_campaign=google_jobs_apply&utm_source=google_jobs_apply&utm_medium=organic","job_apply_is_direct":false,"apply_options":[{"publisher":"ZipRecruiter","apply_link":"https:\/\/www.ziprecruiter.com\/c\/Raben\/Job\/Digital-Marketing-Coordinator\/-in-Washington,DC?jid=1b4d350bb332c19d&utm_campaign=google_jobs_apply&utm_source=google_jobs_apply&utm_medium=organic","is_direct":false},{"publisher":"Digital Marketing Jobs","apply_link":"https:\/\/digitalmarketingjobs.com\/jobs\/173309062-digital-marketing-coordinator?utm_campaign=google_jobs_apply&utm_source=google_jobs_apply&utm_medium=organic","is_direct":false},{"publisher":"IHireMarketing","apply_link":"https:\/\/www.ihiremarketing.com\/jobs\/view\/499225811?utm_campaign=google_jobs_apply&utm_source=google_jobs_apply&utm_medium=organic","is_direct":false},{"publisher":"Jobs Trabajo.org","apply_link":"https:\/\/us.trabajo.org\/job-3635-80fcebca67f8444ed11ad146d9228d85?utm_campaign=google_jobs_apply&utm_source=google_jobs_apply&utm_medium=organic","is_direct":false},{"publisher":"Adzuna","apply_link":"https:\/\/www.adzuna.com\/details\/5412606105?utm_campaign=google_jobs_apply&utm_source=google_jobs_apply&utm_medium=organic","is_direct":true}],"job_description":"Description\n\nWho We Are:\n\nRaben is a public policy, strategic communications and organizational consulting firm. Our talented and passionate team champions diversity, equity, and justice as core values that ignite our mission for impactful change in corporate, nonprofit, government, and foundation work. Our changemakers work to solve real-world problems and inspire lasting changes through our four service offerings: strategic communications, government affairs, issue campaigns, and culture, strategy, & organizational design.\n\nWe have been fueled by insightful strategy, creative tactics, and plain old hustle for over 20 years. We are a majority-minority firm as we are people of color, women, immigrants, disabled, and LGBTQ. Spend time with us and you will quickly learn we value smarts, creativity, and audaciousness in just about all we do... and a sense of humor is a contractual must. Learn more at raben.co.\n\nWhat We Seek:\n\nWe are seeking a talented and creative Digital Marketing Coordinator to join our team in our Washington, DC office. In this role, you will be responsible for managing our social media platforms, creating engaging graphics and visual content, and developing templates for various marketing materials. This role will spend approximately 60% of time on in-house digital marketing and 40% of time on client service engagements. This position is located in our DC office and follows a hybrid schedule with two days per week in office.\n\nResponsibilities:\n\u2022 Plan, execute, and manage both organic and paid social media campaigns for Raben and our clients.\n\u2022 Maintain and oversee multiple social media platforms, including Instagram, LinkedIn, X, Facebook and TikTok.\n\u2022 Make updates to the Raben website as needed. Utilize software such as Canva and the Adobe Suite to Facebook and TikTok.\n\u2022 Make updates to Raben website as needed. Utilize software such as Canva and the Adobe Suite to design eye-catching graphics and visual content for social media, email campaigns, and digital advertisements.\n\u2022 Develop templates for marketing materials, such as presentations, proposals, and internal and external documents and manage the day-to-day design elements of all proposals.\n\u2022 Collaborate with the marketing team to create cohesive and consistent branding across all digital platforms.\n\u2022 Stay up-to-date on industry trends and best practices in social media, graphic design, and digital marketing.\n\u2022 Assist with social media & audio-visual needs at Raben events.\n\nRequirements\n\nRequirements:\n\u2022 Previous work experience or coursework in marketing, communications or a related field.\n\u2022 2+ years of experience in social media management, graphic design, or digital marketing.\n\u2022 Proficiency in Adobe Creative Suite, Canva, and other design software.\n\u2022 Photography and video editing skills are a plus.\n\u2022 Strong understanding of social media platforms and best practices.\n\u2022 Excellent written and verbal communication skills.\n\u2022 Ability to work in a fast-paced environment and manage multiple projects simultaneously.\n\nApplication Instructions:\n\nTo apply, please submit an application, resume, and portfolio via our online job portal. Applications without a portfolio will not be considered. If you need accommodations during the recruitment process, please email your needs to careers@raben.co.\n\nSalary Range and Benefits:\n\nOur salary range for this role is between $55,000-$58,000 per year, commensurate with experience and locality. In addition to a great degree of autonomy in work and projects, our colleagues enjoy a suite of benefits such as health, dental, and vision insurance, unlimited PTO, monthly data plan reimbursements, flexibility in work location and schedule, a rich professional development curriculum, a 3% 401K match, yearly employer FSA contribution, work from home flexibility, and many more.\n\nCOVID-19 Policy:\n\nRegardless of work location, all staff of Raben must show proof of having received an FDA authorized COVID-19 vaccination or provide a medical or religious exemption. New employees must provide proof of full COVID-19 vaccination or exemption no later than their first day of employment.\n\nRaben finds it quite natural to be an Equal Opportunity Employer, aspiring to live the values of equity in everything we do.","job_is_remote":false,"job_posted_at":null,"job_posted_at_timestamp":null,"job_posted_at_datetime_utc":null,"job_location":"Washington, DC","job_city":"Washington","job_state":"District of Columbia","job_country":"US","job_latitude":38.9071923,"job_longitude":-77.0368707,"job_benefits":["health_insurance","paid_time_off","dental_coverage"],"job_google_link":"https:\/\/www.google.com\/search?q=jobs&gl=us&hl=en&udm=8#vhid=vt%3D20\/docid%3DiUnxcWDsvdp5F8JPAAAAAA%3D%3D&vssid=jobs-detail-viewer","job_min_salary":55000,"job_max_salary":58000,"job_salary_period":"YEAR","job_highlights":{"Qualifications":["Previous work experience or coursework in marketing, communications or a related field","2+ years of experience in social media management, graphic design, or digital marketing","Proficiency in Adobe Creative Suite, Canva, and other design software","Strong understanding of social media platforms and best practices","Excellent written and verbal communication skills","Ability to work in a fast-paced environment and manage multiple projects simultaneously"],"Benefits":["Our salary range for this role is between $55,000-$58,000 per year, commensurate with experience and locality","In addition to a great degree of autonomy in work and projects, our colleagues enjoy a suite of benefits such as health, dental, and vision insurance, unlimited PTO, monthly data plan reimbursements, flexibility in work location and schedule, a rich professional development curriculum, a 3% 401K match, yearly employer FSA contribution, work from home flexibility, and many more"],"Responsibilities":["In this role, you will be responsible for managing our social media platforms, creating engaging graphics and visual content, and developing templates for various marketing materials","This role will spend approximately 60% of time on in-house digital marketing and 40% of time on client service engagements","Plan, execute, and manage both organic and paid social media campaigns for Raben and our clients","Maintain and oversee multiple social media platforms, including Instagram, LinkedIn, X, Facebook and TikTok","Make updates to the Raben website as needed","Utilize software such as Canva and the Adobe Suite to Facebook and TikTok","Make updates to Raben website as needed","Utilize software such as Canva and the Adobe Suite to design eye-catching graphics and visual content for social media, email campaigns, and digital advertisements","Develop templates for marketing materials, such as presentations, proposals, and internal and external documents and manage the day-to-day design elements of all proposals","Collaborate with the marketing team to create cohesive and consistent branding across all digital platforms","Stay up-to-date on industry trends and best practices in social media, graphic design, and digital marketing","Assist with social media & audio-visual needs at Raben events"]},"job_onet_soc":"13116100","job_onet_job_zone":"4"},{"job_id":"ELpj2bvO5c3ZdayHAAAAAA==","job_title":"Digital Marketing Manager","employer_name":"Youth Marketing Connection","employer_logo":null,"employer_website":"https:\/\/youthmarketing.com","job_publisher":"Indeed","job_employment_type":"Full-time","job_employment_types":["FULLTIME"],"job_apply_link":"https:\/\/www.indeed.com\/viewjob?jk=b09de87b43be6832&utm_campaign=google_jobs_apply&utm_source=google_jobs_apply&utm_medium=organic","job_apply_is_direct":false,"apply_options":[{"publisher":"Indeed","apply_link":"https:\/\/www.indeed.com\/viewjob?jk=b09de87b43be6832&utm_campaign=google_jobs_apply&utm_source=google_jobs_apply&utm_medium=organic","is_direct":false},{"publisher":"Ladders","apply_link":"https:\/\/www.theladders.com\/job\/digital-marketing-manager-sutherlandasbillbrennanllp-washington-dc_83720795?utm_campaign=google_jobs_apply&utm_source=google_jobs_apply&utm_medium=organic","is_direct":false},{"publisher":"Media Bistro","apply_link":"https:\/\/www.mediabistro.com\/jobs\/788901550-digital-marketing-manager?utm_campaign=google_jobs_apply&utm_source=google_jobs_apply&utm_medium=organic","is_direct":false},{"publisher":"Career.io","apply_link":"https:\/\/career.io\/job\/digital-marketing-manager-washington-eversheds-sutherland-dc317d5b62280d6823e7e56ac6fcab8f?utm_campaign=google_jobs_apply&utm_source=google_jobs_apply&utm_medium=organic","is_direct":false},{"publisher":"Jooble","apply_link":"https:\/\/jooble.org\/jdp\/624506910819934305?utm_campaign=google_jobs_apply&utm_source=google_jobs_apply&utm_medium=organic","is_direct":false},{"publisher":"JobzMall","apply_link":"https:\/\/www.jobzmall.com\/tiffany-co\/job\/digital-marketing-manager-162?utm_campaign=google_jobs_apply&utm_source=google_jobs_apply&utm_medium=organic","is_direct":true},{"publisher":"Glassdoor","apply_link":"https:\/\/www.glassdoor.com\/job-listing\/digital-marketing-manager-pacific-strategies-and-assessments-JV_KO0,25_KE26,60.htm?jl=1009612430419&utm_campaign=google_jobs_apply&utm_source=google_jobs_apply&utm_medium=organic","is_direct":false},{"publisher":"SimplyHired","apply_link":"https:\/\/www.simplyhired.com\/job\/K_-hRSmFCukBP9o22hs6l6QNY9YwlSdI0OOAaHILvckZuvr0GRZt7Q?utm_campaign=google_jobs_apply&utm_source=google_jobs_apply&utm_medium=organic","is_direct":false}],"job_description":"Responsibilities:\n\u2022 Manage digital marketing campaigns across a variety of industries and clients\n\u2022 Write content for blogs, social media, digital ads, email drip campaigns, guides, and websites\n\u2022 Perform keyword research for SEO purposes and optimize content accordingly\n\u2022 Create and monitor social media ads and ad spend; perform A\/B testing as needed\n\u2022 Work within clients\u2019 CMS, email marketing platform, and social media accounts\n\u2022 Analyze data and campaign analytics for monthly client reports\n\u2022 Maintain enthusiasm and urgency in servicing clients while consistently striving for excellence\n\u2022 Design basic graphics for use in social media content, email blasts, guides, websites, and reports\n\nQualifications:\n\u2022 Bachelor\u2019s Degree (marketing, communications, business, or related fields)\n\u2022 2-3+ years of hands-on experience in digital marketing; preferably agency experience\n\u2022 Familiarity and comfort with CMS platforms (WordPress experience highly preferred)\n\u2022 Proven ability to create engaging and branded content for clients (blogs and social media)\n\u2022 Experience with email marketing campaigns and software (MailChimp preferred)\n\u2022 Experience with Google Analytics and data\/social listening and analytics tools\n\u2022 Unrelenting attention to detail\n\u2022 Outstanding writing and self-editing ability\n\u2022 Exceptional organizational skills and time management\n\u2022 Beginner level design skills or understanding (Canva experience a plus)\n\nPerfect Candidate:\n\u2022 Is incredibly smart, charismatic, and a natural conversationalist\n\u2022 Has an entrepreneurial spirit and loves to work hard\/play hard\n\u2022 Is strategic, creative, and analytical\n\u2022 Has a genuine interest in marketing and keeps up with industry trends\n\u2022 Is a self-starter, takes pride in their work, and generally gives a damn","job_is_remote":false,"job_posted_at":null,"job_posted_at_timestamp":null,"job_posted_at_datetime_utc":null,"job_location":"Washington, DC","job_city":"Washington","job_state":"District of Columbia","job_country":"US","job_latitude":38.9071923,"job_longitude":-77.0368707,"job_benefits":null,"job_google_link":"https:\/\/www.google.com\/search?q=jobs&gl=us&hl=en&udm=8#vhid=vt%3D20\/docid%3DELpj2bvO5c3ZdayHAAAAAA%3D%3D&vssid=jobs-detail-viewer","job_salary":null,"job_min_salary":null,"job_max_salary":null,"job_salary_period":null,"job_highlights":{"Qualifications":["Bachelor\u2019s Degree (marketing, communications, business, or related fields)","2-3+ years of hands-on experience in digital marketing; preferably agency experience","Proven ability to create engaging and branded content for clients (blogs and social media)","Experience with Google Analytics and data\/social listening and analytics tools","Unrelenting attention to detail","Outstanding writing and self-editing ability","Exceptional organizational skills and time management","Is incredibly smart, charismatic, and a natural conversationalist","Has an entrepreneurial spirit and loves to work hard\/play hard","Is strategic, creative, and analytical","Has a genuine interest in marketing and keeps up with industry trends","Is a self-starter, takes pride in their work, and generally gives a damn"],"Responsibilities":["Manage digital marketing campaigns across a variety of industries and clients","Write content for blogs, social media, digital ads, email drip campaigns, guides, and websites","Perform keyword research for SEO purposes and optimize content accordingly","Create and monitor social media ads and ad spend; perform A\/B testing as needed","Work within clients\u2019 CMS, email marketing platform, and social media accounts","Analyze data and campaign analytics for monthly client reports","Maintain enthusiasm and urgency in servicing clients while consistently striving for excellence","Design basic graphics for use in social media content, email blasts, guides, websites, and reports"]},"job_onet_soc":"11202100","job_onet_job_zone":"4"},{"job_id":"_9FIxqY9RXkXgb9sAAAAAA==","job_title":"Sea-Bird Scientific - Digital Marketing Specialist","employer_name":"Veralto","employer_logo":null,"employer_website":"https:\/\/www.veralto.com","job_publisher":"Zettlor","job_employment_type":"Full-time","job_employment_types":["FULLTIME"],"job_apply_link":"https:\/\/www.zettlor.com\/job-posts\/9fe05ab0-63d8-44cc-8803-2f917ef0da7d?utm_campaign=google_jobs_apply&utm_source=google_jobs_apply&utm_medium=organic","job_apply_is_direct":false,"apply_options":[{"publisher":"Zettlor","apply_link":"https:\/\/www.zettlor.com\/job-posts\/9fe05ab0-63d8-44cc-8803-2f917ef0da7d?utm_campaign=google_jobs_apply&utm_source=google_jobs_apply&utm_medium=organic","is_direct":false}],"job_description":"Note: this job is posted in multiple location for marketing purposes, but only one opening is available.\n\nAre you\u2026\n\nInterested in working for an international and diverse company?\n\nInterested in working for a company that is dedicated to sustainability?\n\nLooking for a friendly and supporting team?\n\nIf so, read on!\n\nProtecting water, the most valuable resource, and driving sustainability is very close to our hearts. You will be part of a flexible, family friendly organization that cares about its people just as it cares about the environment.\n\nLearn more about us! https:\/\/www.veralto.com\/company\/sea-bird-scientific\/\n\nWe offer:\n\nBenefits starting day 1, including medical\/dental\/vision, 401k with company matching\n\nAnnual Performance-Based Bonuses\n\nCareer coaching and development opportunities\n\nWith PPTO, you will have the flexibility to take time off when you need it and without needing to track it. Working with your manager, you can decide when and why to take time off. We trust that you will take the time you need, while also managing the needs of customers, colleagues, and the organization.\n\nThe Digital Marketing Specialist (DMS) executes the demand generation and growth marketing strategy, in partnership with other members of the Marketing team. This hands on, dynamic role in the marketing organization is focused on leveraging digital channels to drive qualified leads, communicate with customers to drive awareness and consideration, and optimize our digital tools and systems to drive growth.\n\nThe DMS will report to the Growth Marketing Manager, based in the Seattle, WA area.\n\nThis position is\nremote,\nand\ntravel may be required,\n\nfor up to 20% of the time.\n\nHave a passion for diving in, getting your hands dirty and making a real impact? Step right up!\n\nIn this role, a typical day will look like:\n\nWeb Presence:\nDevelop web content and execute all web updates to ensure consistency of voice, brand standards, and digital strategy\n\nEmail Marketing:\nOwn execution of email campaigns to acquire new customers and move existing customers through the customer journey\n\nMarketing Automation:\nLeverage the power of Marketing Automation to deliver on our digital strategy and execute CRM marketing campaigns\n\nSEO & Paid Search:\nOptimize Sea-Bird Scientific\u2019s web presence for SEO and implement paid search campaigns with a focus on ROI\n\nSystems & Technology:\nOwn the daily operation and interaction with a suite of MarTech solutions to generate demand and drive growth\n\nCross-Team Collaboration:\nWorking with other members of the marketing team to heighten the impact of brand, offline, social, and process improvement projects\n\nThe essential requirements of the job include:\n\nBachelor\u2019s degree required\n\nExperience in digital marketing for technical products\n\nExperience with MarTech tools (like Marketo, Salesforce, reporting and analytics, GA4, PPC, CMS, Wordpress)\n\nAbility to travel 20% of the time, domestic and international travel is required\n\nIt would be great if you also possess:\n\nCompleted, in-progress or willingness to start Marketo Certification a plus\n\nA passion for the ocean and climate science goes a long way","job_is_remote":false,"job_posted_at":"4 days ago","job_posted_at_timestamp":1762473600,"job_posted_at_datetime_utc":"2025-11-07T00:00:00.000Z","job_location":"Alexandria, VA","job_city":"Alexandria","job_state":"Virginia","job_country":"US","job_latitude":38.804693,"job_longitude":-77.0435257,"job_benefits":["dental_coverage","health_insurance"],"job_google_link":"https:\/\/www.google.com\/search?q=jobs&gl=us&hl=en&udm=8#vhid=vt%3D20\/docid%3D_9FIxqY9RXkXgb9sAAAAAA%3D%3D&vssid=jobs-detail-viewer","job_salary":null,"job_min_salary":null,"job_max_salary":null,"job_salary_period":null,"job_highlights":{"Qualifications":["for up to 20% of the time","Bachelor\u2019s degree required","Experience in digital marketing for technical products","Experience with MarTech tools (like Marketo, Salesforce, reporting and analytics, GA4, PPC, CMS, Wordpress)","Ability to travel 20% of the time, domestic and international travel is required","A passion for the ocean and climate science goes a long way"],"Benefits":["Benefits starting day 1, including medical\/dental\/vision, 401k with company matching","Annual Performance-Based Bonuses","Career coaching and development opportunities","With PPTO, you will have the flexibility to take time off when you need it and without needing to track it","Working with your manager, you can decide when and why to take time off","Optimize Sea-Bird Scientific\u2019s web presence for SEO and implement paid search campaigns with a focus on ROI"],"Responsibilities":["We trust that you will take the time you need, while also managing the needs of customers, colleagues, and the organization","The Digital Marketing Specialist (DMS) executes the demand generation and growth marketing strategy, in partnership with other members of the Marketing team","This hands on, dynamic role in the marketing organization is focused on leveraging digital channels to drive qualified leads, communicate with customers to drive awareness and consideration, and optimize our digital tools and systems to drive growth","The DMS will report to the Growth Marketing Manager, based in the Seattle, WA area","travel may be required,","Develop web content and execute all web updates to ensure consistency of voice, brand standards, and digital strategy","Own execution of email campaigns to acquire new customers and move existing customers through the customer journey","Leverage the power of Marketing Automation to deliver on our digital strategy and execute CRM marketing campaigns","Own the daily operation and interaction with a suite of MarTech solutions to generate demand and drive growth","Working with other members of the marketing team to heighten the impact of brand, offline, social, and process improvement projects"]},"job_onet_soc":"13116100","job_onet_job_zone":"4"},{"job_id":"V3srV1M4yZbCeA4EAAAAAA==","job_title":"Digital Marketing Specialist","employer_name":"Alarm.com","employer_logo":"https:\/\/encrypted-tbn0.gstatic.com\/images?q=tbn:ANd9GcSiYNvlw4VPoZpXQb0l33NY2mfhf8PNUM8pTiBQ&s=0","employer_website":"https:\/\/alarm.com","job_publisher":"Media Bistro","job_employment_type":"Full-time","job_employment_types":["FULLTIME"],"job_apply_link":"https:\/\/www.mediabistro.com\/jobs\/1782993541-digital-marketing-specialist?utm_campaign=google_jobs_apply&utm_source=google_jobs_apply&utm_medium=organic","job_apply_is_direct":false,"apply_options":[{"publisher":"Media Bistro","apply_link":"https:\/\/www.mediabistro.com\/jobs\/1782993541-digital-marketing-specialist?utm_campaign=google_jobs_apply&utm_source=google_jobs_apply&utm_medium=organic","is_direct":false},{"publisher":"BeBee","apply_link":"https:\/\/us.bebee.com\/job\/9a22274bc1552d54d5adeb3836eb4758?utm_campaign=google_jobs_apply&utm_source=google_jobs_apply&utm_medium=organic","is_direct":false},{"publisher":"Jobilize","apply_link":"https:\/\/www.jobilize.com\/job\/us-va-mc-lean-digital-marketing-specialist-alarm-com-hiring-now-job?utm_campaign=google_jobs_apply&utm_source=google_jobs_apply&utm_medium=organic","is_direct":false},{"publisher":"Jobs Trabajo.org","apply_link":"https:\/\/us.trabajo.org\/job-2850-d8d2cfd69cc02667aa44071ad9c55ae3?utm_campaign=google_jobs_apply&utm_source=google_jobs_apply&utm_medium=organic","is_direct":false}],"job_description":"Join to apply for the Digital Marketing Specialist role at Alarm.com. Alarm.com is seeking a dynamic and innovative Digital Marketing Specialist with proven experience in web content management, search engine optimization (SEO), and A\/B testing to drive high-impact digital marketing strategies. In this key role, you will combine creative and technical skills to support the Alarm.com Marketing Department by developing compelling, optimized content and closely analyzing performance data. You will evaluate content effectiveness through keyword rankings, organic traffic growth, conversion rates, and other SEO metrics, using insights to refine strategies and maximize online visibility and engagement. Responsibilities Web Content Management Update and manage web content using CMS tools such as WordPress and Craft. Create, edit, and optimize content for web pages, ensuring alignment with brand guidelines and SEO best practices. Collaborate with the marketing team to plan and implement content calendars. Design and execute A\/B optimization tests to increase the effectiveness of marketing strategies, landing pages, and user experiences. Monitor and analyze content performance metrics to provide actionable insights that drive continuous improvement and higher conversion rates. Utilize Google Analytics to track and report on site performance. SEO Programs Conduct keyword research and implement on-page and off-page SEO strategies. Perform ongoing keyword discovery and expansion. Optimize website content and structure to improve visibility in AI-driven search results. Utilize SEO tools such as Google Search Console, SEMrush, or Ahrefs to monitor and improve site performance. Email Marketing Collaborate with the team to develop and implement targeted email marketing campaigns. Monitor and analyze email campaign performance metrics and provide insights and recommendations to optimize future campaigns and improve engagement rates. Other duties as assigned. Qualifications 3+ years of experience in digital marketing, SEO, and content management. Hands-on experience with SEO tools and A\/B testing platforms. Excellent written and verbal communication skills. Certifications in Google Analytics (preferred). Experience with project management tools like JIRA and Confluence. Email marketing experience, including creating campaigns, analyzing performance data, and optimizing strategies. Knowledge of AI algorithms and tools to enhance search engine rankings (preferred). Note: Sponsorship for new applicants for employment authorization, or any other immigration-related support, is not available for this position at this time. Benefits Competitive pay and benefits, including a subsidized medical plan, HSA, 401(k) with employer match, paid holidays, wellness time, and vacation increasing with tenure. Paid maternity and bonding leave, company-paid disability and life insurance, FSAs, well-being resources and activities. Casual dress work environment. Employees work from the office 4 days a week. About Alarm.com Alarm.com is the leading cloud-based platform for smart security and the Internet of Things. More than 7.6?million home and business owners depend on our solutions every day to make their properties safer, smarter, and more efficient. Were seeking passionate individuals who want to create lasting impact on the world through technology. Visit www.alarm.com for more information. Equal Opportunity Employer Alarm.com is an Equal Opportunity Employer. We celebrate diversity and are committed to creating an inclusive environment for all employees. #J-18808-Ljbffr","job_is_remote":false,"job_posted_at":"4 days ago","job_posted_at_timestamp":1762473600,"job_posted_at_datetime_utc":"2025-11-07T00:00:00.000Z","job_location":"McLean, VA","job_city":"McLean","job_state":"Virginia","job_country":"US","job_latitude":38.9338676,"job_longitude":-77.1772604,"job_benefits":["dental_coverage","health_insurance","paid_time_off"],"job_google_link":"https:\/\/www.google.com\/search?q=jobs&gl=us&hl=en&udm=8#vhid=vt%3D20\/docid%3DV3srV1M4yZbCeA4EAAAAAA%3D%3D&vssid=jobs-detail-viewer","job_salary":null,"job_min_salary":null,"job_max_salary":null,"job_salary_period":null,"job_highlights":{"Qualifications":["Qualifications 3+ years of experience in digital marketing, SEO, and content management","Hands-on experience with SEO tools and A\/B testing platforms","Excellent written and verbal communication skills","Experience with project management tools like JIRA and Confluence","Email marketing experience, including creating campaigns, analyzing performance data, and optimizing strategies"],"Benefits":["Benefits Competitive pay and benefits, including a subsidized medical plan, HSA, 401(k) with employer match, paid holidays, wellness time, and vacation increasing with tenure","Paid maternity and bonding leave, company-paid disability and life insurance, FSAs, well-being resources and activities","Employees work from the office 4 days a week"],"Responsibilities":["In this key role, you will combine creative and technical skills to support the Alarm.com Marketing Department by developing compelling, optimized content and closely analyzing performance data","You will evaluate content effectiveness through keyword rankings, organic traffic growth, conversion rates, and other SEO metrics, using insights to refine strategies and maximize online visibility and engagement","Responsibilities Web Content Management Update and manage web content using CMS tools such as WordPress and Craft","Create, edit, and optimize content for web pages, ensuring alignment with brand guidelines and SEO best practices","Collaborate with the marketing team to plan and implement content calendars","Design and execute A\/B optimization tests to increase the effectiveness of marketing strategies, landing pages, and user experiences","Monitor and analyze content performance metrics to provide actionable insights that drive continuous improvement and higher conversion rates","Utilize Google Analytics to track and report on site performance","SEO Programs Conduct keyword research and implement on-page and off-page SEO strategies","Perform ongoing keyword discovery and expansion","Optimize website content and structure to improve visibility in AI-driven search results","Utilize SEO tools such as Google Search Console, SEMrush, or Ahrefs to monitor and improve site performance","Email Marketing Collaborate with the team to develop and implement targeted email marketing campaigns","Monitor and analyze email campaign performance metrics and provide insights and recommendations to optimize future campaigns and improve engagement rates","Other duties as assigned"]},"job_onet_soc":"13116100","job_onet_job_zone":"4"}]}