{"mean":51194.02,"results":[{"__CLASS__":"Adzuna::API::Response::Job","adref":"eyJhbGciOiJIUzI1NiJ9.eyJpIjoiNTQzNDEyODA4OSIsInMiOiJfckVPSWs3QThCR0lLdENHU1o4alVBIn0.FwTObJHNdEhuOreCSKa1V_5adVccoMRFinyz3WdxIAk","created":"2025-10-06T16:16:07Z","company":{"display_name":"HAYS","__CLASS__":"Adzuna::API::Response::Company"},"salary_min":50000,"description":"Financial Data Analyst \u2013 \u00a355,000 \u2013 Milton Keynes Your new company A leading global manufacturer is seeking a highly skilled and technically proficient Financial Data Analyst to join their dynamic finance team. This is a fantastic opportunity to work within a fast-paced, innovation-driven environment where data and insight play a critical role in strategic decision-making. Your new role You\u2019ll be responsible for delivering high-quality financial data analysis across multiple business units, supp\u2026","salary_max":55000,"salary_is_predicted":"0","redirect_url":"https:\/\/www.adzuna.co.uk\/jobs\/land\/ad\/5434128089?se=_rEOIk7A8BGIKtCGSZ8jUA&utm_medium=api&utm_source=a306aa16&v=108FB8396EB58699E3391D91909DFD38C98EB793","location":{"__CLASS__":"Adzuna::API::Response::Location","area":["UK","South East England","Buckinghamshire","Milton Keynes"],"display_name":"Milton Keynes, Buckinghamshire"},"title":"Finance Data Analyst","id":"5434128089","category":{"tag":"accounting-finance-jobs","__CLASS__":"Adzuna::API::Response::Category","label":"Accounting & Finance Jobs"}},{"location":{"area":["UK"],"display_name":"UK","__CLASS__":"Adzuna::API::Response::Location"},"contract_type":"permanent","redirect_url":"https:\/\/www.adzuna.co.uk\/jobs\/land\/ad\/5478196054?se=_rEOIk7A8BGIKtCGSZ8jUA&utm_medium=api&utm_source=a306aa16&v=463AF7CB30F96C5A0AA19BD3B087505955BF32B1","category":{"label":"IT Jobs","__CLASS__":"Adzuna::API::Response::Category","tag":"it-jobs"},"id":"5478196054","title":"Data Analyst Trainee","salary_max":50000,"salary_is_predicted":"0","created":"2025-11-03T13:14:09Z","adref":"eyJhbGciOiJIUzI1NiJ9.eyJzIjoiX3JFT0lrN0E4QkdJS3RDR1NaOGpVQSIsImkiOiI1NDc4MTk2MDU0In0.fA5sdduc-JI301yhea5QJswYGfu-pD_3pHZz2-7d3No","contract_time":"full_time","salary_min":30000,"company":{"__CLASS__":"Adzuna::API::Response::Company","display_name":"ITOL Recruit"},"description":"Are you looking to benefit from a new career in Data Analysis? If you are detail orientated, perceptive, organised, competent, analytical and can communicate well with those around you; you could have a truly rewarding future as a Data Analyst We do this using our specialised Data Analyst career programme which looks to assist and place qualified candidates into a career pathway in Data Analysis. Please note this career program is designed for entry level individuals with limited or no experien\u2026","__CLASS__":"Adzuna::API::Response::Job"},{"__CLASS__":"Adzuna::API::Response::Job","salary_min":25000,"description":"Are you ready to start a new career in Data Analysis? The demand for Data Analysts has grown by 20% annually, with experienced professionals earning salaries upwards of \u00a358,000. In today\u2019s digital world, data is critical to business decision-making, making the role of a Data Analyst indispensable. As skills shortages continue to grow, the demand for qualified entry-level professionals is on the rise. With our Data Analytics career programme we will provide you with: 8 training modules: Excel, S\u2026","company":{"__CLASS__":"Adzuna::API::Response::Company","display_name":"Newto Training"},"contract_time":"full_time","adref":"eyJhbGciOiJIUzI1NiJ9.eyJzIjoiX3JFT0lrN0E4QkdJS3RDR1NaOGpVQSIsImkiOiI1NDgyMjQ4NDg5In0.W70VcoHk-zD0fzKqKfSA6lrKZc2jcc8-2mVQya5ETBE","created":"2025-11-05T14:23:26Z","salary_is_predicted":"0","salary_max":78000,"title":"Data Analyst - No experience needed","id":"5482248489","category":{"label":"IT Jobs","__CLASS__":"Adzuna::API::Response::Category","tag":"it-jobs"},"redirect_url":"https:\/\/www.adzuna.co.uk\/jobs\/land\/ad\/5482248489?se=_rEOIk7A8BGIKtCGSZ8jUA&utm_medium=api&utm_source=a306aa16&v=A4468537033DCF847153CF8765EAC6F5678BA4A8","contract_type":"permanent","location":{"display_name":"UK","area":["UK"],"__CLASS__":"Adzuna::API::Response::Location"}},{"latitude":51.664752,"title":"Data Analyst - Ecommerce","redirect_url":"https:\/\/www.adzuna.co.uk\/jobs\/land\/ad\/5488767507?se=_rEOIk7A8BGIKtCGSZ8jUA&utm_medium=api&utm_source=a306aa16&v=C4170BEC5CFCF31300E656CD454CD33E35725A85","contract_type":"permanent","location":{"area":["UK","Wales","Swansea","Gorseinon","Garden Village"],"display_name":"Garden Village, Gorseinon","__CLASS__":"Adzuna::API::Response::Location"},"company":{"display_name":"M P Online Limited","__CLASS__":"Adzuna::API::Response::Company"},"salary_is_predicted":"0","salary_max":35000,"id":"5488767507","category":{"tag":"it-jobs","label":"IT Jobs","__CLASS__":"Adzuna::API::Response::Category"},"longitude":-4.021514,"__CLASS__":"Adzuna::API::Response::Job","description":"M&P Online is taking over the e-commerce and warehousing operations of a long-established Swansea brand. Our ambition is to become one of the leading names in our market, and one of the best employers in Swansea. Were now looking for a Data Analyst - someone who finds beauty in clean, structured data and enjoys making complex systems run effortlessly. Youll join our core technical team, helping to build the digital spine of the business: the workflows, automations, and data pipelines that power\u2026","salary_min":35000,"adref":"eyJhbGciOiJIUzI1NiJ9.eyJpIjoiNTQ4ODc2NzUwNyIsInMiOiJfckVPSWs3QThCR0lLdENHU1o4alVBIn0.QAB99u5ORSHd9occ1DmSC0qonqEThEWiz-KvUsxOcLc","created":"2025-11-09T19:53:57Z"},{"salary_max":50000,"salary_is_predicted":"0","contract_type":"permanent","redirect_url":"https:\/\/www.adzuna.co.uk\/jobs\/land\/ad\/5491194941?se=_rEOIk7A8BGIKtCGSZ8jUA&utm_medium=api&utm_source=a306aa16&v=E829FEF6F0B6014697D9FE45C60B6E64CAA942A0","location":{"__CLASS__":"Adzuna::API::Response::Location","display_name":"London, UK","area":["UK","London"]},"title":"Data Analyst Trainee","id":"5491194941","category":{"__CLASS__":"Adzuna::API::Response::Category","label":"IT Jobs","tag":"it-jobs"},"__CLASS__":"Adzuna::API::Response::Job","adref":"eyJhbGciOiJIUzI1NiJ9.eyJzIjoiX3JFT0lrN0E4QkdJS3RDR1NaOGpVQSIsImkiOiI1NDkxMTk0OTQxIn0.w11V5GkscTLK1ObAv-EYIyia-xc0CmBVg9l6DbsSPBk","created":"2025-11-11T22:06:06Z","description":"Are you looking to benefit from a new career in Data Analysis? If you are detail orientated, perceptive, organised, competent, analytical and can communicate well with those around you; you could have a truly rewarding future as a Data Analyst We do this using our specialised Data Analyst career programme which looks to assist and place qualified candidates into a career pathway in Data Analysis. Please note this career program is designed for entry level individuals with limited or no experien\u2026","salary_min":30000,"company":{"display_name":"ITOL Recruit","__CLASS__":"Adzuna::API::Response::Company"},"contract_time":"full_time"},{"company":{"display_name":"ITOL Recruit","__CLASS__":"Adzuna::API::Response::Company"},"title":"Data Analyst Trainee","location":{"__CLASS__":"Adzuna::API::Response::Location","display_name":"Birmingham, West Midlands","area":["UK","West Midlands","Birmingham"]},"contract_type":"permanent","redirect_url":"https:\/\/www.adzuna.co.uk\/jobs\/land\/ad\/5491194938?se=_rEOIk7A8BGIKtCGSZ8jUA&utm_medium=api&utm_source=a306aa16&v=E43AD7CA74B40E182090AC18E702A0424C424CE6","latitude":52.483002,"contract_time":"full_time","salary_min":30000,"description":"Are you looking to benefit from a new career in Data Analysis? If you are detail orientated, perceptive, organised, competent, analytical and can communicate well with those around you; you could have a truly rewarding future as a Data Analyst We do this using our specialised Data Analyst career programme which looks to assist and place qualified candidates into a career pathway in Data Analysis. Please note this career program is designed for entry level individuals with limited or no experien\u2026","created":"2025-11-11T22:06:05Z","adref":"eyJhbGciOiJIUzI1NiJ9.eyJzIjoiX3JFT0lrN0E4QkdJS3RDR1NaOGpVQSIsImkiOiI1NDkxMTk0OTM4In0.Ue0bSQ3XvTgHkV4JPglCvtscJr0bZFCGzqUioa7a8qU","__CLASS__":"Adzuna::API::Response::Job","longitude":-1.89359,"category":{"label":"IT Jobs","__CLASS__":"Adzuna::API::Response::Category","tag":"it-jobs"},"id":"5491194938","salary_is_predicted":"0","salary_max":50000},{"__CLASS__":"Adzuna::API::Response::Job","adref":"eyJhbGciOiJIUzI1NiJ9.eyJzIjoiX3JFT0lrN0E4QkdJS3RDR1NaOGpVQSIsImkiOiI1NDkxMDYzOTk5In0.-rI3CSn-Pao-E-xzmV5qf5IRJNnfd0YLKwpfmQTdRuw","created":"2025-11-11T19:21:27Z","salary_min":30000,"description":"Are you looking to benefit from a new career in Data Analysis? If you are detail orientated, perceptive, organised, competent, analytical and can communicate well with those around you; you could have a truly rewarding future as a Data Analyst We do this using our specialised Data Analyst career programme which looks to assist and place qualified candidates into a career pathway in Data Analysis. Please note this career program is designed for entry level individuals with limited or no experien\u2026","contract_time":"full_time","salary_max":50000,"salary_is_predicted":"0","category":{"label":"IT Jobs","__CLASS__":"Adzuna::API::Response::Category","tag":"it-jobs"},"longitude":-1.4648,"id":"5491063999","company":{"__CLASS__":"Adzuna::API::Response::Company","display_name":"ITOL Recruit"},"latitude":53.383099,"contract_type":"permanent","redirect_url":"https:\/\/www.adzuna.co.uk\/jobs\/land\/ad\/5491063999?se=_rEOIk7A8BGIKtCGSZ8jUA&utm_medium=api&utm_source=a306aa16&v=FE19D7EE2F13A107F1A08778B465D28E180A2303","location":{"area":["UK","Yorkshire And The Humber","South Yorkshire","Sheffield"],"display_name":"Sheffield, South Yorkshire","__CLASS__":"Adzuna::API::Response::Location"},"title":"Data Analyst Trainee"},{"description":"Junior Data AnalystOur Client manages customer-returned End of Lease computer hardware world-wide with the remit to accurately terminate leases & invoice customers accordingly. They also make available to Sales Teams a consistent supply of all types of hardware from tablets, notebooks & printers through to complex datacenters from all commercial vendors.The End of Lease Returns Team currently has a vacancy for a Junior Data Analyst and invites recent graduates to apply for this key back office \u2026","salary_min":27040,"adref":"eyJhbGciOiJIUzI1NiJ9.eyJpIjoiNTQ5MTIzMDk1NSIsInMiOiJfckVPSWs3QThCR0lLdENHU1o4alVBIn0.MBcPhBziT9AjX0NCUldewidHAGrgvWIUi_dyD0GC_co","created":"2025-11-11T22:59:07Z","__CLASS__":"Adzuna::API::Response::Job","longitude":-4.50779,"category":{"__CLASS__":"Adzuna::API::Response::Category","label":"IT Jobs","tag":"it-jobs"},"id":"5491230955","salary_is_predicted":"0","salary_max":27040,"company":{"__CLASS__":"Adzuna::API::Response::Company","display_name":"Manpower"},"title":"Junior Data Analyst","contract_type":"permanent","redirect_url":"https:\/\/www.adzuna.co.uk\/jobs\/land\/ad\/5491230955?se=_rEOIk7A8BGIKtCGSZ8jUA&utm_medium=api&utm_source=a306aa16&v=08517C30364EC0B3C6472896D2E124617E5B6ACE","location":{"display_name":"Bishopton, Renfrewshire","area":["UK","Scotland","Renfrewshire","Bishopton"],"__CLASS__":"Adzuna::API::Response::Location"},"latitude":55.910301},{"salary_is_predicted":"0","salary_max":78000,"id":"5482248484","category":{"tag":"it-jobs","__CLASS__":"Adzuna::API::Response::Category","label":"IT Jobs"},"title":"Data Analyst - No experience needed - job guarantee","location":{"__CLASS__":"Adzuna::API::Response::Location","area":["UK"],"display_name":"UK"},"redirect_url":"https:\/\/www.adzuna.co.uk\/jobs\/land\/ad\/5482248484?se=_rEOIk7A8BGIKtCGSZ8jUA&utm_medium=api&utm_source=a306aa16&v=CA7D8A0D45BC24C3F37DFE7286F53EBDBBF77CBB","contract_type":"permanent","__CLASS__":"Adzuna::API::Response::Job","contract_time":"full_time","salary_min":25000,"description":"Are you ready to start a new career in Data Analysis? The demand for Data Analysts has grown by 20% annually, with experienced professionals earning salaries upwards of \u00a358,000. In today\u2019s digital world, data is critical to business decision-making, making the role of a Data Analyst indispensable. As skills shortages continue to grow, the demand for qualified entry-level professionals is on the rise. With our Data Analytics career programme we will provide you with: 8 training modules: Excel, S\u2026","company":{"display_name":"Newto Training","__CLASS__":"Adzuna::API::Response::Company"},"created":"2025-11-05T14:23:26Z","adref":"eyJhbGciOiJIUzI1NiJ9.eyJpIjoiNTQ4MjI0ODQ4NCIsInMiOiJfckVPSWs3QThCR0lLdENHU1o4alVBIn0.fiMP6_ZcuIvcHmcZhCCgIFXWEouAaZbV4JjXYwEnX2Q"},{"title":"Trainee Data Analyst Associate","id":"5482538182","category":{"tag":"it-jobs","label":"IT Jobs","__CLASS__":"Adzuna::API::Response::Category"},"contract_type":"permanent","redirect_url":"https:\/\/www.adzuna.co.uk\/jobs\/land\/ad\/5482538182?se=_rEOIk7A8BGIKtCGSZ8jUA&utm_medium=api&utm_source=a306aa16&v=0D2CAD53232DE4DF4B773B426C90DBB94A143C32","location":{"area":["UK"],"display_name":"UK","__CLASS__":"Adzuna::API::Response::Location"},"salary_is_predicted":"1","salary_max":49048.59,"description":"Are you ready to start a new career in Data Analysis? The demand for Data Analysts has grown by 20% annually, with experienced professionals earning salaries upwards of \u00a358,000. In today\u2019s digital world, data is critical to business decision-making, making the role of a Data Analyst indispensable. As skills shortages continue to grow, the demand for qualified entry-level professionals is on the rise. With our Data Analytics career programme we will provide you with: 8 training modules: Excel, S\u2026","company":{"__CLASS__":"Adzuna::API::Response::Company","display_name":"Newto Training"},"salary_min":49048.59,"contract_time":"full_time","adref":"eyJhbGciOiJIUzI1NiJ9.eyJzIjoiX3JFT0lrN0E4QkdJS3RDR1NaOGpVQSIsImkiOiI1NDgyNTM4MTgyIn0.G4-4oua2EdshEhxPpOScUvj1JwqaPd6UbLgN07HeK_s","created":"2025-11-05T18:21:28Z","__CLASS__":"Adzuna::API::Response::Job"},{"__CLASS__":"Adzuna::API::Response::Job","adref":"eyJhbGciOiJIUzI1NiJ9.eyJzIjoiX3JFT0lrN0E4QkdJS3RDR1NaOGpVQSIsImkiOiI1NDkxMDYzOTk2In0.B1GPAivycRvfkc0eqXhCZ2l3aA9h9ME_wssB9ycIPmw","created":"2025-11-11T19:21:27Z","description":"Are you looking to benefit from a new career in Data Analysis? If you are detail orientated, perceptive, organised, competent, analytical and can communicate well with those around you; you could have a truly rewarding future as a Data Analyst We do this using our specialised Data Analyst career programme which looks to assist and place qualified candidates into a career pathway in Data Analysis. Please note this career program is designed for entry level individuals with limited or no experien\u2026","salary_min":30000,"contract_time":"full_time","salary_max":50000,"salary_is_predicted":"0","longitude":-1.54912,"category":{"tag":"it-jobs","__CLASS__":"Adzuna::API::Response::Category","label":"IT Jobs"},"id":"5491063996","company":{"__CLASS__":"Adzuna::API::Response::Company","display_name":"ITOL Recruit"},"latitude":53.799599,"redirect_url":"https:\/\/www.adzuna.co.uk\/jobs\/land\/ad\/5491063996?se=_rEOIk7A8BGIKtCGSZ8jUA&utm_medium=api&utm_source=a306aa16&v=9471615635FF12EBEB63FFCB656FAA891DF7E337","contract_type":"permanent","location":{"__CLASS__":"Adzuna::API::Response::Location","area":["UK","Yorkshire And The Humber","West Yorkshire","Leeds"],"display_name":"Leeds, West Yorkshire"},"title":"Data Analyst Trainee"},{"contract_type":"permanent","redirect_url":"https:\/\/www.adzuna.co.uk\/jobs\/land\/ad\/5447904253?se=_rEOIk7A8BGIKtCGSZ8jUA&utm_medium=api&utm_source=a306aa16&v=D909FD0609E8F9CD1D160E71F57003D87A2BA2A5","location":{"__CLASS__":"Adzuna::API::Response::Location","display_name":"Belfast, Northern Ireland","area":["UK","Northern Ireland","Belfast"]},"title":"SAP Data Analyst","id":"5447904253","category":{"__CLASS__":"Adzuna::API::Response::Category","label":"IT Jobs","tag":"it-jobs"},"salary_max":45000,"salary_is_predicted":"0","adref":"eyJhbGciOiJIUzI1NiJ9.eyJpIjoiNTQ0NzkwNDI1MyIsInMiOiJfckVPSWs3QThCR0lLdENHU1o4alVBIn0.7kbzbtoZPmYuHWDCUyJoiMhFw6MQOGsOOM0YoT7hE2k","created":"2025-10-15T04:52:57Z","salary_min":45000,"company":{"display_name":"HAYS Specialist Recruitment","__CLASS__":"Adzuna::API::Response::Company"},"description":"SAP BI\/Data AnalystJoin a market-leading organisation renowned for its data-centric culture and commitment to innovation. As a key member of the SAP reporting and analytics team, you will play a pivotal role in shaping and delivering insights that drive strategic decision-making across the business. Key Responsibilities Design, develop, and maintain SAP BI solutions using BW (Business Warehouse) and SAP Analytics Cloud (SAC). Provide day-to-day support for business users, resolving data queries\u2026","__CLASS__":"Adzuna::API::Response::Job"},{"company":{"__CLASS__":"Adzuna::API::Response::Company","display_name":"ITOL Recruit"},"latitude":53.410801,"title":"Data Analyst Trainee","contract_type":"permanent","redirect_url":"https:\/\/www.adzuna.co.uk\/jobs\/land\/ad\/5491063995?se=_rEOIk7A8BGIKtCGSZ8jUA&utm_medium=api&utm_source=a306aa16&v=C7B63C88C95D80C21AE29D50F0B0B978836845C2","location":{"__CLASS__":"Adzuna::API::Response::Location","display_name":"Liverpool, Merseyside","area":["UK","North West England","Merseyside","Liverpool"]},"__CLASS__":"Adzuna::API::Response::Job","description":"Are you looking to benefit from a new career in Data Analysis? If you are detail orientated, perceptive, organised, competent, analytical and can communicate well with those around you; you could have a truly rewarding future as a Data Analyst We do this using our specialised Data Analyst career programme which looks to assist and place qualified candidates into a career pathway in Data Analysis. Please note this career program is designed for entry level individuals with limited or no experien\u2026","salary_min":30000,"contract_time":"full_time","adref":"eyJhbGciOiJIUzI1NiJ9.eyJzIjoiX3JFT0lrN0E4QkdJS3RDR1NaOGpVQSIsImkiOiI1NDkxMDYzOTk1In0.zGSX21AeT3V-jMz_ayd85Ii6-1mKAB1UfN1lMpva9DU","created":"2025-11-11T19:21:27Z","salary_is_predicted":"0","salary_max":50000,"category":{"__CLASS__":"Adzuna::API::Response::Category","label":"IT Jobs","tag":"it-jobs"},"longitude":-2.97784,"id":"5491063995"},{"description":"Are you looking to benefit from a new career in Data Analysis? If you are detail orientated, perceptive, organised, competent, analytical and can communicate well with those around you; you could have a truly rewarding future as a Data Analyst We do this using our specialised Data Analyst career programme which looks to assist and place qualified candidates into a career pathway in Data Analysis. Please note this career program is designed for entry level individuals with limited or no experien\u2026","salary_min":30000,"company":{"__CLASS__":"Adzuna::API::Response::Company","display_name":"ITOL Recruit"},"contract_time":"full_time","adref":"eyJhbGciOiJIUzI1NiJ9.eyJzIjoiX3JFT0lrN0E4QkdJS3RDR1NaOGpVQSIsImkiOiI1NDkxMDY0MDIyIn0.UnHR7uFiiFEdvB2WKIFe7cQNL_k2ViAU26tHzfzw5Pg","created":"2025-11-11T19:21:28Z","__CLASS__":"Adzuna::API::Response::Job","title":"Data Analyst Trainee","id":"5491064022","category":{"tag":"it-jobs","label":"IT Jobs","__CLASS__":"Adzuna::API::Response::Category"},"redirect_url":"https:\/\/www.adzuna.co.uk\/jobs\/land\/ad\/5491064022?se=_rEOIk7A8BGIKtCGSZ8jUA&utm_medium=api&utm_source=a306aa16&v=9B0B3BAC544735F8910AFD95A65FE2D4FFDAD69C","contract_type":"permanent","location":{"display_name":"Newcastle Upon Tyne, Tyne & Wear","area":["UK","North East England","Tyne & Wear","Newcastle Upon Tyne"],"__CLASS__":"Adzuna::API::Response::Location"},"salary_is_predicted":"0","salary_max":50000},{"company":{"display_name":"Newto Training","__CLASS__":"Adzuna::API::Response::Company"},"description":"Are you ready to start a new career in Data Analysis? The demand for Data Analysts has grown by 20% annually, with experienced professionals earning salaries upwards of \u00a358,000. In today\u2019s digital world, data is critical to business decision-making, making the role of a Data Analyst indispensable. As skills shortages continue to grow, the demand for qualified entry-level professionals is on the rise. With our Data Analytics career programme we will provide you with: 8 training modules: Excel, S\u2026","salary_min":45276.78,"contract_time":"full_time","adref":"eyJhbGciOiJIUzI1NiJ9.eyJzIjoiX3JFT0lrN0E4QkdJS3RDR1NaOGpVQSIsImkiOiI1NDg5NDcxOTY2In0.6kSq3zWwVv55-z8hs_r8VvOYZm3dH83SKNCaAHSPGbA","created":"2025-11-10T15:12:44Z","__CLASS__":"Adzuna::API::Response::Job","title":"Trainee Data Analyst","id":"5489471966","category":{"tag":"it-jobs","label":"IT Jobs","__CLASS__":"Adzuna::API::Response::Category"},"redirect_url":"https:\/\/www.adzuna.co.uk\/jobs\/land\/ad\/5489471966?se=_rEOIk7A8BGIKtCGSZ8jUA&utm_medium=api&utm_source=a306aa16&v=EED1A5120E966259B1BF0B4A43EF8D872F77B949","contract_type":"permanent","location":{"__CLASS__":"Adzuna::API::Response::Location","display_name":"UK","area":["UK"]},"salary_is_predicted":"1","salary_max":45276.78},{"__CLASS__":"Adzuna::API::Response::Job","created":"2025-11-10T09:56:48Z","adref":"eyJhbGciOiJIUzI1NiJ9.eyJpIjoiNTQ4OTE4MjcyNyIsInMiOiJfckVPSWs3QThCR0lLdENHU1o4alVBIn0.YwAUH1NQmzq0Syf-Z5FBhpKR7z35TpAjwU2SQG068sc","contract_time":"full_time","salary_min":29115,"description":"Salary: Circa \u00a329,115.00 per annum Hours: Up to 37 hours per week Are you a data-driven professional with a keen eye for accuracy and process improvement? Coastline Housing are seeking a Data Analyst to join our Repairs and Maintenance team. In this role, you\u2019ll provide accurate, timely, and auditable data entry and reconciliation support across key systems, helping us maintain high standards and drive continuous improvement. Day-to-day, you\u2019ll: Accurately input and maintain financial data betw\u2026","salary_max":29115,"salary_is_predicted":"0","category":{"tag":"accounting-finance-jobs","label":"Accounting & Finance Jobs","__CLASS__":"Adzuna::API::Response::Category"},"id":"5489182727","longitude":-5.22322,"company":{"__CLASS__":"Adzuna::API::Response::Company","display_name":"Coastline Housing"},"latitude":50.2346,"location":{"__CLASS__":"Adzuna::API::Response::Location","display_name":"Redruth, Cornwall","area":["UK","South West England","Cornwall","Redruth"]},"contract_type":"permanent","redirect_url":"https:\/\/www.adzuna.co.uk\/jobs\/land\/ad\/5489182727?se=_rEOIk7A8BGIKtCGSZ8jUA&utm_medium=api&utm_source=a306aa16&v=0CF1A418E5235DCC004CC5A40D5B020FA0CEB07D","title":"Data Analyst"},{"latitude":51.148399,"salary_max":39823.89,"salary_is_predicted":"1","redirect_url":"https:\/\/www.adzuna.co.uk\/jobs\/land\/ad\/5486727996?se=_rEOIk7A8BGIKtCGSZ8jUA&utm_medium=api&utm_source=a306aa16&v=63228B0BE7F1ACCC5A761C8C885587B0D39A8EE8","location":{"__CLASS__":"Adzuna::API::Response::Location","area":["UK","South East England","Kent","Ashford"],"display_name":"Ashford, Kent"},"title":"Data Analyst","category":{"tag":"it-jobs","__CLASS__":"Adzuna::API::Response::Category","label":"IT Jobs"},"longitude":0.875563,"id":"5486727996","__CLASS__":"Adzuna::API::Response::Job","adref":"eyJhbGciOiJIUzI1NiJ9.eyJpIjoiNTQ4NjcyNzk5NiIsInMiOiJfckVPSWs3QThCR0lLdENHU1o4alVBIn0.zqdxJ4z1zi8FCWKaNFUkQ9nN3cN_vuXLvoGbtSbn-js","created":"2025-11-08T07:15:11Z","salary_min":39823.89,"description":" Position: Data Analyst  Company: KLEEMANN UK GROUP  Location: Ashford As part of our drive toward data-driven operational excellence, we are excited to invite applications for a Data Analyst role based in Ashford. Join a global leader in the lift and elevator industry and help transform our systems and analytics functions.  Scope of the Role As the Data Analyst within the KLEEMANN UK Group, you will support the Finance Division and broader business teams by managing data systems, analysing com\u2026","company":{"__CLASS__":"Adzuna::API::Response::Company","display_name":"KLEEMANN UK"}},{"company":{"display_name":"NTT Data","__CLASS__":"Adzuna::API::Response::Company"},"location":{"__CLASS__":"Adzuna::API::Response::Location","display_name":"Glasgow, Scotland","area":["UK","Scotland","Glasgow"]},"redirect_url":"https:\/\/www.adzuna.co.uk\/jobs\/land\/ad\/5429575107?se=_rEOIk7A8BGIKtCGSZ8jUA&utm_medium=api&utm_source=a306aa16&v=1973F22893C4A517574602ADD87571D3BB2F9004","title":"Senior Data Analyst","latitude":55.86026,"created":"2025-10-03T15:43:52Z","adref":"eyJhbGciOiJIUzI1NiJ9.eyJpIjoiNTQyOTU3NTEwNyIsInMiOiJfckVPSWs3QThCR0lLdENHU1o4alVBIn0.-1KdmwsalG9BA_9AuzfJn1s-CN8tTz7Ypp6z2_jVD7Y","contract_time":"full_time","salary_min":72252.8,"description":"Competitive salary | UK\/Glasgow: hybrid working model (2-3 days on site) At NTT DATA, we know that with the right people on board, anything is possible. The quality, integrity, and commitment of our employees are key factors in our company\u2019s growth, market presence and our ability to help our clients stay a step ahead of the competition. By hiring the best people and helping them grow both professionally and personally, we ensure a bright future for NTT DATA and for the people who work here. NT\u2026","__CLASS__":"Adzuna::API::Response::Job","longitude":-4.25596,"category":{"__CLASS__":"Adzuna::API::Response::Category","label":"IT Jobs","tag":"it-jobs"},"id":"5429575107","salary_max":72252.8,"salary_is_predicted":"1"},{"created":"2025-10-21T14:37:41Z","adref":"eyJhbGciOiJIUzI1NiJ9.eyJpIjoiNTQ1NzU3MTIyNiIsInMiOiJfckVPSWs3QThCR0lLdENHU1o4alVBIn0.qCmNyTcpIDcR4QmEYNphflqBDDISs0BEVpl6WUM_BnM","contract_time":"full_time","description":"Are you ready to write your next chapter? Make your mark at one of the biggest names in payments. We\u2019re looking for an experienced Customer Due Diligence Data Analyst to join our ever-evolving CDD Enterprise team and help us unleash the potential of every business. Location: London Office only - Hybrid Working Option Available with occasional travel to other locations required What you\u2019ll own as the CDD Data Analyst Data Analysis & Reporting: Analyse large datasets on a continual basis relating\u2026","company":{"display_name":"Worldpay","__CLASS__":"Adzuna::API::Response::Company"},"salary_min":43316.57,"__CLASS__":"Adzuna::API::Response::Job","location":{"__CLASS__":"Adzuna::API::Response::Location","display_name":"London, UK","area":["UK","London"]},"redirect_url":"https:\/\/www.adzuna.co.uk\/jobs\/land\/ad\/5457571226?se=_rEOIk7A8BGIKtCGSZ8jUA&utm_medium=api&utm_source=a306aa16&v=2055A65C96552BABD9013E51B1C0FA8318933710","category":{"__CLASS__":"Adzuna::API::Response::Category","label":"IT Jobs","tag":"it-jobs"},"id":"5457571226","title":"CDD Data Analyst","salary_max":43316.57,"salary_is_predicted":"1"},{"category":{"__CLASS__":"Adzuna::API::Response::Category","label":"Retail Jobs","tag":"retail-jobs"},"id":"5480457802","longitude":-0.864295,"title":"Data Analyst","location":{"area":["UK","East Midlands","Nottinghamshire","Newark","Sibthorpe"],"display_name":"Sibthorpe, Newark","__CLASS__":"Adzuna::API::Response::Location"},"redirect_url":"https:\/\/www.adzuna.co.uk\/jobs\/land\/ad\/5480457802?se=_rEOIk7A8BGIKtCGSZ8jUA&utm_medium=api&utm_source=a306aa16&v=43CF5722F90D9E93F77A8FC6BDEE4C48492545E2","salary_is_predicted":"1","salary_max":38796.78,"latitude":53.001999,"salary_min":38796.78,"description":"Who We Are Roseland Furniture is a growing UK-based furniture retailer, born in Truro, Cornwall in 2011. We bring high-quality, stylish furniture to homes across the UK and are on a mission to become a recognised and loved brand in the ecommerce space over the next 3\u20135 years. As a fast-moving company with a start-up mentality, we\u2019re growing quickly \u2014 and we\u2019re now looking for a driven, detail-oriented individual to join our expanding ecommerce team. About the Role We are seeking a detail-orient\u2026","company":{"__CLASS__":"Adzuna::API::Response::Company","display_name":"Roseland Furniture"},"created":"2025-11-04T15:59:56Z","adref":"eyJhbGciOiJIUzI1NiJ9.eyJzIjoiX3JFT0lrN0E4QkdJS3RDR1NaOGpVQSIsImkiOiI1NDgwNDU3ODAyIn0.9aZTVid_Cnre7Q55_e17UMO723DfzHV0jfi0vEhvd0w","__CLASS__":"Adzuna::API::Response::Job"}],"count":3325,"__CLASS__":"Adzuna::API::Response::JobSearchResults"}