{"mean":113442.67,"results":[{"company":{"display_name":"SPECTRUM","__CLASS__":"Adzuna::API::Response::Company"},"salary_min":127125.94,"description":"This role requires the ability to work lawfully in the U.S. without employment-based immigration sponsorship, now or in the future. This position is responsible for analyzing business operations and recommending solutions to align individual business functions with organizational goals. This role requires understanding of the structure, policies, and operations of an organization, and recommends solutions to improve general business processes and planning. This position can collaborate with one\u2026","adref":"eyJhbGciOiJIUzI1NiJ9.eyJpIjoiNTQ5MDc3ODQzNSIsInMiOiJrQ041UUU3QThCR0lLdENHU1o4alVBIn0.0s2jCpAVUIT-FhEF8cOFmK5z5N9EU1h8H4rHmAxy860","created":"2025-11-11T08:21:04Z","__CLASS__":"Adzuna::API::Response::Job","title":"Business Analyst (On- Site, Newtown, CT)","id":"5490778435","category":{"__CLASS__":"Adzuna::API::Response::Category","label":"IT Jobs","tag":"it-jobs"},"longitude":-73.314472,"redirect_url":"https:\/\/www.adzuna.com\/land\/ad\/5490778435?se=kCN5QE7A8BGIKtCGSZ8jUA&utm_medium=api&utm_source=a306aa16&v=B46246A692CFCB64DFB82B174FF984A1F60C78F8","location":{"display_name":"Newtown, Fairfield County","area":["US","Connecticut","Fairfield County","Newtown"],"__CLASS__":"Adzuna::API::Response::Location"},"salary_is_predicted":"1","latitude":41.393943,"salary_max":127125.94},{"created":"2025-11-10T15:59:10Z","adref":"eyJhbGciOiJIUzI1NiJ9.eyJpIjoiNTQ4OTg3NTU2OCIsInMiOiJrQ041UUU3QThCR0lLdENHU1o4alVBIn0.hk6IijDQDSHnvLtmIKA1OHsXH5BnOXZLak1sVgcw8eI","company":{"__CLASS__":"Adzuna::API::Response::Company","display_name":"Capital One"},"description":"Sr. Business Analyst - Business Cards & Payments Summary: As a Senior Business Analyst at Capital One, you will apply your strategic and analytical skills to major company challenges. You will team with world-class professionals to develop and test strategies that ultimately impact the bottom line. And you will do it all in a collaborative environment that values your insight, encourages you to take on new responsibility, promotes continuous learning, and rewards innovation. General Responsibil\u2026","salary_min":115659.55,"__CLASS__":"Adzuna::API::Response::Job","location":{"__CLASS__":"Adzuna::API::Response::Location","display_name":"Richmond, Richmond County","area":["US","Virginia","Richmond County","Richmond"]},"redirect_url":"https:\/\/www.adzuna.com\/land\/ad\/5489875568?se=kCN5QE7A8BGIKtCGSZ8jUA&utm_medium=api&utm_source=a306aa16&v=94CD2996D57B3D39BE02B579CACC6EED0E017C80","longitude":-77.45,"category":{"__CLASS__":"Adzuna::API::Response::Category","label":"Accounting & Finance Jobs","tag":"accounting-finance-jobs"},"id":"5489875568","title":"Sr. Business Analyst - Business Cards & Payments","salary_max":115659.55,"latitude":37.56,"salary_is_predicted":"1"},{"description":"Business Analyst\/Senior Business Analyst Business Analyst Required Qualifications (as evidenced by an attached resume): Bachelor's degree (foreign equivalent or higher). Three (3) years of full-time experience in a business analysis, financial analysis, project management, or a similar role. Demonstrated experience with requirements analysis\/management tools (i.e. Smartsheet, ServiceNow, Jira). Experience with Microsoft Office Suite and\/or Google Workspace. Proficiency with business systems suc\u2026","company":{"display_name":"Stony Brook University","__CLASS__":"Adzuna::API::Response::Company"},"salary_min":140150.55,"adref":"eyJhbGciOiJIUzI1NiJ9.eyJzIjoia0NONVFFN0E4QkdJS3RDR1NaOGpVQSIsImkiOiI1NDg3NTEyOTg3In0.rAcbTYtAJ10lzHVutrnz0t30p8zERAeilIc9AwIgyUc","created":"2025-11-08T12:42:26Z","__CLASS__":"Adzuna::API::Response::Job","title":"Business Analyst\/Senior Business Analyst","category":{"label":"IT Jobs","__CLASS__":"Adzuna::API::Response::Category","tag":"it-jobs"},"id":"5487512987","longitude":-73.127115,"redirect_url":"https:\/\/www.adzuna.com\/land\/ad\/5487512987?se=kCN5QE7A8BGIKtCGSZ8jUA&utm_medium=api&utm_source=a306aa16&v=F6FF19CD1A605ABA0761B3322921061060A97215","location":{"__CLASS__":"Adzuna::API::Response::Location","area":["US","New York","Suffolk County","Flowerfield"],"display_name":"Flowerfield, Suffolk County"},"salary_is_predicted":"1","latitude":40.903761,"salary_max":140150.55},{"salary_max":150269.56,"latitude":40.903761,"salary_is_predicted":"1","location":{"area":["US","New York","Suffolk County","Flowerfield"],"display_name":"Flowerfield, Suffolk County","__CLASS__":"Adzuna::API::Response::Location"},"redirect_url":"https:\/\/www.adzuna.com\/land\/ad\/5487513040?se=kCN5QE7A8BGIKtCGSZ8jUA&utm_medium=api&utm_source=a306aa16&v=BC7D4A665336AB39C33C877678871DA4C068D6AB","category":{"tag":"it-jobs","__CLASS__":"Adzuna::API::Response::Category","label":"IT Jobs"},"longitude":-73.127115,"id":"5487513040","title":"Business Analyst\/Senior Business Analyst","__CLASS__":"Adzuna::API::Response::Job","created":"2025-11-08T12:42:34Z","adref":"eyJhbGciOiJIUzI1NiJ9.eyJpIjoiNTQ4NzUxMzA0MCIsInMiOiJrQ041UUU3QThCR0lLdENHU1o4alVBIn0.yDjEG6MW13i-PPzpy8O2YWs-7zdjD6Pi51EK1JwtmBw","description":"Business Analyst\/Senior Business Analyst Business Analyst Required Qualifications (as evidenced by an attached resume): Bachelor's degree (foreign equivalent or higher). Three (3) years of full-time experience in a business analysis, financial analysis, project management, or a similar role. Demonstrated experience with requirements analysis\/management tools (i.e. Smartsheet, ServiceNow, Jira). Experience with Microsoft Office Suite and\/or Google Workspace. Proficiency with business systems suc\u2026","salary_min":150269.56,"company":{"__CLASS__":"Adzuna::API::Response::Company","display_name":"Stony Brook University"}},{"company":{"display_name":"Levi, Ray & Shoup, Inc.","__CLASS__":"Adzuna::API::Response::Company"},"description":"LRS Primary Navigation  Who We Are  History (https:\/\/www.lrs.com\/who-we-are\/history\/)  Company Overview  Leadership (https:\/\/www.lrs.com\/who-we-are\/leadership\/)  A Message from Our CEO  What We Believe (https:\/\/www.lrs.com\/what-we-believe\/)  Our Mission  LRS Philosophy & Values (https:\/\/www.lrs.com\/what-we-believe\/lrs-philosophy-values\/)  Community Involvement  Wilkerson (https:\/\/www.lrs.com\/what-we-believe\/wilkerson\/)  Divisions  Careers  Get Hired  Our Culture (https:\/\/www.lrs.com\/careers\/our\u2026","salary_min":79176.83,"created":"2024-11-26T18:00:39Z","adref":"eyJhbGciOiJIUzI1NiJ9.eyJpIjoiNDk1MjQ4ODYwMiIsInMiOiJrQ041UUU3QThCR0lLdENHU1o4alVBIn0.IrYbL26UTtwwzyPFdo8b-t87YhgcoJBrqMq5E1dTPa8","__CLASS__":"Adzuna::API::Response::Job","category":{"tag":"it-jobs","__CLASS__":"Adzuna::API::Response::Category","label":"IT Jobs"},"longitude":-90.282481,"id":"4952488602","title":"Business Analyst","location":{"display_name":"Wellston, Saint Louis County","area":["US","Missouri","Saint Louis County","Wellston"],"__CLASS__":"Adzuna::API::Response::Location"},"redirect_url":"https:\/\/www.adzuna.com\/land\/ad\/4952488602?se=kCN5QE7A8BGIKtCGSZ8jUA&utm_medium=api&utm_source=a306aa16&v=F229A1246088C13EE888CF57F63BC574A79928C4","salary_is_predicted":"1","salary_max":79176.83,"latitude":38.662802},{"category":{"__CLASS__":"Adzuna::API::Response::Category","label":"IT Jobs","tag":"it-jobs"},"longitude":-93.3059,"id":"5463297042","title":"Business Analyst","location":{"__CLASS__":"Adzuna::API::Response::Location","area":["US","Minnesota","Hennepin County","Minneapolis"],"display_name":"Minneapolis, Hennepin County"},"redirect_url":"https:\/\/www.adzuna.com\/land\/ad\/5463297042?se=kCN5QE7A8BGIKtCGSZ8jUA&utm_medium=api&utm_source=a306aa16&v=6B00D1970C22D6492ABEB8C7EE6C3A8B249C48FE","salary_is_predicted":"1","salary_max":120870.68,"latitude":44.9745,"company":{"__CLASS__":"Adzuna::API::Response::Company","display_name":"Levi, Ray & Shoup, Inc."},"description":"Business Analyst (27077) Minneapolis, MN | Contract For additional information on how we handle your data, seewww.LRS.com\/privacy Job Description Fulcrum Consulting, an LRS company, is seeking a Salesforce Business Analyst with our client in Minneapolis, MN. Our client is seeking a highly skilled Salesforce Business Analyst plays a pivotal role in driving large-scale projects and transformational process changes to support evolving retail business needs. This individual will serve as a strategi\u2026","salary_min":120870.68,"created":"2025-10-24T19:38:24Z","adref":"eyJhbGciOiJIUzI1NiJ9.eyJzIjoia0NONVFFN0E4QkdJS3RDR1NaOGpVQSIsImkiOiI1NDYzMjk3MDQyIn0.TIJH0vQmG8_nm09ebgc91w0WCCzMMrgxwq9947Yr6AU","__CLASS__":"Adzuna::API::Response::Job"},{"created":"2025-10-23T19:36:44Z","adref":"eyJhbGciOiJIUzI1NiJ9.eyJzIjoia0NONVFFN0E4QkdJS3RDR1NaOGpVQSIsImkiOiI1NDYxNjg0OTM2In0.qpCI1V2R_gqZJjH3nMWn9HhfBrbtla-4ku-eR7kzmkg","description":"Our client is seeking a Business Analyst to join their team. As a Business Analyst, you will be part of the Data & Analytics Product Management team supporting various departments including marketing, sales, e-commerce, and consumer insights. The ideal candidate will demonstrate strong analytical skills, effective communication, and a collaborative mindset, which will align successfully in the organization. Job Title: Business Analyst Location: St. Louis, MO (Onsite, Full-time, 40 hours\/week Wo\u2026","company":{"display_name":"ManpowerGroup","__CLASS__":"Adzuna::API::Response::Company"},"salary_min":150189.05,"__CLASS__":"Adzuna::API::Response::Job","location":{"display_name":"Wellston, Saint Louis County","area":["US","Missouri","Saint Louis County","Wellston"],"__CLASS__":"Adzuna::API::Response::Location"},"redirect_url":"https:\/\/www.adzuna.com\/land\/ad\/5461684936?se=kCN5QE7A8BGIKtCGSZ8jUA&utm_medium=api&utm_source=a306aa16&v=27393C38E1E38FB7BAA481181C7062532FE71714","category":{"tag":"it-jobs","__CLASS__":"Adzuna::API::Response::Category","label":"IT Jobs"},"id":"5461684936","longitude":-90.282481,"title":"Business Analyst","salary_max":150189.05,"latitude":38.662802,"salary_is_predicted":"1"},{"salary_max":89572.4,"latitude":42.356644,"salary_is_predicted":"1","location":{"__CLASS__":"Adzuna::API::Response::Location","area":["US","Massachusetts","Suffolk County","Boston"],"display_name":"Boston, Suffolk County"},"redirect_url":"https:\/\/www.adzuna.com\/land\/ad\/5482548990?se=kCN5QE7A8BGIKtCGSZ8jUA&utm_medium=api&utm_source=a306aa16&v=F54FE922DE3E39B102C877DAC19E327EDD5C1BD2","longitude":-71.065917,"category":{"label":"IT Jobs","__CLASS__":"Adzuna::API::Response::Category","tag":"it-jobs"},"id":"5482548990","title":"Business Analyst","__CLASS__":"Adzuna::API::Response::Job","created":"2025-11-05T13:26:30Z","adref":"eyJhbGciOiJIUzI1NiJ9.eyJpIjoiNTQ4MjU0ODk5MCIsInMiOiJrQ041UUU3QThCR0lLdENHU1o4alVBIn0.sc9WRWEh5czooNXveGIYt0I4W4wk_BNvrq6I7gAUdeg","company":{"display_name":"Insight Global","__CLASS__":"Adzuna::API::Response::Company"},"description":"Job Description We are looking for a highly skilled Business Analyst. The Business Analyst is responsible for analyzing and optimizing business processes, improving operational efficiency, and supporting the implementation of technology solutions to enhance the administration. This role involves collaborating with IT teams, and other stakeholders to identify needs, gather requirements, and develop data-driven solutions to support the administrations strategic objectives. Compensation: $50-60\/hr\u2026","salary_min":89572.4},{"__CLASS__":"Adzuna::API::Response::Job","description":"LRS Primary Navigation  Who We Are  History (https:\/\/www.lrs.com\/who-we-are\/history\/)  Company Overview  Leadership (https:\/\/www.lrs.com\/who-we-are\/leadership\/)  A Message from Our CEO  What We Believe (https:\/\/www.lrs.com\/what-we-believe\/)  Our Mission  LRS Philosophy & Values (https:\/\/www.lrs.com\/what-we-believe\/lrs-philosophy-values\/)  Community Involvement  Wilkerson (https:\/\/www.lrs.com\/what-we-believe\/wilkerson\/)  Divisions  Careers  Get Hired  Our Culture (https:\/\/www.lrs.com\/careers\/our\u2026","company":{"__CLASS__":"Adzuna::API::Response::Company","display_name":"Levi, Ray & Shoup, Inc."},"salary_min":100259.23,"created":"2025-10-24T19:38:24Z","adref":"eyJhbGciOiJIUzI1NiJ9.eyJzIjoia0NONVFFN0E4QkdJS3RDR1NaOGpVQSIsImkiOiI1NDYzMjk2OTE1In0.062ffuJwDIs5Cqq6nbbK2ZpFRGAs1nP4AvwCSNLTalc","salary_is_predicted":"1","salary_max":100259.23,"latitude":44.9745,"category":{"label":"IT Jobs","__CLASS__":"Adzuna::API::Response::Category","tag":"it-jobs"},"id":"5463296915","longitude":-93.3059,"title":"Business Analyst","location":{"area":["US","Minnesota","Hennepin County","Minneapolis"],"display_name":"Minneapolis, Hennepin County","__CLASS__":"Adzuna::API::Response::Location"},"redirect_url":"https:\/\/www.adzuna.com\/land\/ad\/5463296915?se=kCN5QE7A8BGIKtCGSZ8jUA&utm_medium=api&utm_source=a306aa16&v=E6BD94432EAAF5CBAC8D95E472F7F02BA2EC9ECE"},{"salary_is_predicted":"1","salary_max":64846.34,"latitude":38.89969,"longitude":-77.02717,"category":{"__CLASS__":"Adzuna::API::Response::Category","label":"IT Jobs","tag":"it-jobs"},"id":"5489685596","title":"Business Analyst","location":{"__CLASS__":"Adzuna::API::Response::Location","area":["US","Washington, D.C."],"display_name":"Washington, D.C., US"},"redirect_url":"https:\/\/www.adzuna.com\/land\/ad\/5489685596?se=kCN5QE7A8BGIKtCGSZ8jUA&utm_medium=api&utm_source=a306aa16&v=147B465B3AE280B27D1639316533E130659DF054","__CLASS__":"Adzuna::API::Response::Job","company":{"display_name":"Actalent","__CLASS__":"Adzuna::API::Response::Company"},"description":"Job Title: Business Analyst Job Description We are seeking a skilled Business Analyst to join our dynamic team. This role involves eliciting, analyzing, and documenting business, user, and product requirements that capture functional, non-functional, and compliance-related needs. As a Business Analyst, you will partner with Product Owners, Engineering, and QA to ensure requirements are technically sound, testable, and interconnected across systems. You will also support QA by linking requiremen\u2026","salary_min":64846.34,"created":"2025-11-10T13:50:17Z","adref":"eyJhbGciOiJIUzI1NiJ9.eyJzIjoia0NONVFFN0E4QkdJS3RDR1NaOGpVQSIsImkiOiI1NDg5Njg1NTk2In0.wnSP0DqYGebq9q_6X8L8ZK4wWdzwy3zEWRWHQvogL2w"},{"location":{"display_name":"Five Points, Wake County","area":["US","North Carolina","Wake County","Five Points"],"__CLASS__":"Adzuna::API::Response::Location"},"redirect_url":"https:\/\/www.adzuna.com\/land\/ad\/5489619640?se=kCN5QE7A8BGIKtCGSZ8jUA&utm_medium=api&utm_source=a306aa16&v=2264B8B0047BDC443AF2FD6F64443BE14C5DCE67","id":"5489619640","category":{"__CLASS__":"Adzuna::API::Response::Category","label":"IT Jobs","tag":"it-jobs"},"longitude":-78.646597,"title":"Business Analyst","salary_max":69148.03,"latitude":35.807915,"salary_is_predicted":"1","created":"2025-11-10T12:25:54Z","adref":"eyJhbGciOiJIUzI1NiJ9.eyJzIjoia0NONVFFN0E4QkdJS3RDR1NaOGpVQSIsImkiOiI1NDg5NjE5NjQwIn0.GsqLRJz3q3Ueg3mOC4-YjvZeUALmffUU3JlZKZysYqI","description":"Job Title: Business Analyst Job Description We are seeking a skilled Business Analyst to join our dynamic team. This role involves eliciting, analyzing, and documenting business, user, and product requirements that capture functional, non-functional, and compliance-related needs. As a Business Analyst, you will partner with Product Owners, Engineering, and QA to ensure requirements are technically sound, testable, and interconnected across systems. You will also support QA by linking requiremen\u2026","company":{"display_name":"Actalent","__CLASS__":"Adzuna::API::Response::Company"},"salary_min":69148.03,"__CLASS__":"Adzuna::API::Response::Job"},{"__CLASS__":"Adzuna::API::Response::Job","company":{"__CLASS__":"Adzuna::API::Response::Company","display_name":"CAI"},"description":"Business Analyst Req number: R6576 Employment type: Full time Worksite flexibility: Remote Who we are CAI is a global technology services firm with over 8,500 associates worldwide and a yearly revenue of $1 billion. We have over 40 years of excellence in uniting talent and technology to power the possible for our clients, colleagues, and communities. As a privately held company, we have the freedom and focus to do what is right-whatever it takes. Our tailor-made solutions create lasting results\u2026","salary_min":98442.29,"adref":"eyJhbGciOiJIUzI1NiJ9.eyJpIjoiNTQ4NTk5MTQ4MCIsInMiOiJrQ041UUU3QThCR0lLdENHU1o4alVBIn0.9ZoUDj7huXRVJbMH8R1kB63EuUNpAfPaBvUeVxcIldQ","created":"2025-11-07T14:06:50Z","salary_is_predicted":"1","latitude":38.35162,"salary_max":98442.29,"title":"Business Analyst","category":{"label":"IT Jobs","__CLASS__":"Adzuna::API::Response::Category","tag":"it-jobs"},"id":"5485991480","longitude":-81.63006,"redirect_url":"https:\/\/www.adzuna.com\/land\/ad\/5485991480?se=kCN5QE7A8BGIKtCGSZ8jUA&utm_medium=api&utm_source=a306aa16&v=010357ADC640654F313B9449C7B2E1B28C847147","location":{"area":["US","West Virginia","Kanawha County","Charleston"],"display_name":"Charleston, Kanawha County","__CLASS__":"Adzuna::API::Response::Location"}},{"category":{"__CLASS__":"Adzuna::API::Response::Category","label":"IT Jobs","tag":"it-jobs"},"longitude":-72.58082,"id":"5485993808","title":"Business Analyst","location":{"area":["US","Vermont","Washington County","Montpelier"],"display_name":"Montpelier, Washington County","__CLASS__":"Adzuna::API::Response::Location"},"redirect_url":"https:\/\/www.adzuna.com\/land\/ad\/5485993808?se=kCN5QE7A8BGIKtCGSZ8jUA&utm_medium=api&utm_source=a306aa16&v=D9ED33977AB8336F4FCAA8D4E1F81901C8E7BF9D","salary_is_predicted":"1","salary_max":93530.42,"latitude":44.26173,"description":"Business Analyst Req number: R6576 Employment type: Full time Worksite flexibility: Remote Who we are CAI is a global technology services firm with over 8,500 associates worldwide and a yearly revenue of $1 billion. We have over 40 years of excellence in uniting talent and technology to power the possible for our clients, colleagues, and communities. As a privately held company, we have the freedom and focus to do what is right-whatever it takes. Our tailor-made solutions create lasting results\u2026","company":{"__CLASS__":"Adzuna::API::Response::Company","display_name":"CAI"},"salary_min":93530.42,"created":"2025-11-07T14:10:25Z","adref":"eyJhbGciOiJIUzI1NiJ9.eyJzIjoia0NONVFFN0E4QkdJS3RDR1NaOGpVQSIsImkiOiI1NDg1OTkzODA4In0.YSVjWv6Qrpgf-q32pqbpkUPRGxdxS5bl42ONOk74tQA","__CLASS__":"Adzuna::API::Response::Job"},{"salary_max":93991.28,"latitude":35.432646,"salary_is_predicted":"1","location":{"area":["US","Oklahoma","Oklahoma County","Oklahoma City"],"display_name":"Oklahoma City, Oklahoma County","__CLASS__":"Adzuna::API::Response::Location"},"redirect_url":"https:\/\/www.adzuna.com\/land\/ad\/5485903835?se=kCN5QE7A8BGIKtCGSZ8jUA&utm_medium=api&utm_source=a306aa16&v=190364157FB8EED2073C57227A06EFA2EFCA26F3","longitude":-97.524283,"category":{"label":"IT Jobs","__CLASS__":"Adzuna::API::Response::Category","tag":"it-jobs"},"id":"5485903835","title":"Business Analyst","__CLASS__":"Adzuna::API::Response::Job","created":"2025-11-07T13:03:14Z","adref":"eyJhbGciOiJIUzI1NiJ9.eyJpIjoiNTQ4NTkwMzgzNSIsInMiOiJrQ041UUU3QThCR0lLdENHU1o4alVBIn0.MfqyrVkdk8ibcPJlGsvIEH_t2sWmsbhWVIG4ncj8gbs","description":"Business Analyst Req number: R6576 Employment type: Full time Worksite flexibility: Remote Who we are CAI is a global technology services firm with over 8,500 associates worldwide and a yearly revenue of $1 billion. We have over 40 years of excellence in uniting talent and technology to power the possible for our clients, colleagues, and communities. As a privately held company, we have the freedom and focus to do what is right-whatever it takes. Our tailor-made solutions create lasting results\u2026","company":{"display_name":"CAI","__CLASS__":"Adzuna::API::Response::Company"},"salary_min":93991.28},{"company":{"__CLASS__":"Adzuna::API::Response::Company","display_name":"CAI"},"description":"Business Analyst Req number: R6576 Employment type: Full time Worksite flexibility: Remote Who we are CAI is a global technology services firm with over 8,500 associates worldwide and a yearly revenue of $1 billion. We have over 40 years of excellence in uniting talent and technology to power the possible for our clients, colleagues, and communities. As a privately held company, we have the freedom and focus to do what is right-whatever it takes. Our tailor-made solutions create lasting results\u2026","salary_min":93593.51,"created":"2025-11-07T12:59:06Z","adref":"eyJhbGciOiJIUzI1NiJ9.eyJzIjoia0NONVFFN0E4QkdJS3RDR1NaOGpVQSIsImkiOiI1NDg1ODk2OTcwIn0.X6gM7ALa1vamKjTndLD4byOptqjaIt9FnvD-XNAtQCU","__CLASS__":"Adzuna::API::Response::Job","id":"5485896970","category":{"tag":"it-jobs","label":"IT Jobs","__CLASS__":"Adzuna::API::Response::Category"},"longitude":-93.09298,"title":"Business Analyst","location":{"__CLASS__":"Adzuna::API::Response::Location","display_name":"Saint Paul, Ramsey County","area":["US","Minnesota","Ramsey County","Saint Paul"]},"redirect_url":"https:\/\/www.adzuna.com\/land\/ad\/5485896970?se=kCN5QE7A8BGIKtCGSZ8jUA&utm_medium=api&utm_source=a306aa16&v=B15E0283BB817F97A689F51799D6641749D789B8","salary_is_predicted":"1","salary_max":93593.51,"latitude":44.94452},{"title":"Business Analyst","id":"5487311746","category":{"tag":"it-jobs","label":"IT Jobs","__CLASS__":"Adzuna::API::Response::Category"},"longitude":-76.533695,"redirect_url":"https:\/\/www.adzuna.com\/land\/ad\/5487311746?se=kCN5QE7A8BGIKtCGSZ8jUA&utm_medium=api&utm_source=a306aa16&v=A986569075CC6F1964C2B73D6B1E6123C505E124","location":{"area":["US","Maryland","Anne Arundel County","Annapolis"],"display_name":"Annapolis, Anne Arundel County","__CLASS__":"Adzuna::API::Response::Location"},"salary_is_predicted":"1","latitude":38.982355,"salary_max":117407.79,"company":{"__CLASS__":"Adzuna::API::Response::Company","display_name":"CAI"},"salary_min":117407.79,"description":"Business Analyst Req number: R6576 Employment type: Full time Worksite flexibility: Remote Who we are CAI is a global technology services firm with over 8,500 associates worldwide and a yearly revenue of $1 billion. We have over 40 years of excellence in uniting talent and technology to power the possible for our clients, colleagues, and communities. As a privately held company, we have the freedom and focus to do what is right-whatever it takes. Our tailor-made solutions create lasting results\u2026","adref":"eyJhbGciOiJIUzI1NiJ9.eyJpIjoiNTQ4NzMxMTc0NiIsInMiOiJrQ041UUU3QThCR0lLdENHU1o4alVBIn0.xkM2txG_9tvXkCfheJ04XX_mShdZg7fFfpDNnlzgRqc","created":"2025-11-08T10:25:30Z","__CLASS__":"Adzuna::API::Response::Job"},{"salary_max":96969.7,"latitude":47.031096,"salary_is_predicted":"1","location":{"display_name":"Tumwater, Thurston County","area":["US","Washington","Thurston County","Tumwater"],"__CLASS__":"Adzuna::API::Response::Location"},"redirect_url":"https:\/\/www.adzuna.com\/land\/ad\/5485931863?se=kCN5QE7A8BGIKtCGSZ8jUA&utm_medium=api&utm_source=a306aa16&v=D4E0C5A5951D86EB5C21FCC15BA3F7159318823F","category":{"tag":"it-jobs","__CLASS__":"Adzuna::API::Response::Category","label":"IT Jobs"},"id":"5485931863","longitude":-122.870669,"title":"Business Analyst","__CLASS__":"Adzuna::API::Response::Job","created":"2025-11-07T13:25:18Z","adref":"eyJhbGciOiJIUzI1NiJ9.eyJpIjoiNTQ4NTkzMTg2MyIsInMiOiJrQ041UUU3QThCR0lLdENHU1o4alVBIn0.k_gSdBtHoHnx0e99yT_dYdSaI92E0m7YNuQWg52XaXk","company":{"__CLASS__":"Adzuna::API::Response::Company","display_name":"CAI"},"salary_min":96969.7,"description":"Business Analyst Req number: R6576 Employment type: Full time Worksite flexibility: Remote Who we are CAI is a global technology services firm with over 8,500 associates worldwide and a yearly revenue of $1 billion. We have over 40 years of excellence in uniting talent and technology to power the possible for our clients, colleagues, and communities. As a privately held company, we have the freedom and focus to do what is right-whatever it takes. Our tailor-made solutions create lasting results\u2026"},{"redirect_url":"https:\/\/www.adzuna.com\/land\/ad\/5485896944?se=kCN5QE7A8BGIKtCGSZ8jUA&utm_medium=api&utm_source=a306aa16&v=8D7283367C814CC8723A1FF86EDB4901CCDBDE1F","location":{"area":["US","Connecticut","Hartford County","Talcott Village"],"display_name":"Talcott Village, Hartford County","__CLASS__":"Adzuna::API::Response::Location"},"title":"Business Analyst","id":"5485896944","category":{"label":"IT Jobs","__CLASS__":"Adzuna::API::Response::Category","tag":"it-jobs"},"longitude":-72.683866,"latitude":41.7657,"salary_max":103211.31,"salary_is_predicted":"1","adref":"eyJhbGciOiJIUzI1NiJ9.eyJzIjoia0NONVFFN0E4QkdJS3RDR1NaOGpVQSIsImkiOiI1NDg1ODk2OTQ0In0.1AqqZd5nxG_HgSI72K2oly_k0-R7A43lJUcJewO8LzY","created":"2025-11-07T12:59:05Z","salary_min":103211.31,"description":"Business Analyst Req number: R6576 Employment type: Full time Worksite flexibility: Remote Who we are CAI is a global technology services firm with over 8,500 associates worldwide and a yearly revenue of $1 billion. We have over 40 years of excellence in uniting talent and technology to power the possible for our clients, colleagues, and communities. As a privately held company, we have the freedom and focus to do what is right-whatever it takes. Our tailor-made solutions create lasting results\u2026","company":{"display_name":"CAI","__CLASS__":"Adzuna::API::Response::Company"},"__CLASS__":"Adzuna::API::Response::Job"},{"salary_is_predicted":"1","salary_max":128205.62,"latitude":44.33616,"longitude":-69.7445,"category":{"tag":"it-jobs","label":"IT Jobs","__CLASS__":"Adzuna::API::Response::Category"},"id":"5485874633","title":"Business Analyst","location":{"__CLASS__":"Adzuna::API::Response::Location","display_name":"Augusta, Kennebec County","area":["US","Maine","Kennebec County","Augusta"]},"redirect_url":"https:\/\/www.adzuna.com\/land\/ad\/5485874633?se=kCN5QE7A8BGIKtCGSZ8jUA&utm_medium=api&utm_source=a306aa16&v=82E1BF392A76C2DF45853489D3FB4F6953049E35","__CLASS__":"Adzuna::API::Response::Job","description":"Business Analyst Req number: R6576 Employment type: Full time Worksite flexibility: Remote Who we are CAI is a global technology services firm with over 8,500 associates worldwide and a yearly revenue of $1 billion. We have over 40 years of excellence in uniting talent and technology to power the possible for our clients, colleagues, and communities. As a privately held company, we have the freedom and focus to do what is right-whatever it takes. Our tailor-made solutions create lasting results\u2026","salary_min":128205.62,"company":{"display_name":"CAI","__CLASS__":"Adzuna::API::Response::Company"},"created":"2025-11-07T12:26:13Z","adref":"eyJhbGciOiJIUzI1NiJ9.eyJzIjoia0NONVFFN0E4QkdJS3RDR1NaOGpVQSIsImkiOiI1NDg1ODc0NjMzIn0.Sxt1I1gK4I_oYM3WQY4GmjbOmhUJpUmUkCmSl9XpvQc"},{"__CLASS__":"Adzuna::API::Response::Job","company":{"__CLASS__":"Adzuna::API::Response::Company","display_name":"CAI"},"description":"Business Analyst Req number: R6576 Employment type: Full time Worksite flexibility: Remote Who we are CAI is a global technology services firm with over 8,500 associates worldwide and a yearly revenue of $1 billion. We have over 40 years of excellence in uniting talent and technology to power the possible for our clients, colleagues, and communities. As a privately held company, we have the freedom and focus to do what is right-whatever it takes. Our tailor-made solutions create lasting results\u2026","salary_min":143456.88,"created":"2025-11-07T12:58:06Z","adref":"eyJhbGciOiJIUzI1NiJ9.eyJzIjoia0NONVFFN0E4QkdJS3RDR1NaOGpVQSIsImkiOiI1NDg1ODk2NDA3In0.Uurx6wDmQ_OQzKVaTfrlPb5_S1TTAZyfOD_CxbWYfvM","salary_is_predicted":"1","salary_max":143456.88,"latitude":34.752418,"id":"5485896407","category":{"tag":"it-jobs","__CLASS__":"Adzuna::API::Response::Category","label":"IT Jobs"},"longitude":-92.344809,"title":"Business Analyst","location":{"area":["US","Arkansas","Pulaski County","Cammack Village"],"display_name":"Cammack Village, Pulaski County","__CLASS__":"Adzuna::API::Response::Location"},"redirect_url":"https:\/\/www.adzuna.com\/land\/ad\/5485896407?se=kCN5QE7A8BGIKtCGSZ8jUA&utm_medium=api&utm_source=a306aa16&v=D28F9315910E760868F4A575538C9EE1293E7612"}],"count":22078,"__CLASS__":"Adzuna::API::Response::JobSearchResults"}