{"results":[{"salary_max":166350.06,"created":"2025-11-10T14:12:17Z","category":{"label":"Engineering Jobs","tag":"engineering-jobs","__CLASS__":"Adzuna::API::Response::Category"},"location":{"__CLASS__":"Adzuna::API::Response::Location","display_name":"Kinloch, Saint Louis County","area":["US","Missouri","Saint Louis County","Kinloch"]},"longitude":-90.341406,"title":"Software Engineer\u2013Developer (Development)","latitude":38.741013,"redirect_url":"https:\/\/www.adzuna.com\/land\/ad\/5489721046?se=5ixvtze_8BGF7Jv3VGbmBw&utm_medium=api&utm_source=a306aa16&v=EFE6670297058901B540EB86BD62F3A297BA7347","id":"5489721046","salary_min":166350.06,"__CLASS__":"Adzuna::API::Response::Job","company":{"__CLASS__":"Adzuna::API::Response::Company","display_name":"BOEING"},"description":"Job Description At Boeing, we innovate and collaborate to make the world a better place. We\u2019re committed to fostering an environment for every teammate that\u2019s welcoming, respectful and inclusive, with great opportunity for professional growth. Find your future with us. The Boeing Company is currently seeking Software Engineers\u2013Developers (Associate, Experienced or Senior) to support our Air Proprietary 2 (AP2) Mission Systems team located in Berkeley, Missouri. This position will focus on suppo\u2026","salary_is_predicted":"1","adref":"eyJhbGciOiJIUzI1NiJ9.eyJpIjoiNTQ4OTcyMTA0NiIsInMiOiI1aXh2dHplXzhCR0Y3SnYzVkdibUJ3In0.BrL04FMJ30Gp6tqBEIQiQsy14fUgIaFYbAI4k_YB5fo"},{"created":"2025-10-07T01:38:30Z","location":{"area":["US","New Mexico","Santa Fe County","Edgewood"],"display_name":"Edgewood, Santa Fe County","__CLASS__":"Adzuna::API::Response::Location"},"longitude":-106.198601,"category":{"label":"Healthcare & Nursing Jobs","__CLASS__":"Adzuna::API::Response::Category","tag":"healthcare-nursing-jobs"},"contract_time":"full_time","id":"5435062543","title":"Business Development Director","__CLASS__":"Adzuna::API::Response::Job","company":{"display_name":"Encompass Health Rehabilitation Hospital of Albuquerque","__CLASS__":"Adzuna::API::Response::Company"},"salary_min":69137.09,"salary_is_predicted":"1","salary_max":69137.09,"redirect_url":"https:\/\/www.adzuna.com\/land\/ad\/5435062543?se=5ixvtze_8BGF7Jv3VGbmBw&utm_medium=api&utm_source=a306aa16&v=1BAFA017E4E0F56898C8C721CD9CB87A65338726","latitude":35.075325,"adref":"eyJhbGciOiJIUzI1NiJ9.eyJzIjoiNWl4dnR6ZV84QkdGN0p2M1ZHYm1CdyIsImkiOiI1NDM1MDYyNTQzIn0.Jgf9LuJxlEWfFPi9DFTmVMKIF_ujquU4jwgtGAKjYVI","description":"Business Development Director Career Opportunity Acknowledged and Appreciated for your expertise in Business Development Are you an experienced Business Development Director that is ready to lead with purpose and make a meaningful impact in healthcare? At Encompass Health, we bring careers close to home and heart. We are seeking a passionate and driven Business Development Director to lead and inspire our hospitals inpatient and outpatient growth in an IRF and\/or LTCH setting. In this senior le\u2026"},{"adref":"eyJhbGciOiJIUzI1NiJ9.eyJpIjoiNTQ4MTM4NzI2NiIsInMiOiI1aXh2dHplXzhCR0Y3SnYzVkdibUJ3In0.B7soES2nJBozjGb9lkqm7dL82fqVK52O7c24Nb93Jyw","description":"Business Development Director Career Opportunity Acknowledged and Appreciated for your expertise in Business Development Are you an experienced Business Development Director that is ready to lead with purpose and make a meaningful impact in healthcare? At Encompass Health, we bring careers close to home and heart. We are seeking a passionate and driven Business Development Director to lead and inspire our hospitals inpatient and outpatient growth in an IRF and\/or LTCH setting. In this senior le\u2026","redirect_url":"https:\/\/www.adzuna.com\/land\/ad\/5481387266?se=5ixvtze_8BGF7Jv3VGbmBw&utm_medium=api&utm_source=a306aa16&v=A60DD892FE22FCA0D8F65E219E7F4E62B2BC094C","latitude":35.07756,"salary_max":100920.47,"salary_is_predicted":"1","__CLASS__":"Adzuna::API::Response::Job","company":{"__CLASS__":"Adzuna::API::Response::Company","display_name":"Encompass Health Rehabilitation Hospital of Memphis, a partner of Methodist Healthcare"},"salary_min":100920.47,"contract_time":"full_time","id":"5481387266","title":"Business Development Director","longitude":-89.68788,"location":{"area":["US","Tennessee","Shelby County","Collierville"],"display_name":"Collierville, Shelby County","__CLASS__":"Adzuna::API::Response::Location"},"category":{"label":"Healthcare & Nursing Jobs","tag":"healthcare-nursing-jobs","__CLASS__":"Adzuna::API::Response::Category"},"created":"2025-11-04T20:21:59Z"},{"description":"Business Development Director Career Opportunity Acknowledged and Appreciated for your expertise in Business Development Are you an experienced Business Development Director that is ready to lead with purpose and make a meaningful impact in healthcare? At Encompass Health, we bring careers close to home and heart. We are seeking a passionate and driven Business Development Director to lead and inspire our hospitals inpatient and outpatient growth in an IRF and\/or LTCH setting. In this senior le\u2026","adref":"eyJhbGciOiJIUzI1NiJ9.eyJpIjoiNTQzNjMxOTE5NSIsInMiOiI1aXh2dHplXzhCR0Y3SnYzVkdibUJ3In0.A-ZDTrK1O2hNdnSQ_lgPKe8q-p4JAMkfA-fz37uUyjk","latitude":34.119024,"redirect_url":"https:\/\/www.adzuna.com\/land\/ad\/5436319195?se=5ixvtze_8BGF7Jv3VGbmBw&utm_medium=api&utm_source=a306aa16&v=7DE34A8B9DAF7D68E1D8C34BABDF354B0D4243F0","salary_max":77590.86,"salary_is_predicted":"1","salary_min":77590.86,"__CLASS__":"Adzuna::API::Response::Job","company":{"__CLASS__":"Adzuna::API::Response::Company","display_name":"Encompass Health Rehabilitation Hospital of Columbia"},"title":"Business Development Director","id":"5436319195","contract_time":"full_time","longitude":-81.196177,"location":{"__CLASS__":"Adzuna::API::Response::Location","display_name":"Irmo, Richland County","area":["US","South Carolina","Richland County","Irmo"]},"category":{"label":"Healthcare & Nursing Jobs","__CLASS__":"Adzuna::API::Response::Category","tag":"healthcare-nursing-jobs"},"created":"2025-10-07T17:25:52Z"},{"salary_is_predicted":"1","company":{"__CLASS__":"Adzuna::API::Response::Company","display_name":"Encompass Health Rehabilitation Hospital of Albuquerque"},"__CLASS__":"Adzuna::API::Response::Job","salary_min":94941.91,"id":"5435062548","contract_time":"full_time","title":"Business Development Director","category":{"label":"Healthcare & Nursing Jobs","__CLASS__":"Adzuna::API::Response::Category","tag":"healthcare-nursing-jobs"},"location":{"area":["US","New Mexico","Valencia County","Los Trujillos"],"__CLASS__":"Adzuna::API::Response::Location","display_name":"Los Trujillos, Valencia County"},"longitude":-106.68666,"created":"2025-10-07T01:38:30Z","adref":"eyJhbGciOiJIUzI1NiJ9.eyJzIjoiNWl4dnR6ZV84QkdGN0p2M1ZHYm1CdyIsImkiOiI1NDM1MDYyNTQ4In0.GhcFand58I-HiwXiFgIOD3R5J9KWSH_qu9RuFhgEL20","description":"Business Development Director Career Opportunity Acknowledged and Appreciated for your expertise in Business Development Are you an experienced Business Development Director that is ready to lead with purpose and make a meaningful impact in healthcare? At Encompass Health, we bring careers close to home and heart. We are seeking a passionate and driven Business Development Director to lead and inspire our hospitals inpatient and outpatient growth in an IRF and\/or LTCH setting. In this senior le\u2026","redirect_url":"https:\/\/www.adzuna.com\/land\/ad\/5435062548?se=5ixvtze_8BGF7Jv3VGbmBw&utm_medium=api&utm_source=a306aa16&v=0BFB080BB595612D2925030ED766C3DF14B5A62F","latitude":34.61034,"salary_max":94941.91},{"latitude":35.045091,"redirect_url":"https:\/\/www.adzuna.com\/land\/ad\/5481387273?se=5ixvtze_8BGF7Jv3VGbmBw&utm_medium=api&utm_source=a306aa16&v=CCE7ECA70AE0FE5E686841E6DFF7ABA316C364AB","salary_max":95211.29,"description":"Business Development Director Career Opportunity Acknowledged and Appreciated for your expertise in Business Development Are you an experienced Business Development Director that is ready to lead with purpose and make a meaningful impact in healthcare? At Encompass Health, we bring careers close to home and heart. We are seeking a passionate and driven Business Development Director to lead and inspire our hospitals inpatient and outpatient growth in an IRF and\/or LTCH setting. In this senior le\u2026","adref":"eyJhbGciOiJIUzI1NiJ9.eyJzIjoiNWl4dnR6ZV84QkdGN0p2M1ZHYm1CdyIsImkiOiI1NDgxMzg3MjczIn0.Jrakqm53q7zuJQUjo3NWOqWWW92BRmZNEJWOhygD70g","title":"Business Development Director","id":"5481387273","contract_time":"full_time","location":{"area":["US","Tennessee","Shelby County","Piperton"],"display_name":"Piperton, Shelby County","__CLASS__":"Adzuna::API::Response::Location"},"longitude":-89.621748,"category":{"label":"Healthcare & Nursing Jobs","__CLASS__":"Adzuna::API::Response::Category","tag":"healthcare-nursing-jobs"},"created":"2025-11-04T20:21:59Z","salary_is_predicted":"1","salary_min":95211.29,"__CLASS__":"Adzuna::API::Response::Job","company":{"__CLASS__":"Adzuna::API::Response::Company","display_name":"Encompass Health Rehabilitation Hospital of Memphis, a partner of Methodist Healthcare"}},{"adref":"eyJhbGciOiJIUzI1NiJ9.eyJpIjoiNTQ4MTM4NzI2NyIsInMiOiI1aXh2dHplXzhCR0Y3SnYzVkdibUJ3In0.huKs5s8tsGvSEJnONOE3j3WzBzHFs_SWICpVfudB2RM","description":"Business Development Director Career Opportunity Acknowledged and Appreciated for your expertise in Business Development Are you an experienced Business Development Director that is ready to lead with purpose and make a meaningful impact in healthcare? At Encompass Health, we bring careers close to home and heart. We are seeking a passionate and driven Business Development Director to lead and inspire our hospitals inpatient and outpatient growth in an IRF and\/or LTCH setting. In this senior le\u2026","salary_max":90280.09,"redirect_url":"https:\/\/www.adzuna.com\/land\/ad\/5481387267?se=5ixvtze_8BGF7Jv3VGbmBw&utm_medium=api&utm_source=a306aa16&v=0E34A90DE7F30F5B556D3632F387606C4152F672","latitude":35.422755,"company":{"__CLASS__":"Adzuna::API::Response::Company","display_name":"Encompass Health Rehabilitation Hospital of Memphis, a partner of Methodist Healthcare"},"__CLASS__":"Adzuna::API::Response::Job","salary_min":90280.09,"salary_is_predicted":"1","created":"2025-11-04T20:21:59Z","longitude":-89.773684,"location":{"area":["US","Tennessee","Tipton County","Atoka"],"__CLASS__":"Adzuna::API::Response::Location","display_name":"Atoka, Tipton County"},"category":{"label":"Healthcare & Nursing Jobs","tag":"healthcare-nursing-jobs","__CLASS__":"Adzuna::API::Response::Category"},"contract_time":"full_time","id":"5481387267","title":"Business Development Director"},{"redirect_url":"https:\/\/www.adzuna.com\/land\/ad\/5481387256?se=5ixvtze_8BGF7Jv3VGbmBw&utm_medium=api&utm_source=a306aa16&v=AB392A1C6AAD51C1367842C8F4E0F3AD2377253E","contract_time":"full_time","id":"5481387256","title":"Business Development Director","location":{"area":["US"],"__CLASS__":"Adzuna::API::Response::Location","display_name":"US"},"category":{"label":"Healthcare & Nursing Jobs","__CLASS__":"Adzuna::API::Response::Category","tag":"healthcare-nursing-jobs"},"created":"2025-11-04T20:21:59Z","salary_max":76361.48,"adref":"eyJhbGciOiJIUzI1NiJ9.eyJzIjoiNWl4dnR6ZV84QkdGN0p2M1ZHYm1CdyIsImkiOiI1NDgxMzg3MjU2In0.sM3AdtqPaUOAdTweeqxlvasrB_mvXWIGz43QZisBh8U","salary_is_predicted":"1","description":"Business Development Director Career Opportunity Acknowledged and Appreciated for your expertise in Business Development Are you an experienced Business Development Director that is ready to lead with purpose and make a meaningful impact in healthcare? At Encompass Health, we bring careers close to home and heart. We are seeking a passionate and driven Business Development Director to lead and inspire our hospitals inpatient and outpatient growth in an IRF and\/or LTCH setting. In this senior le\u2026","__CLASS__":"Adzuna::API::Response::Job","company":{"__CLASS__":"Adzuna::API::Response::Company","display_name":"Encompass Health Rehabilitation Hospital of Memphis, a partner of Methodist Healthcare"},"salary_min":76361.48},{"id":"5481387288","contract_time":"full_time","title":"Business Development Director","created":"2025-11-04T20:22:06Z","location":{"area":["US","Tennessee","Shelby County","Millington"],"display_name":"Millington, Shelby County","__CLASS__":"Adzuna::API::Response::Location"},"longitude":-89.88829,"category":{"label":"Healthcare & Nursing Jobs","__CLASS__":"Adzuna::API::Response::Category","tag":"healthcare-nursing-jobs"},"salary_is_predicted":"1","__CLASS__":"Adzuna::API::Response::Job","company":{"display_name":"Encompass Health Rehabilitation Hospital of Memphis, a partner of Methodist Healthcare","__CLASS__":"Adzuna::API::Response::Company"},"salary_min":93264.37,"redirect_url":"https:\/\/www.adzuna.com\/land\/ad\/5481387288?se=5ixvtze_8BGF7Jv3VGbmBw&utm_medium=api&utm_source=a306aa16&v=8235CFB1E8466F5E01798894D9407D2E39CBD385","latitude":35.334398,"salary_max":93264.37,"adref":"eyJhbGciOiJIUzI1NiJ9.eyJzIjoiNWl4dnR6ZV84QkdGN0p2M1ZHYm1CdyIsImkiOiI1NDgxMzg3Mjg4In0.kt-8s5K7Tnv0sNKg1YjjKa85WiLApTkWWqLu4CCAQLs","description":"Business Development Director Career Opportunity Acknowledged and Appreciated for your expertise in Business Development Are you an experienced Business Development Director that is ready to lead with purpose and make a meaningful impact in healthcare? At Encompass Health, we bring careers close to home and heart. We are seeking a passionate and driven Business Development Director to lead and inspire our hospitals inpatient and outpatient growth in an IRF and\/or LTCH setting. In this senior le\u2026"},{"salary_is_predicted":"1","company":{"__CLASS__":"Adzuna::API::Response::Company","display_name":"Encompass Health Rehabilitation Hospital of Treasure Coast"},"__CLASS__":"Adzuna::API::Response::Job","salary_min":113215.54,"id":"5481387233","contract_time":"full_time","title":"Business Development Director","created":"2025-11-04T20:21:58Z","location":{"area":["US","Florida","Indian River County","Vero Beach"],"__CLASS__":"Adzuna::API::Response::Location","display_name":"Vero Beach, Indian River County"},"category":{"label":"Healthcare & Nursing Jobs","tag":"healthcare-nursing-jobs","__CLASS__":"Adzuna::API::Response::Category"},"longitude":-80.402855,"adref":"eyJhbGciOiJIUzI1NiJ9.eyJpIjoiNTQ4MTM4NzIzMyIsInMiOiI1aXh2dHplXzhCR0Y3SnYzVkdibUJ3In0.9ZWN1fdjXEGrQ6g9ZhWjG0i3AWy6X9HSlEoRlJOG7zo","description":"Business Development Director Career Opportunity Acknowledged and Appreciated for your expertise in Business Development Are you an experienced Business Development Director that is ready to lead with purpose and make a meaningful impact in healthcare? At Encompass Health, we bring careers close to home and heart. We are seeking a passionate and driven Business Development Director to lead and inspire our hospitals inpatient and outpatient growth in an IRF and\/or LTCH setting. In this senior le\u2026","redirect_url":"https:\/\/www.adzuna.com\/land\/ad\/5481387233?se=5ixvtze_8BGF7Jv3VGbmBw&utm_medium=api&utm_source=a306aa16&v=C55EA648B30D6D3D99BAE89384E57A44F18B4E99","latitude":27.633105,"salary_max":113215.54},{"salary_is_predicted":"1","salary_min":84284.98,"company":{"display_name":"Encompass Health Rehabilitation Hospital of Columbia","__CLASS__":"Adzuna::API::Response::Company"},"__CLASS__":"Adzuna::API::Response::Job","title":"Business Development Director","contract_time":"full_time","id":"5436319849","created":"2025-10-07T17:26:18Z","category":{"label":"Healthcare & Nursing Jobs","__CLASS__":"Adzuna::API::Response::Category","tag":"healthcare-nursing-jobs"},"location":{"area":["US","South Carolina","Lexington County","South Congaree"],"display_name":"South Congaree, Lexington County","__CLASS__":"Adzuna::API::Response::Location"},"longitude":-81.135652,"description":"Business Development Director Career Opportunity Acknowledged and Appreciated for your expertise in Business Development Are you an experienced Business Development Director that is ready to lead with purpose and make a meaningful impact in healthcare? At Encompass Health, we bring careers close to home and heart. We are seeking a passionate and driven Business Development Director to lead and inspire our hospitals inpatient and outpatient growth in an IRF and\/or LTCH setting. In this senior le\u2026","adref":"eyJhbGciOiJIUzI1NiJ9.eyJzIjoiNWl4dnR6ZV84QkdGN0p2M1ZHYm1CdyIsImkiOiI1NDM2MzE5ODQ5In0._F1dOHvDdjEniShsNP2n1OExO3Yf5W2LOCnw61XDeXc","latitude":33.910985,"redirect_url":"https:\/\/www.adzuna.com\/land\/ad\/5436319849?se=5ixvtze_8BGF7Jv3VGbmBw&utm_medium=api&utm_source=a306aa16&v=55797279ED95726C5996C8E2CBE359D76F5A8211","salary_max":84284.98},{"adref":"eyJhbGciOiJIUzI1NiJ9.eyJzIjoiNWl4dnR6ZV84QkdGN0p2M1ZHYm1CdyIsImkiOiI1NDM1MDYyNjMzIn0.ixwv66eu5RExTne5Z57CKuIzkgS_V1I2msWjYgwiNNA","description":"Business Development Director Career Opportunity Acknowledged and Appreciated for your expertise in Business Development Are you an experienced Business Development Director that is ready to lead with purpose and make a meaningful impact in healthcare? At Encompass Health, we bring careers close to home and heart. We are seeking a passionate and driven Business Development Director to lead and inspire our hospitals inpatient and outpatient growth in an IRF and\/or LTCH setting. In this senior le\u2026","salary_max":66874.62,"redirect_url":"https:\/\/www.adzuna.com\/land\/ad\/5435062633?se=5ixvtze_8BGF7Jv3VGbmBw&utm_medium=api&utm_source=a306aa16&v=D9B5D8F4582D92A4D2B7E8F7787A245DC3F65E0E","latitude":35.515375,"company":{"__CLASS__":"Adzuna::API::Response::Company","display_name":"Encompass Health Rehabilitation Hospital of Albuquerque"},"__CLASS__":"Adzuna::API::Response::Job","salary_min":66874.62,"salary_is_predicted":"1","category":{"label":"Healthcare & Nursing Jobs","tag":"healthcare-nursing-jobs","__CLASS__":"Adzuna::API::Response::Category"},"location":{"__CLASS__":"Adzuna::API::Response::Location","display_name":"Kewa, Sandoval County","area":["US","New Mexico","Sandoval County","Kewa"]},"longitude":-106.355565,"created":"2025-10-07T01:38:34Z","contract_time":"full_time","id":"5435062633","title":"Business Development Director"},{"salary_is_predicted":"1","salary_min":109588.16,"company":{"display_name":"Encompass Health Rehabilitation Hospital of Memphis, a partner of Methodist Healthcare","__CLASS__":"Adzuna::API::Response::Company"},"__CLASS__":"Adzuna::API::Response::Job","title":"Business Development Director","contract_time":"full_time","id":"5481387234","location":{"__CLASS__":"Adzuna::API::Response::Location","display_name":"Hickory Hill, Shelby County","area":["US","Tennessee","Shelby County","Hickory Hill"]},"category":{"__CLASS__":"Adzuna::API::Response::Category","tag":"healthcare-nursing-jobs","label":"Healthcare & Nursing Jobs"},"longitude":-89.9025,"created":"2025-11-04T20:21:58Z","description":"Business Development Director Career Opportunity Acknowledged and Appreciated for your expertise in Business Development Are you an experienced Business Development Director that is ready to lead with purpose and make a meaningful impact in healthcare? At Encompass Health, we bring careers close to home and heart. We are seeking a passionate and driven Business Development Director to lead and inspire our hospitals inpatient and outpatient growth in an IRF and\/or LTCH setting. In this senior le\u2026","adref":"eyJhbGciOiJIUzI1NiJ9.eyJzIjoiNWl4dnR6ZV84QkdGN0p2M1ZHYm1CdyIsImkiOiI1NDgxMzg3MjM0In0.9fMHFMy15gn5ky2biwemo8LEPE7dlTIWCmJgJVJsq68","latitude":35.0727,"redirect_url":"https:\/\/www.adzuna.com\/land\/ad\/5481387234?se=5ixvtze_8BGF7Jv3VGbmBw&utm_medium=api&utm_source=a306aa16&v=5BC0E11970391CF5F20D857652FEE36CA9F8594E","salary_max":109588.16},{"salary_min":90993.89,"__CLASS__":"Adzuna::API::Response::Job","company":{"display_name":"Encompass Health Rehabilitation Hospital of Memphis, a partner of Methodist Healthcare","__CLASS__":"Adzuna::API::Response::Company"},"salary_is_predicted":"1","created":"2025-11-04T20:22:06Z","location":{"display_name":"Lakeland, Shelby County","__CLASS__":"Adzuna::API::Response::Location","area":["US","Tennessee","Shelby County","Lakeland"]},"longitude":-89.740361,"category":{"__CLASS__":"Adzuna::API::Response::Category","tag":"healthcare-nursing-jobs","label":"Healthcare & Nursing Jobs"},"title":"Business Development Director","contract_time":"full_time","id":"5481387300","description":"Business Development Director Career Opportunity Acknowledged and Appreciated for your expertise in Business Development Are you an experienced Business Development Director that is ready to lead with purpose and make a meaningful impact in healthcare? At Encompass Health, we bring careers close to home and heart. We are seeking a passionate and driven Business Development Director to lead and inspire our hospitals inpatient and outpatient growth in an IRF and\/or LTCH setting. In this senior le\u2026","adref":"eyJhbGciOiJIUzI1NiJ9.eyJzIjoiNWl4dnR6ZV84QkdGN0p2M1ZHYm1CdyIsImkiOiI1NDgxMzg3MzAwIn0.lEUAatuKLSlVU2fZw4DHc800cws-f-wCpy9FfUz2C5Q","salary_max":90993.89,"latitude":35.230644,"redirect_url":"https:\/\/www.adzuna.com\/land\/ad\/5481387300?se=5ixvtze_8BGF7Jv3VGbmBw&utm_medium=api&utm_source=a306aa16&v=7669FB297AB825160A25F8A0DFBA40E9E6E35739"},{"salary_max":89335.49,"redirect_url":"https:\/\/www.adzuna.com\/land\/ad\/5481387351?se=5ixvtze_8BGF7Jv3VGbmBw&utm_medium=api&utm_source=a306aa16&v=90FF31A3F9AD5B2016CFC7AEA42B1575FEEED8D2","latitude":35.209186,"adref":"eyJhbGciOiJIUzI1NiJ9.eyJpIjoiNTQ4MTM4NzM1MSIsInMiOiI1aXh2dHplXzhCR0Y3SnYzVkdibUJ3In0.2-4NfUQTkcVCK8DshRlRmTLdHzsyZF5idJouUpsRnK0","description":"Business Development Director Career Opportunity Acknowledged and Appreciated for your expertise in Business Development Are you an experienced Business Development Director that is ready to lead with purpose and make a meaningful impact in healthcare? At Encompass Health, we bring careers close to home and heart. We are seeking a passionate and driven Business Development Director to lead and inspire our hospitals inpatient and outpatient growth in an IRF and\/or LTCH setting. In this senior le\u2026","longitude":-89.798977,"location":{"area":["US","Tennessee","Shelby County","Bartlett"],"display_name":"Bartlett, Shelby County","__CLASS__":"Adzuna::API::Response::Location"},"category":{"__CLASS__":"Adzuna::API::Response::Category","tag":"healthcare-nursing-jobs","label":"Healthcare & Nursing Jobs"},"created":"2025-11-04T20:22:13Z","id":"5481387351","contract_time":"full_time","title":"Business Development Director","company":{"__CLASS__":"Adzuna::API::Response::Company","display_name":"Encompass Health Rehabilitation Hospital of Memphis, a partner of Methodist Healthcare"},"__CLASS__":"Adzuna::API::Response::Job","salary_min":89335.49,"salary_is_predicted":"1"},{"salary_max":92475.24,"latitude":33.901568,"redirect_url":"https:\/\/www.adzuna.com\/land\/ad\/5436319187?se=5ixvtze_8BGF7Jv3VGbmBw&utm_medium=api&utm_source=a306aa16&v=056CBA18B8E8CC398B4FF541B68EF16B9E769EB4","description":"Business Development Director Career Opportunity Acknowledged and Appreciated for your expertise in Business Development Are you an experienced Business Development Director that is ready to lead with purpose and make a meaningful impact in healthcare? At Encompass Health, we bring careers close to home and heart. We are seeking a passionate and driven Business Development Director to lead and inspire our hospitals inpatient and outpatient growth in an IRF and\/or LTCH setting. In this senior le\u2026","adref":"eyJhbGciOiJIUzI1NiJ9.eyJpIjoiNTQzNjMxOTE4NyIsInMiOiI1aXh2dHplXzhCR0Y3SnYzVkdibUJ3In0.bolG9XtMgRzCAz_h8qSVuBPkhkbECcu2teQ4rCZrEaI","location":{"display_name":"Pineridge, Lexington County","__CLASS__":"Adzuna::API::Response::Location","area":["US","South Carolina","Lexington County","Pineridge"]},"longitude":-81.09226,"category":{"tag":"healthcare-nursing-jobs","__CLASS__":"Adzuna::API::Response::Category","label":"Healthcare & Nursing Jobs"},"created":"2025-10-07T17:25:52Z","title":"Business Development Director","contract_time":"full_time","id":"5436319187","salary_min":92475.24,"__CLASS__":"Adzuna::API::Response::Job","company":{"display_name":"Encompass Health Rehabilitation Hospital of Columbia","__CLASS__":"Adzuna::API::Response::Company"},"salary_is_predicted":"1"},{"salary_max":71422.74,"redirect_url":"https:\/\/www.adzuna.com\/land\/ad\/5435062470?se=5ixvtze_8BGF7Jv3VGbmBw&utm_medium=api&utm_source=a306aa16&v=40DB75D7265CE360448B638F389EF39722C4A18A","latitude":35.01005,"adref":"eyJhbGciOiJIUzI1NiJ9.eyJzIjoiNWl4dnR6ZV84QkdGN0p2M1ZHYm1CdyIsImkiOiI1NDM1MDYyNDcwIn0.lIpL7T009QKHVIR1AyEHV6oACcsCyJstdhWekViqugI","description":"Business Development Director Career Opportunity Acknowledged and Appreciated for your expertise in Business Development Are you an experienced Business Development Director that is ready to lead with purpose and make a meaningful impact in healthcare? At Encompass Health, we bring careers close to home and heart. We are seeking a passionate and driven Business Development Director to lead and inspire our hospitals inpatient and outpatient growth in an IRF and\/or LTCH setting. In this senior le\u2026","created":"2025-10-07T01:38:27Z","longitude":-106.67808,"location":{"__CLASS__":"Adzuna::API::Response::Location","display_name":"South Valley, Albuquerque","area":["US","New Mexico","Bernalillo County","Albuquerque","South Valley"]},"category":{"tag":"healthcare-nursing-jobs","__CLASS__":"Adzuna::API::Response::Category","label":"Healthcare & Nursing Jobs"},"id":"5435062470","contract_time":"full_time","title":"Business Development Director","company":{"__CLASS__":"Adzuna::API::Response::Company","display_name":"Encompass Health Rehabilitation Hospital of Albuquerque"},"__CLASS__":"Adzuna::API::Response::Job","salary_min":71422.74,"salary_is_predicted":"1"},{"description":"Business Development Director Career Opportunity Acknowledged and Appreciated for your expertise in Business Development Are you an experienced Business Development Director that is ready to lead with purpose and make a meaningful impact in healthcare? At Encompass Health, we bring careers close to home and heart. We are seeking a passionate and driven Business Development Director to lead and inspire our hospitals inpatient and outpatient growth in an IRF and\/or LTCH setting. In this senior le\u2026","adref":"eyJhbGciOiJIUzI1NiJ9.eyJzIjoiNWl4dnR6ZV84QkdGN0p2M1ZHYm1CdyIsImkiOiI1NDM1MDYyNDc2In0.Eq0qfYzhjocsOe4oUqjJ3sNI0dKetr-FhMzQ80o2q6I","latitude":34.74162,"redirect_url":"https:\/\/www.adzuna.com\/land\/ad\/5435062476?se=5ixvtze_8BGF7Jv3VGbmBw&utm_medium=api&utm_source=a306aa16&v=15CD695817F9E9AE453F93770A7A8E6BFB2ED55F","salary_max":71526.01,"salary_is_predicted":"1","salary_min":71526.01,"__CLASS__":"Adzuna::API::Response::Job","company":{"__CLASS__":"Adzuna::API::Response::Company","display_name":"Encompass Health Rehabilitation Hospital of Albuquerque"},"title":"Business Development Director","id":"5435062476","contract_time":"full_time","created":"2025-10-07T01:38:27Z","location":{"display_name":"Tome, Valencia County","__CLASS__":"Adzuna::API::Response::Location","area":["US","New Mexico","Valencia County","Tome"]},"category":{"label":"Healthcare & Nursing Jobs","__CLASS__":"Adzuna::API::Response::Category","tag":"healthcare-nursing-jobs"},"longitude":-106.733356},{"latitude":34.783426,"redirect_url":"https:\/\/www.adzuna.com\/land\/ad\/5435062540?se=5ixvtze_8BGF7Jv3VGbmBw&utm_medium=api&utm_source=a306aa16&v=9B62BCCBFB123966437823AC502CD95AFABD6EB3","salary_max":86469.59,"description":"Business Development Director Career Opportunity Acknowledged and Appreciated for your expertise in Business Development Are you an experienced Business Development Director that is ready to lead with purpose and make a meaningful impact in healthcare? At Encompass Health, we bring careers close to home and heart. We are seeking a passionate and driven Business Development Director to lead and inspire our hospitals inpatient and outpatient growth in an IRF and\/or LTCH setting. In this senior le\u2026","adref":"eyJhbGciOiJIUzI1NiJ9.eyJzIjoiNWl4dnR6ZV84QkdGN0p2M1ZHYm1CdyIsImkiOiI1NDM1MDYyNTQwIn0.9M1THj5Saior_wSED570NhEPPghnf34wVOwTcHXTmHs","title":"Business Development Director","contract_time":"full_time","id":"5435062540","longitude":-106.696536,"location":{"__CLASS__":"Adzuna::API::Response::Location","display_name":"Los Lunas, Valencia County","area":["US","New Mexico","Valencia County","Los Lunas"]},"category":{"label":"Healthcare & Nursing Jobs","tag":"healthcare-nursing-jobs","__CLASS__":"Adzuna::API::Response::Category"},"created":"2025-10-07T01:38:30Z","salary_is_predicted":"1","salary_min":86469.59,"company":{"display_name":"Encompass Health Rehabilitation Hospital of Albuquerque","__CLASS__":"Adzuna::API::Response::Company"},"__CLASS__":"Adzuna::API::Response::Job"},{"__CLASS__":"Adzuna::API::Response::Job","company":{"__CLASS__":"Adzuna::API::Response::Company","display_name":"Encompass Health Rehabilitation Hospital of Columbia"},"salary_min":114674.91,"salary_is_predicted":"1","location":{"area":["US","South Carolina","Richland County","Lincolnshire"],"__CLASS__":"Adzuna::API::Response::Location","display_name":"Lincolnshire, Richland County"},"category":{"tag":"healthcare-nursing-jobs","__CLASS__":"Adzuna::API::Response::Category","label":"Healthcare & Nursing Jobs"},"longitude":-81.03618,"created":"2025-10-07T17:25:52Z","contract_time":"full_time","id":"5436319201","title":"Business Development Director","adref":"eyJhbGciOiJIUzI1NiJ9.eyJzIjoiNWl4dnR6ZV84QkdGN0p2M1ZHYm1CdyIsImkiOiI1NDM2MzE5MjAxIn0.bTpbBC92CnxMfOnMAfRPlml-ETKwRJciKeGSmTyid7A","description":"Business Development Director Career Opportunity Acknowledged and Appreciated for your expertise in Business Development Are you an experienced Business Development Director that is ready to lead with purpose and make a meaningful impact in healthcare? At Encompass Health, we bring careers close to home and heart. We are seeking a passionate and driven Business Development Director to lead and inspire our hospitals inpatient and outpatient growth in an IRF and\/or LTCH setting. In this senior le\u2026","salary_max":114674.91,"redirect_url":"https:\/\/www.adzuna.com\/land\/ad\/5436319201?se=5ixvtze_8BGF7Jv3VGbmBw&utm_medium=api&utm_source=a306aa16&v=E185BF2C631EFC94A80590AB3A5DAC0FF22E1EF0","latitude":34.09818}],"__CLASS__":"Adzuna::API::Response::JobSearchResults","mean":85535.71,"count":2708613}