{"status":"OK","request_id":"677b30e2-5bfb-4841-8fa4-f6125143f683","parameters":{"query":"IT Support","page":1,"num_pages":1,"country":"us","language":"en"},"data":[{"job_id":"xNEtuws_lxw5HnlSAAAAAA==","job_title":"Technical Support Specialist II","employer_name":"Serigor Inc","employer_logo":"https:\/\/encrypted-tbn0.gstatic.com\/images?q=tbn:ANd9GcRO3EJJ3UGZBtWAbhKkzLaL3jgyf-krQh2Xn-wl&s=0","employer_website":"https:\/\/serigor.com","job_publisher":"LinkedIn","job_employment_type":"Contractor","job_employment_types":["CONTRACTOR"],"job_apply_link":"https:\/\/www.linkedin.com\/jobs\/view\/technical-support-specialist-ii-at-serigor-inc-4335235017?utm_campaign=google_jobs_apply&utm_source=google_jobs_apply&utm_medium=organic","job_apply_is_direct":false,"apply_options":[{"publisher":"LinkedIn","apply_link":"https:\/\/www.linkedin.com\/jobs\/view\/technical-support-specialist-ii-at-serigor-inc-4335235017?utm_campaign=google_jobs_apply&utm_source=google_jobs_apply&utm_medium=organic","is_direct":false},{"publisher":"BeBee","apply_link":"https:\/\/us.bebee.com\/job\/d2ce28621aa8dac000d4acd354a60675?utm_campaign=google_jobs_apply&utm_source=google_jobs_apply&utm_medium=organic","is_direct":false}],"job_description":"Job Title: Technical Support Specialist II\n\nLocation: Arlington, VA (Onsite)\n\nDuration: 1 year\n\nREQUIREMENTS\n\nThis role will be assigned and work out of the client IT Service Desk operation located at Washington Dulles International Airport (Corporate Office), 45025 Aviation Drive, Suite 250, Dulles, VA 20166. Specific work locations and work hours may vary across our two airports and corporate headquarters - based on operational needs. The Contractor will be required to work at various work sites and must have reliable transportation.\n\nOther work locations are:\n\u2022 Ronald Reagan Washington Airport, DCA\n\u2022 Washington Dulles International Airport, IAD\n\u2022 Corporate Headquarters, 2733 Crystal Drive, Arlington, VA 22202\n\nREQUESTED SHIFTS\n\u2022 Wednesday through Saturday, 8:00 pm \u2013 6:30 am (4 days x 10-hour days with 30-minutes for lunch)\n\u2022 Sunday through Wednesday, 8:00 pm \u2013 6:30 am (4 days x 10-hour days with 30-minutes for lunch)\n\u2022 Thursday through Sunday, 12:00 pm \u2013 10:30 pm (4 days x 10-hour days with 30-minutes for lunch)\n\nWork hours are subject to change due to changes in the operational environment and Contract staff may be required to work any combination of the follow shifts as part of a 40-hour work week to accommodate operations:\n\u2022 Monday through Friday, 7:00 am \u2013 3:30 pm\n\u2022 Monday through Friday, 10:00 am \u2013 6:30 pm\n\nAIRPORT BADGING\n\nSecurity badges to access the Airports Operations Area (AOA) will be required prior to the start date.\n\nDuties\n\u2022 Progressive and continuous experience providing technical support.\n\u2022 Seasoned resolving complex troubleshooting, tracking, and analyzing logs.\n\u2022 Experienced coordinating with third-party components (AWS, GCP, CBP, Airlines, Departure Control Systems support, Airport IT Help Desk).\n\u2022 Comfortable conducting ad-hoc training for end-users and product demonstrations.\n\nExperience\/ Skills\n\u2022 The Contractor must provide Technical Support Specialists II that are highly skilled in installation, configuration, and basic network troubleshooting.\n\u2022 Technicians must have real hands-on experience, strong reading skills, speaking skills, and physical working ability.\n\u2022 Work requires technicians to climb desks, follow technical SOP, troubleshoot basic operating system issues, and communicate effectively with customers and team.\n\u2022 In addition, the technician should have experience with a ticketing system and excel knowledge, I.e., basic formatting and formulas.\n\nMinium Requirements:\n\u2022 3 years of progressive and continuous experience providing technical support.\n\u2022 Must hold an A+ certification.","job_is_remote":false,"job_posted_at":"1 day ago","job_posted_at_timestamp":1762732800,"job_posted_at_datetime_utc":"2025-11-10T00:00:00.000Z","job_location":"Arlington, VA","job_city":"Arlington","job_state":"Virginia","job_country":"US","job_latitude":38.8816208,"job_longitude":-77.09098089999999,"job_benefits":null,"job_google_link":"https:\/\/www.google.com\/search?q=jobs&gl=us&hl=en&udm=8#vhid=vt%3D20\/docid%3DxNEtuws_lxw5HnlSAAAAAA%3D%3D&vssid=jobs-detail-viewer","job_salary":null,"job_min_salary":null,"job_max_salary":null,"job_salary_period":null,"job_highlights":{"Qualifications":["The Contractor must provide Technical Support Specialists II that are highly skilled in installation, configuration, and basic network troubleshooting","Technicians must have real hands-on experience, strong reading skills, speaking skills, and physical working ability","Work requires technicians to climb desks, follow technical SOP, troubleshoot basic operating system issues, and communicate effectively with customers and team","In addition, the technician should have experience with a ticketing system and excel knowledge, I.e., basic formatting and formulas","3 years of progressive and continuous experience providing technical support","Must hold an A+ certification"],"Responsibilities":["This role will be assigned and work out of the client IT Service Desk operation located at Washington Dulles International Airport (Corporate Office), 45025 Aviation Drive, Suite 250, Dulles, VA 20166","Specific work locations and work hours may vary across our two airports and corporate headquarters - based on operational needs","The Contractor will be required to work at various work sites and must have reliable transportation","Wednesday through Saturday, 8:00 pm \u2013 6:30 am (4 days x 10-hour days with 30-minutes for lunch)","Sunday through Wednesday, 8:00 pm \u2013 6:30 am (4 days x 10-hour days with 30-minutes for lunch)","Thursday through Sunday, 12:00 pm \u2013 10:30 pm (4 days x 10-hour days with 30-minutes for lunch)","Work hours are subject to change due to changes in the operational environment and Contract staff may be required to work any combination of the follow shifts as part of a 40-hour work week to accommodate operations:","Monday through Friday, 7:00 am \u2013 3:30 pm","Monday through Friday, 10:00 am \u2013 6:30 pm","Security badges to access the Airports Operations Area (AOA) will be required prior to the start date","Progressive and continuous experience providing technical support","Seasoned resolving complex troubleshooting, tracking, and analyzing logs","Experienced coordinating with third-party components (AWS, GCP, CBP, Airlines, Departure Control Systems support, Airport IT Help Desk)","Comfortable conducting ad-hoc training for end-users and product demonstrations"]},"job_onet_soc":"15115100","job_onet_job_zone":"3"},{"job_id":"AZJmHt02VzZqPHmUAAAAAA==","job_title":"IT Support Specialist II","employer_name":"Mindlance","employer_logo":"https:\/\/encrypted-tbn0.gstatic.com\/images?q=tbn:ANd9GcSsUp8cq061cII8_eTvD4KPUji83p2Z7vepQQpp&s=0","employer_website":"https:\/\/mindlance.com","job_publisher":"Dice","job_employment_type":"Contractor","job_employment_types":["CONTRACTOR"],"job_apply_link":"https:\/\/www.dice.com\/job-detail\/52ca5f5e-8914-4be0-a0aa-22adbb985234?utm_campaign=google_jobs_apply&utm_source=google_jobs_apply&utm_medium=organic","job_apply_is_direct":true,"apply_options":[{"publisher":"Dice","apply_link":"https:\/\/www.dice.com\/job-detail\/52ca5f5e-8914-4be0-a0aa-22adbb985234?utm_campaign=google_jobs_apply&utm_source=google_jobs_apply&utm_medium=organic","is_direct":true}],"job_description":"Title: IT Support Specialist II\nDuration: 9 Months Long Term\nLocation: Washington, DC 20433\n100% Onsite\nThis team is responsible for enabling and delivering IT support to staff and providing support to clients both at headquarters (HQ) and in country offices (CO) through a wide range of job duties including:\n\u2022 IT support and troubleshooting of client s provisioned hardware, software, and applications.\n\u2022 Client IT training and outreach; direct desk side and remote support.\n\u2022 Virtual meeting support; and configuration and provisioning of standard devices. For the Washington, DC campus, Tier 2 local IT Support (ITSR3) is organized by building\/location. We engage directly with the business and leverage ServiceNow for incidents and requests to deliver timely, best-in class support to our end-user community. With an annual satisfaction rating that regularly exceeds 95%, the core competencies and responsibilities that contractors must fulfil are:\n\nRoles & Responsibilities:\n\u2022 Provide technical support to Client managed desktops, laptops with docking stations and mobile devices. This includes supporting a variety of client s standard software and hardware (including accessories and peripherals) and addressing issues such as imaging computers; fixing logon and connectivity issues; patching security vulnerabilities; and installing software, among others.\n\u2022 Receive and take ownership of requests for help via ServiceNow; respond to and resolve these within agreed-upon timeframes; communicate progress; and document work in the system.\n\u2022 Complete tickets within designated service levels: 90% Response SLA met; 95% Resolution SLA met; and meet Quality Management performance indicators.\n\u2022 Leverage technical expertise and troubleshooting skills to diagnose problems and identify and apply the appropriate resolution or find resources to resolve the issue.\n\u2022 Provide support for meetings and presentations, including video conferences\/in-room systems, virtual and hybrid meetings.\n\u2022 Provide support to M365 applications (Copilot, Outlook, Office, OneDrive, Teams, etc.)\n\u2022 Follow administrative guidelines associated with maintaining high quality IT support, including asset management related tasks, ensuring accurate documentation and record-keeping.\n\u2022 Attend to issues with client-owned and personal mobile devices (iOS and Android) which are connected to corporate systems.\n\nEducational and Technical Qualifications:\n\u2022 Bachelor s degree in computer sciences, Electronics & Communication Engineering, Information Systems Management, or related field, with a minimum of 3 years relevant experience or associate s degree with a minimum of 5 years relevant experience.\n\nCertifications:\n\u2022 Industry certifications such as A+ recommended\n\nRequired Skills\/Abilities:\n\u2022 Excellent verbal and written communication skills.\n\u2022 Excellent customer service skills.\n\u2022 Advanced skills in supporting Windows computers and Apple mobile devices.\n\u2022 Advanced skills in supporting Microsoft suite products, e.g. Copilot, Office, Outlook, Teams, SharePoint and OneDrive on Mobile and PC, as well as browser-based applications.\n\u2022 Advanced skills with virtual meeting software and hardware, including Cisco products, such as WebEx and videoconference codecs, as well as MS Teams and Zoom.\n\nMindlance is an Equal Opportunity Employer and does not discriminate in employment on the basis of Minority\/Gender\/Disability\/Religion\/LGBTQI\/Age\/Veterans.","job_is_remote":false,"job_posted_at":"27 days ago","job_posted_at_timestamp":1760486400,"job_posted_at_datetime_utc":"2025-10-15T00:00:00.000Z","job_location":"Washington, DC","job_city":"Washington","job_state":"District of Columbia","job_country":"US","job_latitude":38.9071923,"job_longitude":-77.0368707,"job_benefits":null,"job_google_link":"https:\/\/www.google.com\/search?q=jobs&gl=us&hl=en&udm=8#vhid=vt%3D20\/docid%3DAZJmHt02VzZqPHmUAAAAAA%3D%3D&vssid=jobs-detail-viewer","job_salary":null,"job_min_salary":null,"job_max_salary":null,"job_salary_period":null,"job_highlights":{"Qualifications":["Bachelor s degree in computer sciences, Electronics & Communication Engineering, Information Systems Management, or related field, with a minimum of 3 years relevant experience or associate s degree with a minimum of 5 years relevant experience","Industry certifications such as A+ recommended","Excellent verbal and written communication skills","Excellent customer service skills","Advanced skills in supporting Windows computers and Apple mobile devices","Advanced skills in supporting Microsoft suite products, e.g. Copilot, Office, Outlook, Teams, SharePoint and OneDrive on Mobile and PC, as well as browser-based applications","Advanced skills with virtual meeting software and hardware, including Cisco products, such as WebEx and videoconference codecs, as well as MS Teams and Zoom"],"Responsibilities":["This team is responsible for enabling and delivering IT support to staff and providing support to clients both at headquarters (HQ) and in country offices (CO) through a wide range of job duties including:","IT support and troubleshooting of client s provisioned hardware, software, and applications","Client IT training and outreach; direct desk side and remote support","Virtual meeting support; and configuration and provisioning of standard devices","Provide technical support to Client managed desktops, laptops with docking stations and mobile devices","This includes supporting a variety of client s standard software and hardware (including accessories and peripherals) and addressing issues such as imaging computers; fixing logon and connectivity issues; patching security vulnerabilities; and installing software, among others","Receive and take ownership of requests for help via ServiceNow; respond to and resolve these within agreed-upon timeframes; communicate progress; and document work in the system","Complete tickets within designated service levels: 90% Response SLA met; 95% Resolution SLA met; and meet Quality Management performance indicators","Leverage technical expertise and troubleshooting skills to diagnose problems and identify and apply the appropriate resolution or find resources to resolve the issue","Provide support for meetings and presentations, including video conferences\/in-room systems, virtual and hybrid meetings","Provide support to M365 applications (Copilot, Outlook, Office, OneDrive, Teams, etc.)","Follow administrative guidelines associated with maintaining high quality IT support, including asset management related tasks, ensuring accurate documentation and record-keeping","Attend to issues with client-owned and personal mobile devices (iOS and Android) which are connected to corporate systems"]},"job_onet_soc":"15115100","job_onet_job_zone":"3"},{"job_id":"CV8Lb2ImRIuG0LLTAAAAAA==","job_title":"Information Technology Field Technician","employer_name":"Fast Switch","employer_logo":"https:\/\/encrypted-tbn0.gstatic.com\/images?q=tbn:ANd9GcTGrHXQnEYyVKJd3Y2VW2pZOcaUOZEG8NMeq0oa&s=0","employer_website":"https:\/\/fastswitch.com","job_publisher":"LinkedIn","job_employment_type":"Contractor","job_employment_types":["CONTRACTOR"],"job_apply_link":"https:\/\/www.linkedin.com\/jobs\/view\/information-technology-field-technician-at-fast-switch-4321104456?utm_campaign=google_jobs_apply&utm_source=google_jobs_apply&utm_medium=organic","job_apply_is_direct":false,"apply_options":[{"publisher":"LinkedIn","apply_link":"https:\/\/www.linkedin.com\/jobs\/view\/information-technology-field-technician-at-fast-switch-4321104456?utm_campaign=google_jobs_apply&utm_source=google_jobs_apply&utm_medium=organic","is_direct":false},{"publisher":"BeBee","apply_link":"https:\/\/us.bebee.com\/job\/ed24268aeed67dabca76492a059bc6c2?utm_campaign=google_jobs_apply&utm_source=google_jobs_apply&utm_medium=organic","is_direct":false}],"job_description":"Field technician needed for Contract role in the Washington, DC area. This position is onsite and requires travel between sites.\n\nMust have reliable transportation. -Supporting Washington, DC area (Ashburn\/Chantilly\/Manassas\/Reston\/Sterling)\n\nWorking with Network Infrastructure Engineers, the network field technician will perform server deployment and maintenance in our data centers.\n\nDeployment and maintenance consists of installing servers and switches in racks; un-racking servers and racking replacements; Ethernet, fiber and power cable wiring; replacing disk drives and memory; and diagnosing simple hardware issues.\n\nThe Network Infrastructure organization is responsible for one of the worlds largest distributed platforms that handles a significant portion of the worlds Internet traffic.\n\nOur Network Infrastructure Engineers build and maintain Client's worldwide network.\n\nYou will work closely with field technicians, ISPs, equipment vendors, and internal operations and engineering staff. You will start by helping to remotely diagnose hardware problems, facilitate server repairs, and manage Client's hardware assets. You will work closely with other internal teams in Client's Network Infrastructure group, translating requirements from network architects, network engineers and design engineers into specific deployment project plans, network designs and network packages. You will work with implementation managers, infrastructure delivery managers and network infrastructure engineers to ensure that these design plans and packages are implemented accurately and efficiently.\n\nRequired:\n\u2022 Experience in a data center environment\n\u2022 Ability to lift 50 -70 pounds and the ability to un-box and move equipment for several contiguous hours \/ days.\n\u2022 Proficiency in both English and local language in country of assignment\n\u2022 Must have reliable transportation. The job requires movement between locations that may not have access to public transportation.\n\u2022 Must have a laptop, cell phone, driver's license, and a basic set of hand tools.\n\u2022 Daytime (8 am - 5 pm, M-F) availability is preferred for training\n\u2022 Night and weekend work may also be required at some points\n\nResponsibilities include:\n\u2022 Physical racking of equipment (rack prep, rack and stack, switches\/routers, cameras)\n\u2022 Run fiber, power and Ethernet cabling\n\u2022 Replace disk drives and memory\n\u2022 Diagnose simple hardware issues\n\u2022 Box\/unbox equipment including breakdown\/trash\n\u2022 Organize packages coming in\/out of data center\n\u2022 Location and processing of Overdue RMAs\n\u2022 Conduct fiber work (scope, light meter, cleaning)\n\u2022 Report damage packages to Logistics","job_is_remote":false,"job_posted_at":"5 days ago","job_posted_at_timestamp":1762387200,"job_posted_at_datetime_utc":"2025-11-06T00:00:00.000Z","job_location":"Washington, DC","job_city":"Washington","job_state":"District of Columbia","job_country":"US","job_latitude":38.9071923,"job_longitude":-77.0368707,"job_benefits":null,"job_google_link":"https:\/\/www.google.com\/search?q=jobs&gl=us&hl=en&udm=8#vhid=vt%3D20\/docid%3DCV8Lb2ImRIuG0LLTAAAAAA%3D%3D&vssid=jobs-detail-viewer","job_salary":null,"job_min_salary":null,"job_max_salary":null,"job_salary_period":null,"job_highlights":{"Qualifications":["Must have reliable transportation","Supporting Washington, DC area (Ashburn\/Chantilly\/Manassas\/Reston\/Sterling)","Experience in a data center environment","Ability to lift 50 -70 pounds and the ability to un-box and move equipment for several contiguous hours \/ days","Proficiency in both English and local language in country of assignment","Must have reliable transportation","The job requires movement between locations that may not have access to public transportation","Must have a laptop, cell phone, driver's license, and a basic set of hand tools"],"Responsibilities":["This position is onsite and requires travel between sites","Working with Network Infrastructure Engineers, the network field technician will perform server deployment and maintenance in our data centers","Deployment and maintenance consists of installing servers and switches in racks; un-racking servers and racking replacements; Ethernet, fiber and power cable wiring; replacing disk drives and memory; and diagnosing simple hardware issues","You will work closely with field technicians, ISPs, equipment vendors, and internal operations and engineering staff","You will start by helping to remotely diagnose hardware problems, facilitate server repairs, and manage Client's hardware assets","You will work closely with other internal teams in Client's Network Infrastructure group, translating requirements from network architects, network engineers and design engineers into specific deployment project plans, network designs and network packages","You will work with implementation managers, infrastructure delivery managers and network infrastructure engineers to ensure that these design plans and packages are implemented accurately and efficiently","Night and weekend work may also be required at some points","Physical racking of equipment (rack prep, rack and stack, switches\/routers, cameras)","Run fiber, power and Ethernet cabling","Replace disk drives and memory","Diagnose simple hardware issues","Box\/unbox equipment including breakdown\/trash","Organize packages coming in\/out of data center","Location and processing of Overdue RMAs","Conduct fiber work (scope, light meter, cleaning)","Report damage packages to Logistics"]},"job_onet_soc":"25401300","job_onet_job_zone":"4"},{"job_id":"o0HTUWkrK0aMeMmJAAAAAA==","job_title":"Manager, IT Client Support","employer_name":"Tufts University","employer_logo":"https:\/\/encrypted-tbn0.gstatic.com\/images?q=tbn:ANd9GcSBb28EIgM9GntCbWOHTdoosy1Hg4asjXqdY-hS&s=0","employer_website":"https:\/\/www.tufts.edu","job_publisher":"Talentify","job_employment_type":"Full-time","job_employment_types":["FULLTIME"],"job_apply_link":"https:\/\/www.talentify.io\/job\/manager-it-client-support-somerville-massachusetts-us-tufts-university-1-21465?utm_campaign=google_jobs_apply&utm_source=google_jobs_apply&utm_medium=organic","job_apply_is_direct":false,"apply_options":[{"publisher":"Talentify","apply_link":"https:\/\/www.talentify.io\/job\/manager-it-client-support-somerville-massachusetts-us-tufts-university-1-21465?utm_campaign=google_jobs_apply&utm_source=google_jobs_apply&utm_medium=organic","is_direct":false},{"publisher":"WhatJobs","apply_link":"https:\/\/www.whatjobs.com\/jobs\/customer-service?id=2222219852&utm_campaign=google_jobs_apply&utm_source=google_jobs_apply&utm_medium=organic","is_direct":false},{"publisher":"BeBee","apply_link":"https:\/\/us.bebee.com\/job\/a816682c573e4e5a07c41af5fa1e6a77?utm_campaign=google_jobs_apply&utm_source=google_jobs_apply&utm_medium=organic","is_direct":false}],"job_description":"Overview\n\nTufts Technology Services (TTS) is a university-wide service organization committed to delivering adaptable, results driven technology solutions in support of Tufts\u2019 mission of teaching, learning, research, innovation, and sustainability. With staff working remotely, hybrid and on campus across Tufts University, as well as a 24x7 IT Service Desk, we collaborate with schools and divisions to meet the demands of a global, mobile, and diverse community. We promote a collaborative, forward-thinking, flexible work environment, embrace diversity and inclusion, and encourage personal and professional development.\n\nFostering a culture of organizational citizenship and making others successful, demonstrating integrity, ethical conduct and optimism, active contribution and continuous learning enables staff to serve the goals and values of the University and creates a fulfilling and positive work experience for all.\n\nWhat You'll Do\n\nThe Manager of IT Client Support is responsible for leading the delivery and operation of effective frontline end user and desktop support for Tufts faculty, researchers, students, and staff. The Manager works with peer group IT Support Managers to oversee support for their respective campuses. Supported service environments for general and department-specific end user computing hardware and software include, but are not limited to, research and academic labs, libraries, clinical care settings, classrooms, meeting rooms, conference and event spaces, administrative offices, student dorms and activity spaces. The manager leads a team of IT technical support specialists focused on resolving incidents, fulfilling services requests, and providing end user training and consulting. Responsible for project work related to deployment of IT services and equipment. In collaboration with shared service IT support functions across the university, the Manager sets the team\u2019s priorities, provides coaching and mentoring, and implements best-practices processes and systems to continually improve the quality and efficiency of IT support. The Manager uses technical tools, such as the knowledge base, remote desktop management suite (SCCM, JAMF), and a service management system (ServiceNow) to measure the effectiveness and support and identify opportunities for improvement. The Manager proactively manages client relationships across all supported departments to ensure that project and operational support meets the needs of the community.\n\nThis is an on campus position.\n\nManage the onsite technical support function for the assigned campus area(s):\n\u2022 Responsible for the hiring, supervision, and professional development of IT support staff.\n\u2022 Plan and manage team\u2019s workload, schedule and ensure continuity of coverage. Monitor support tickets for quality and SLA compliance. Handle client escalations. Coordinate cross-functional team support activity.\n\u2022 Provide performance management through setting priorities and goals for individuals and the team; measuring performance and identifying opportunities for continual improvement, on-going coaching and mentoring, formal performance review processes, informal and formal employee\/team recognition;, policy and process compliance, and establishing high-performing team norms and expectations.\n\u2022 Collaborate with other members of the CSS leadership team to ensure common services, policies, best practices, and resources are shared across all areas of service delivery.\n\u2022 Hold regular meetings with staff to share knowledge.\n\u2022 Prepare and conduct training of IT support staff.\n\u2022 Encourage and maintain a culture of collaboration between staff members.\n\nSupport Operations Service Management:\n\u2022 Maintain ongoing customer relationships with departments to ensure support operations are meeting their needs and to identify opportunities for improvements or new services\/enhancements. Coordinate regular communication activities to external customers and internal stakeholders related to support operations. Prepare Lifecycle Management (LCM) reports to assist in determination of fleet renewal.\n\u2022 Collaborate with other technology groups to identify opportunities for using new solutions and processes to improve support delivery. Keep abreast of new and emerging technologies and assist with testing and piloting these services and technologies.\n\u2022 Contribute to cross-functional teams tasked with identifying root cause and permanent solutions for problems, developing and improving technology related policies and processes, or other similar initiatives.\n\u2022 Perform reporting and use data to identify opportunities for improvement in operations and service delivery.\n\u2022 Champion knowledge-centered support through creation and delivery of training and knowledge base documentation across the team. Identify opportunities for expanding self-service options for the community.\n\u2022 Actively participate in critical\/urgent\/major incident process as needed to enable timely service restoration and appropriate review\/follow-up activities.\n\u2022 Coordinate IT support with Tier 1 IT Service Desk, taking escalations and participating in regular operational meetings.\n\nProjects & Partnerships:\n\u2022 Lead small projects or work collaboratively with other technology project teams to provide transition support during introduction of new services and upgrades, operational\/process re-engineering or improvements, technology refreshes, organizational changes, vendor partnerships, etc.\n\u2022 Assume a liaison role with technology, academic, administrative, research or third-party groups in order to collaborate on projects, initiatives, committees, or other types of on-going relationships.\n\nWhat We're Looking For\n\nBasic Requirements:\n\u2022 Knowledge and experience typically acquired through a High School diploma and 6+ years of experience in the direct delivery of IT support and network services.\n\u2022 3 years of supervisory experience in a technology support role.\n\u2022 Strong technical proficiency with enterprise technology platforms such networking, information security, end user computing, mobile device technology, cloud solutions, email, and collaboration tools.\n\u2022 5 years of experience delivering technology support across a diverse range of IT services and technologies including common operating systems and desktop applications.\n\u2022 Experience using ITIL-based service management processes to deliver support (e.g. incident management, service request management, knowledge management).\n\u2022 Strong track-record of exemplifying customer service excellence and accountability\/ownership for the total customer experience while influencing others to raise their level of customer service.\n\u2022 Demonstrated ability to perform well and demonstrate sound judgment under stress when confronted with emergency, critical or unusual customer situations. Ability to maintain a strong sense of urgency.\n\u2022 Demonstrated ability to effectively and positively manage significant change (e.g. organizational, technical, functional, etc.) while maintaining a focus on customer support.\n\u2022 Strong written and oral communication skills with ability to clearly communicate to external and internal stakeholders regarding support operations and new\/enhanced services. Ability to adapt communication style to diverse audiences within the Tufts community.\n\u2022 Strong time management skills including the ability to multi-task, organize workflow, prioritize tasks and manage a changing workload individually and across a team.\nPreferred Qualifications:\n\u2022 Bachelor\u2019s degree in a related field.\n\u2022 Significant experience with IT service management systems and processes with a focus on reporting and analysis.\n\u2022 Experience managing medium to large computer replacement programs\n\u2022 1+ years of experience using knowledge management practices and systems to improve support operations.\n\u2022 ITIL v3 Foundations certification.\n\u2022 Prior experience leading support operations for or directly supporting customers across multiple organizations\/business units\/schools who have different needs and IT services.\n\u2022 Experience providing technical support and services to one or more of the following environments: classrooms, computer labs, research labs, large event spaces, Executive\/VIPs, remote\/mobile workers, or clinical\/healthcare.\n\u2022 Prior experience working on projects related to deployment of new or enhanced IT services.\n\nPay Range\n\nMinimum $87,400.00, Midpoint $109,300.00, Maximum $131,200.00\n\nSalary is based on related experience, expertise, and internal equity; generally, new hires can expect pay between the minimum and midpoint of the range. Basic Requirements:\n\u2022 Knowledge and experience typically acquired through a High School diploma and 6+ years of experience in the direct delivery of IT support and network services.\n\u2022 3 years of supervisory experience in a technology support role.\n\u2022 Strong technical proficiency with enterprise technology platforms such networking, information security, end user computing, mobile device technology, cloud solutions, email, and collaboration tools.\n\u2022 5 years of experience delivering technology support across a diverse range of IT services and technologies including common operating systems and desktop applications.\n\u2022 Experience using ITIL-based service management processes to deliver support (e.g. incident management, service request management, knowledge management).\n\u2022 Strong track-record of exemplifying customer service excellence and accountability\/ownership for the total customer experience while influencing others to raise their level of customer service.\n\u2022 Demonstrated ability to perform well and demonstrate sound judgment under stress when confronted with emergency, critical or unusual customer situations. Ability to maintain a strong sense of urgency.\n\u2022 Demonstrated ability to effectively and positively manage significant change (e.g. organizational, technical, functional, etc.) while maintaining a focus on customer support.\n\u2022 Strong written and oral communication skills with ability to clearly communicate to external and internal stakeholders regarding support operations and new\/enhanced services. Ability to adapt communication style to diverse audiences within the Tufts community.\n\u2022 Strong time management skills including the ability to multi-task, organize workflow, prioritize tasks and manage a changing workload individually and across a team.\nPreferred Qualifications:\n\u2022 Bachelor\u2019s degree in a related field.\n\u2022 Significant experience with IT service management systems and processes with a focus on reporting and analysis.\n\u2022 Experience managing medium to large computer replacement programs\n\u2022 1+ years of experience using knowledge management practices and systems to improve support operations.\n\u2022 ITIL v3 Foundations certification.\n\u2022 Prior experience leading support operations for or directly supporting customers across multiple organizations\/business units\/schools who have different needs and IT services.\n\u2022 Experience providing technical support and services to one or more of the following environments: classrooms, computer labs, research labs, large event spaces, Executive\/VIPs, remote\/mobile workers, or clinical\/healthcare.\n\u2022 Prior experience working on projects related to deployment of new or enhanced IT services.\n\nThe Manager of IT Client Support is responsible for leading the delivery and operation of effective frontline end user and desktop support for Tufts faculty, researchers, students, and staff. The Manager works with peer group IT Support Managers to oversee support for their respective campuses. Supported service environments for general and department-specific end user computing hardware and software include, but are not limited to, research and academic labs, libraries, clinical care settings, classrooms, meeting rooms, conference and event spaces, administrative offices, student dorms and activity spaces. The manager leads a team of IT technical support specialists focused on resolving incidents, fulfilling services requests, and providing end user training and consulting. Responsible for project work related to deployment of IT services and equipment. In collaboration with shared service IT support functions across the university, the Manager sets the team\u2019s priorities, provides coaching and mentoring, and implements best-practices processes and systems to continually improve the quality and efficiency of IT support. The Manager uses technical tools, such as the knowledge base, remote desktop management suite (SCCM, JAMF), and a service management system (ServiceNow) to measure the effectiveness and support and identify opportunities for improvement. The Manager proactively manages client relationships across all supported departments to ensure that project and operational support meets the needs of the community.\n\nThis is an on campus position.\n\nManage the onsite technical support function for the assigned campus area(s):\n\u2022 Responsible for the hiring, supervision, and professional development of IT support staff.\n\u2022 Plan and manage team\u2019s workload, schedule and ensure continuity of coverage. Monitor support tickets for quality and SLA compliance. Handle client escalations. Coordinate cross-functional team support activity.\n\u2022 Provide performance management through setting priorities and goals for individuals and the team; measuring performance and identifying opportunities for continual improvement, on-going coaching and mentoring, formal performance review processes, informal and formal employee\/team recognition;, policy and process compliance, and establishing high-performing team norms and expectations.\n\u2022 Collaborate with other members of the CSS leadership team to ensure common services, policies, best practices, and resources are shared across all areas of service delivery.\n\u2022 Hold regular meetings with staff to share knowledge.\n\u2022 Prepare and conduct training of IT support staff.\n\u2022 Encourage and maintain a culture of collaboration between staff members.\n\nSupport Operations Service Management:\n\u2022 Maintain ongoing customer relationships with departments to ensure support operations are meeting their needs and to identify opportunities for improvements or new services\/enhancements. Coordinate regular communication activities to external customers and internal stakeholders related to support operations. Prepare Lifecycle Management (LCM) reports to assist in determination of fleet renewal.\n\u2022 Collaborate with other technology groups to identify opportunities for using new solutions and processes to improve support delivery. Keep abreast of new and emerging technologies and assist with testing and piloting these services and technologies.\n\u2022 Contribute to cross-functional teams tasked with identifying root cause and permanent solutions for problems, developing and improving technology related policies and processes, or other similar initiatives.\n\u2022 Perform reporting and use data to identify opportunities for improvement in operations and service delivery.\n\u2022 Champion knowledge-centered support through creation and delivery of training and knowledge base documentation across the team. Identify opportunities for expanding self-service options for the community.\n\u2022 Actively participate in critical\/urgent\/major incident process as needed to enable timely service restoration and appropriate review\/follow-up activities.\n\u2022 Coordinate IT support with Tier 1 IT Service Desk, taking escalations and participating in regular operational meetings.\n\nProjects & Partnerships:\n\u2022 Lead small projects or work collaboratively with other technology project teams to provide transition support during introduction of new services and upgrades, operational\/process re-engineering or improvements, technology refreshes, organizational changes, vendor partnerships, etc.\n\u2022 Assume a liaison role with technology, academic, administrative, research or third-party groups in order to collaborate on projects, initiatives, committees, or other types of on-going relationships.","job_is_remote":false,"job_posted_at":"29 days ago","job_posted_at_timestamp":1760313600,"job_posted_at_datetime_utc":"2025-10-13T00:00:00.000Z","job_location":"Washington, DC","job_city":"Washington","job_state":"District of Columbia","job_country":"US","job_latitude":38.9071923,"job_longitude":-77.0368707,"job_benefits":null,"job_google_link":"https:\/\/www.google.com\/search?q=jobs&gl=us&hl=en&udm=8#vhid=vt%3D20\/docid%3Do0HTUWkrK0aMeMmJAAAAAA%3D%3D&vssid=jobs-detail-viewer","job_salary":null,"job_min_salary":null,"job_max_salary":null,"job_salary_period":null,"job_highlights":{"Qualifications":["Knowledge and experience typically acquired through a High School diploma and 6+ years of experience in the direct delivery of IT support and network services","3 years of supervisory experience in a technology support role","Strong technical proficiency with enterprise technology platforms such networking, information security, end user computing, mobile device technology, cloud solutions, email, and collaboration tools","5 years of experience delivering technology support across a diverse range of IT services and technologies including common operating systems and desktop applications","Experience using ITIL-based service management processes to deliver support (e.g. incident management, service request management, knowledge management)","Strong track-record of exemplifying customer service excellence and accountability\/ownership for the total customer experience while influencing others to raise their level of customer service","Demonstrated ability to perform well and demonstrate sound judgment under stress when confronted with emergency, critical or unusual customer situations","Ability to maintain a strong sense of urgency","Demonstrated ability to effectively and positively manage significant change (e.g. organizational, technical, functional, etc.)","Ability to adapt communication style to diverse audiences within the Tufts community","Strong time management skills including the ability to multi-task, organize workflow, prioritize tasks and manage a changing workload individually and across a team","Knowledge and experience typically acquired through a High School diploma and 6+ years of experience in the direct delivery of IT support and network services","3 years of supervisory experience in a technology support role","Strong technical proficiency with enterprise technology platforms such networking, information security, end user computing, mobile device technology, cloud solutions, email, and collaboration tools","5 years of experience delivering technology support across a diverse range of IT services and technologies including common operating systems and desktop applications","Experience using ITIL-based service management processes to deliver support (e.g. incident management, service request management, knowledge management)","Strong track-record of exemplifying customer service excellence and accountability\/ownership for the total customer experience while influencing others to raise their level of customer service","Demonstrated ability to perform well and demonstrate sound judgment under stress when confronted with emergency, critical or unusual customer situations","Ability to maintain a strong sense of urgency","Demonstrated ability to effectively and positively manage significant change (e.g. organizational, technical, functional, etc.)","Ability to adapt communication style to diverse audiences within the Tufts community","Strong time management skills including the ability to multi-task, organize workflow, prioritize tasks and manage a changing workload individually and across a team"],"Benefits":["Pay Range","Minimum $87,400.00, Midpoint $109,300.00, Maximum $131,200.00","Salary is based on related experience, expertise, and internal equity; generally, new hires can expect pay between the minimum and midpoint of the range"],"Responsibilities":["Fostering a culture of organizational citizenship and making others successful, demonstrating integrity, ethical conduct and optimism, active contribution and continuous learning enables staff to serve the goals and values of the University and creates a fulfilling and positive work experience for all","The Manager of IT Client Support is responsible for leading the delivery and operation of effective frontline end user and desktop support for Tufts faculty, researchers, students, and staff","The Manager works with peer group IT Support Managers to oversee support for their respective campuses","Supported service environments for general and department-specific end user computing hardware and software include, but are not limited to, research and academic labs, libraries, clinical care settings, classrooms, meeting rooms, conference and event spaces, administrative offices, student dorms and activity spaces","The manager leads a team of IT technical support specialists focused on resolving incidents, fulfilling services requests, and providing end user training and consulting","Responsible for project work related to deployment of IT services and equipment","In collaboration with shared service IT support functions across the university, the Manager sets the team\u2019s priorities, provides coaching and mentoring, and implements best-practices processes and systems to continually improve the quality and efficiency of IT support","The Manager uses technical tools, such as the knowledge base, remote desktop management suite (SCCM, JAMF), and a service management system (ServiceNow) to measure the effectiveness and support and identify opportunities for improvement","The Manager proactively manages client relationships across all supported departments to ensure that project and operational support meets the needs of the community","This is an on campus position","Manage the onsite technical support function for the assigned campus area(s):","Responsible for the hiring, supervision, and professional development of IT support staff","Plan and manage team\u2019s workload, schedule and ensure continuity of coverage","Monitor support tickets for quality and SLA compliance","Handle client escalations","Coordinate cross-functional team support activity","Provide performance management through setting priorities and goals for individuals and the team; measuring performance and identifying opportunities for continual improvement, on-going coaching and mentoring, formal performance review processes, informal and formal employee\/team recognition;, policy and process compliance, and establishing high-performing team norms and expectations","Collaborate with other members of the CSS leadership team to ensure common services, policies, best practices, and resources are shared across all areas of service delivery","Hold regular meetings with staff to share knowledge","Prepare and conduct training of IT support staff","Encourage and maintain a culture of collaboration between staff members","Support Operations Service Management:","Maintain ongoing customer relationships with departments to ensure support operations are meeting their needs and to identify opportunities for improvements or new services\/enhancements","Coordinate regular communication activities to external customers and internal stakeholders related to support operations","Prepare Lifecycle Management (LCM) reports to assist in determination of fleet renewal","Collaborate with other technology groups to identify opportunities for using new solutions and processes to improve support delivery","Keep abreast of new and emerging technologies and assist with testing and piloting these services and technologies","Contribute to cross-functional teams tasked with identifying root cause and permanent solutions for problems, developing and improving technology related policies and processes, or other similar initiatives","Perform reporting and use data to identify opportunities for improvement in operations and service delivery","Champion knowledge-centered support through creation and delivery of training and knowledge base documentation across the team","Identify opportunities for expanding self-service options for the community","Actively participate in critical\/urgent\/major incident process as needed to enable timely service restoration and appropriate review\/follow-up activities","Coordinate IT support with Tier 1 IT Service Desk, taking escalations and participating in regular operational meetings","Lead small projects or work collaboratively with other technology project teams to provide transition support during introduction of new services and upgrades, operational\/process re-engineering or improvements, technology refreshes, organizational changes, vendor partnerships, etc","Assume a liaison role with technology, academic, administrative, research or third-party groups in order to collaborate on projects, initiatives, committees, or other types of on-going relationships","while maintaining a focus on customer support","Strong written and oral communication skills with ability to clearly communicate to external and internal stakeholders regarding support operations and new\/enhanced services","while maintaining a focus on customer support","Strong written and oral communication skills with ability to clearly communicate to external and internal stakeholders regarding support operations and new\/enhanced services","The Manager of IT Client Support is responsible for leading the delivery and operation of effective frontline end user and desktop support for Tufts faculty, researchers, students, and staff","The Manager works with peer group IT Support Managers to oversee support for their respective campuses","Supported service environments for general and department-specific end user computing hardware and software include, but are not limited to, research and academic labs, libraries, clinical care settings, classrooms, meeting rooms, conference and event spaces, administrative offices, student dorms and activity spaces","The manager leads a team of IT technical support specialists focused on resolving incidents, fulfilling services requests, and providing end user training and consulting","Responsible for project work related to deployment of IT services and equipment","In collaboration with shared service IT support functions across the university, the Manager sets the team\u2019s priorities, provides coaching and mentoring, and implements best-practices processes and systems to continually improve the quality and efficiency of IT support","The Manager uses technical tools, such as the knowledge base, remote desktop management suite (SCCM, JAMF), and a service management system (ServiceNow) to measure the effectiveness and support and identify opportunities for improvement","The Manager proactively manages client relationships across all supported departments to ensure that project and operational support meets the needs of the community","Manage the onsite technical support function for the assigned campus area(s):","Responsible for the hiring, supervision, and professional development of IT support staff","Plan and manage team\u2019s workload, schedule and ensure continuity of coverage","Monitor support tickets for quality and SLA compliance","Handle client escalations","Coordinate cross-functional team support activity","Provide performance management through setting priorities and goals for individuals and the team; measuring performance and identifying opportunities for continual improvement, on-going coaching and mentoring, formal performance review processes, informal and formal employee\/team recognition;, policy and process compliance, and establishing high-performing team norms and expectations","Collaborate with other members of the CSS leadership team to ensure common services, policies, best practices, and resources are shared across all areas of service delivery","Hold regular meetings with staff to share knowledge","Prepare and conduct training of IT support staff","Encourage and maintain a culture of collaboration between staff members","Support Operations Service Management:","Maintain ongoing customer relationships with departments to ensure support operations are meeting their needs and to identify opportunities for improvements or new services\/enhancements","Coordinate regular communication activities to external customers and internal stakeholders related to support operations","Prepare Lifecycle Management (LCM) reports to assist in determination of fleet renewal","Collaborate with other technology groups to identify opportunities for using new solutions and processes to improve support delivery","Keep abreast of new and emerging technologies and assist with testing and piloting these services and technologies","Contribute to cross-functional teams tasked with identifying root cause and permanent solutions for problems, developing and improving technology related policies and processes, or other similar initiatives","Perform reporting and use data to identify opportunities for improvement in operations and service delivery","Champion knowledge-centered support through creation and delivery of training and knowledge base documentation across the team","Identify opportunities for expanding self-service options for the community","Actively participate in critical\/urgent\/major incident process as needed to enable timely service restoration and appropriate review\/follow-up activities","Coordinate IT support with Tier 1 IT Service Desk, taking escalations and participating in regular operational meetings","Lead small projects or work collaboratively with other technology project teams to provide transition support during introduction of new services and upgrades, operational\/process re-engineering or improvements, technology refreshes, organizational changes, vendor partnerships, etc","Assume a liaison role with technology, academic, administrative, research or third-party groups in order to collaborate on projects, initiatives, committees, or other types of on-going relationships"]},"job_onet_soc":"15115100","job_onet_job_zone":"3"},{"job_id":"EQu-4P76vISlMUjbAAAAAA==","job_title":"Entry-Level Computer Helpdesk Assistant","employer_name":"Virginia Professional Group","employer_logo":"https:\/\/encrypted-tbn0.gstatic.com\/images?q=tbn:ANd9GcSBGoy8QOc7-zyIVYFPFcSIVk1ErlfG8DaFXV6u&s=0","employer_website":"https:\/\/virginiaprofessionalgroup.com","job_publisher":"Virginia Professional Group","job_employment_type":"Full-time","job_employment_types":["FULLTIME"],"job_apply_link":"https:\/\/virginiaprofessionalgroup.com\/careers\/entry-level-computer-helpdesk-assistant-alexandria?utm_campaign=google_jobs_apply&utm_source=google_jobs_apply&utm_medium=organic","job_apply_is_direct":false,"apply_options":[{"publisher":"Virginia Professional Group","apply_link":"https:\/\/virginiaprofessionalgroup.com\/careers\/entry-level-computer-helpdesk-assistant-alexandria?utm_campaign=google_jobs_apply&utm_source=google_jobs_apply&utm_medium=organic","is_direct":false}],"job_description":"Are you interested in an IT career? If you are looking for an IT position in Alexandria, there is now an Entry-Level Computer Support Assistant position available. Computer Support Assistants work at the Help Desk, and are part of the overall IT team. As part of the Help Desk team, Computer Support Assistants provide technical assistance and support related to computer systems, hardware, and software by answering users' questions, training users on basic system and computer functions, addressing system and user issues, and resolving issues in a timely and professional manner. If you are a teamplayer, Computer Support Assistants are an important part of the IT team; come see if you are a good fit for our team!","job_is_remote":false,"job_posted_at":"2 days ago","job_posted_at_timestamp":1762646400,"job_posted_at_datetime_utc":"2025-11-09T00:00:00.000Z","job_location":"Alexandria, VA","job_city":"Alexandria","job_state":"Virginia","job_country":"US","job_latitude":38.804693,"job_longitude":-77.0435257,"job_benefits":null,"job_google_link":"https:\/\/www.google.com\/search?q=jobs&gl=us&hl=en&udm=8#vhid=vt%3D20\/docid%3DEQu-4P76vISlMUjbAAAAAA%3D%3D&vssid=jobs-detail-viewer","job_salary":null,"job_min_salary":null,"job_max_salary":null,"job_salary_period":null,"job_highlights":{"Responsibilities":["Computer Support Assistants work at the Help Desk, and are part of the overall IT team","As part of the Help Desk team, Computer Support Assistants provide technical assistance and support related to computer systems, hardware, and software by answering users' questions, training users on basic system and computer functions, addressing system and user issues, and resolving issues in a timely and professional manner"]},"job_onet_soc":"15115100","job_onet_job_zone":"3"},{"job_id":"k0RuMu20Rr9StS6SAAAAAA==","job_title":"Technology Support Specialist II","employer_name":"Enviva","employer_logo":"https:\/\/encrypted-tbn0.gstatic.com\/images?q=tbn:ANd9GcQwnbe2eXAtZuoRAvQm6elQYKDpOflb5Vmg4wqy&s=0","employer_website":"https:\/\/www.envivabiomass.com","job_publisher":"Terra.do","job_employment_type":"Full-time","job_employment_types":["FULLTIME"],"job_apply_link":"https:\/\/www.terra.do\/climate-jobs\/job-board\/Technology-Support-Specialist-II-Enviva-8316467\/?utm_campaign=google_jobs_apply&utm_source=google_jobs_apply&utm_medium=organic","job_apply_is_direct":false,"apply_options":[{"publisher":"Terra.do","apply_link":"https:\/\/www.terra.do\/climate-jobs\/job-board\/Technology-Support-Specialist-II-Enviva-8316467\/?utm_campaign=google_jobs_apply&utm_source=google_jobs_apply&utm_medium=organic","is_direct":false}],"job_description":"Enviva is hiring a Technology Support Specialist II in Bethesda, MD, to provide technical support for staff, primarily focusing on Windows 7 & 10 and various hardware. Responsibilities include troubleshooting, installing software\/hardware, managing IT policies, and supporting Office 365 issues. The role requires strong communication skills and a background in IT support. A Bachelor's degree and 5+ years of experience are preferred.\nThe Enviva team is driven by our shared vision for a renewable energy future. We are a fast-growing, purpose-driven, global energy company specializing in delivering sustainable wood bioenergy solutions. We are the world\u2019s largest producer of sustainable wood pellets, which provide a low-carbon alternative to fossil fuels.\n\nEnviva is seeking a Support Specialist II, who will provide technical support for Enviva\u2019s staff. These duties include but are not limited to, troubleshooting and resolving issues primarily within Windows 7 & 10 on multiple vendors\u2019 hardware. Duties include supporting internal customer IT needs via remote access and\/or desk-side support, which includes installation of hardware and software and other IT-related issues. Duties include performing ticket documentation and quality assurance checks on assigned tickets. Works as part of a team to ensure that tickets are closed within our established SLA guidelines. The Support Specialist II will report to the Director, IT Service Operations.\n\nResponsibilities\n\u2022 Utilize best practices in providing application support to our users, including resolving issues within Microsoft Windows, advanced Microsoft Office issues, basic network issues, and other operating systems and applications.\n\u2022 Responsible for troubleshooting Office 365 \/ Exchange ActiveSync issues on mobile devices.\n\u2022 Responsible for enforcing and implementing IT policies, procedures, and security measures.\n\u2022 Responsible for maintaining our asset inventory, including mobile devices.\n\u2022 Document incidents with detailed break-fix steps, and resolution, within our ticket tracking system.\n\u2022 Communicate with high profile end users in a professional and courteous manner.\n\u2022 Perform installations, upgrades, and configurations of hardware and software.\n\u2022 Provide remote, and on-site, troubleshooting for hardware and software support on laptops, desktops, multifunction printers, and other devices as needed.\n\u2022 Configure mobile devices, including, but not limited to, iPhones and iPads.\n\u2022 Work with team members to resolve issues efficiently.\n\u2022 Train end users on use of equipment and software via one-on-one sessions\n\u2022 Provide audiovisual meeting support including technical troubleshooting as needed.\n\u2022 \u00b7 Responsible for rotating after-hours support responsibilities.\n\u2022 Responsible for assigned projects\n\u2022 Other duties as assigned.\n\nQualifications\n\u2022 Bachelor's degree in Computer Science\/Information Systems preferred.\n\u2022 5+ years of experience supporting end users.\n\u2022 Must have extensive Microsoft Office troubleshooting experience, with emphasis on Excel and Outlook.\n\u2022 SharePoint, OneDrive, and Office 365 support experience strongly preferred.\n\u2022 Must have excellent verbal and written communication skills, with a demonstrated ability to work cooperatively with all levels of staff.\n\u2022 Knowledge and\u202fexperience with laptop, desktop, and networking hardware.\n\u2022 Significant track record of expeditious issue resolution.\n\u2022 Strong analytical abilities organized with high attention to detail.\n\u2022 Able to quickly change priorities several times during the day as needed.\n\u2022 Motivated self-starter and outstanding work ethic.\n\u2022 Experience supporting Apple products including iOS and OSX preferred\n\nPhysical Requirements\n\u2022 While performing duties of this job, the employee is predominately functioning in a sedentary light office position with high frequency of telephone communication, keyboarding, and computer. Position requires eye-hand coordination and manual dexterity sufficient to operate a keyboard, photocopier, telephone, calculator, and other office equipment. Requires normal range of hearing and eyesight to record, prepare, and communicate technical issues \/ resolution. Must be able to get under desks frequently and lift computers and monitors (up to 50 lbs) frequently\n\nTravel Requirements\n\u2022 A minimal amount of travel to Enviva\u2019s production facilities will be expected (average 10% a year).\n\nOther compensation: performance bonus, equity, and relocation assistance for eligible candidates.\n\nBenefits:\n\u2022 Medical, dental, vision, life, and disability insurance\n\u2022 Education reimbursement\n\u2022 401(k)\n\u2022 HSA employer contributions\n\u2022 Paid time off.\n\u2022 12 Paid holidays.\n\u2022 Parental leave\n\nThe final pay offered to a successful candidate will be dependent on several factors that may include but are not limited to the type and years of experience within the job, the type of years and experience within the industry, education, training, etc.\n\nSalary Range\n$89,200\u2014$110,600 USD\n\nEEO Statement\n\nEnviva is dedicated to the principles of equal employment opportunity (EEO) in any term, condition or privilege of employment. Enviva does not discriminate against applicants or employees on the basis of race, color, creed, religion, sex, national origin, age, physical or mental disability, ancestry, marital status, sexual orientation, gender identity or expression, veteran status, uniform service member, genetic information or any other status protected by law. Enviva complies with applicable state and local laws governing nondiscrimination in employment in every location in which we operate.\n\nJob posting details for Technology Support Specialist II at Enviva in Bethesda, MD. Compensation \/ salary range: $89,200\u2014$110,600 USDEEO Statement\nEnviva is dedicated to the principles of equal employment opportunity (EEO) in any term, condition or privilege of employment. ClimateTechList gathers 17,000+ job openings from over 790 climate tech companies and updates them daily.","job_is_remote":false,"job_posted_at":null,"job_posted_at_timestamp":null,"job_posted_at_datetime_utc":null,"job_location":"Bethesda, MD","job_city":"Bethesda","job_state":"Maryland","job_country":"US","job_latitude":38.9848328,"job_longitude":-77.09431719999999,"job_benefits":["dental_coverage","health_insurance","paid_time_off"],"job_google_link":"https:\/\/www.google.com\/search?q=jobs&gl=us&hl=en&udm=8#vhid=vt%3D20\/docid%3Dk0RuMu20Rr9StS6SAAAAAA%3D%3D&vssid=jobs-detail-viewer","job_salary":null,"job_min_salary":null,"job_max_salary":null,"job_salary_period":null,"job_highlights":{"Qualifications":["5+ years of experience supporting end users","Must have extensive Microsoft Office troubleshooting experience, with emphasis on Excel and Outlook","Must have excellent verbal and written communication skills, with a demonstrated ability to work cooperatively with all levels of staff","Knowledge and\u202fexperience with laptop, desktop, and networking hardware","Significant track record of expeditious issue resolution","Strong analytical abilities organized with high attention to detail","Able to quickly change priorities several times during the day as needed","Motivated self-starter and outstanding work ethic","While performing duties of this job, the employee is predominately functioning in a sedentary light office position with high frequency of telephone communication, keyboarding, and computer","Position requires eye-hand coordination and manual dexterity sufficient to operate a keyboard, photocopier, telephone, calculator, and other office equipment","Requires normal range of hearing and eyesight to record, prepare, and communicate technical issues \/ resolution","Must be able to get under desks frequently and lift computers and monitors (up to 50 lbs) frequently","A minimal amount of travel to Enviva\u2019s production facilities will be expected (average 10% a year)"],"Benefits":["Other compensation: performance bonus, equity, and relocation assistance for eligible candidates","Medical, dental, vision, life, and disability insurance","Education reimbursement","401(k)","HSA employer contributions","Paid time off","12 Paid holidays","Parental leave","The final pay offered to a successful candidate will be dependent on several factors that may include but are not limited to the type and years of experience within the job, the type of years and experience within the industry, education, training, etc","Salary Range","$89,200\u2014$110,600 USD","Compensation \/ salary range: $89,200\u2014$110,600 USDEEO Statement"],"Responsibilities":["Responsibilities include troubleshooting, installing software\/hardware, managing IT policies, and supporting Office 365 issues","The role requires strong communication skills and a background in IT support","Enviva is seeking a Support Specialist II, who will provide technical support for Enviva\u2019s staff","These duties include but are not limited to, troubleshooting and resolving issues primarily within Windows 7 & 10 on multiple vendors\u2019 hardware","Duties include supporting internal customer IT needs via remote access and\/or desk-side support, which includes installation of hardware and software and other IT-related issues","Duties include performing ticket documentation and quality assurance checks on assigned tickets","Works as part of a team to ensure that tickets are closed within our established SLA guidelines","The Support Specialist II will report to the Director, IT Service Operations","Utilize best practices in providing application support to our users, including resolving issues within Microsoft Windows, advanced Microsoft Office issues, basic network issues, and other operating systems and applications","Responsible for troubleshooting Office 365 \/ Exchange ActiveSync issues on mobile devices","Responsible for enforcing and implementing IT policies, procedures, and security measures","Responsible for maintaining our asset inventory, including mobile devices","Document incidents with detailed break-fix steps, and resolution, within our ticket tracking system","Communicate with high profile end users in a professional and courteous manner","Perform installations, upgrades, and configurations of hardware and software","Provide remote, and on-site, troubleshooting for hardware and software support on laptops, desktops, multifunction printers, and other devices as needed","Configure mobile devices, including, but not limited to, iPhones and iPads","Work with team members to resolve issues efficiently","Train end users on use of equipment and software via one-on-one sessions","Provide audiovisual meeting support including technical troubleshooting as needed","Responsible for rotating after-hours support responsibilities","Responsible for assigned projects","Other duties as assigned"]},"job_onet_soc":"15115100","job_onet_job_zone":"3"},{"job_id":"zui3W4fVl4a8XLC1AAAAAA==","job_title":"Technology Support Specialist","employer_name":"Fairfax County Public Schools","employer_logo":null,"employer_website":null,"job_publisher":"Teal","job_employment_type":"Full-time and Contractor","job_employment_types":["FULLTIME","CONTRACTOR"],"job_apply_link":"https:\/\/www.tealhq.com\/job\/technology-support-specialist_58e8580a-de94-40e3-b1b3-7b08010d1edb?utm_campaign=google_jobs_apply&utm_source=google_jobs_apply&utm_medium=organic","job_apply_is_direct":false,"apply_options":[{"publisher":"Teal","apply_link":"https:\/\/www.tealhq.com\/job\/technology-support-specialist_58e8580a-de94-40e3-b1b3-7b08010d1edb?utm_campaign=google_jobs_apply&utm_source=google_jobs_apply&utm_medium=organic","is_direct":false}],"job_description":"About the position\n\nResponsibilities\n\u2022 Provide all levels of information technology consulting, planning, support, and services to assigned organizational units.\n\u2022 Serve as the primary school\/program technology leader.\n\u2022 Manage school local network, servers, and all associated technologies.\n\u2022 Plan, manage, and support the configuration, deployment, and integration of all school\/program technologies.\n\nRequirements\n\u2022 Bachelor's degree in computer science, information technology, or a related field, or equivalent experience.\n\u2022 Two years of experience in computer technology and applications.\n\u2022 Possession of a valid motor vehicle operator's license with a good driving record.\n\u2022 Knowledge of principles, concepts, and methods of applicable computer technology.\n\u2022 Ability to quickly learn instructional technology requirements.\n\u2022 Knowledge of standard microcomputer operating systems and software used in a network environment.\n\u2022 Proficiency in three or more microcomputer and network operating systems, and standard desktop, mobile, and communications applications.\n\nNice-to-haves\n\u2022 Advanced degree(s) beyond the minimum degree requirement in a relevant field may be considered for some experience.\n\nBenefits\n\u2022 Competitive salary\n\u2022 Full-time position\n\u2022 260-day contract\n\u2022 Monthly pay frequency","job_is_remote":false,"job_posted_at":null,"job_posted_at_timestamp":null,"job_posted_at_datetime_utc":null,"job_location":"Falls Church, VA","job_city":"Falls Church","job_state":"Virginia","job_country":"US","job_latitude":38.882334,"job_longitude":-77.1710914,"job_benefits":null,"job_google_link":"https:\/\/www.google.com\/search?q=jobs&gl=us&hl=en&udm=8#vhid=vt%3D20\/docid%3Dzui3W4fVl4a8XLC1AAAAAA%3D%3D&vssid=jobs-detail-viewer","job_salary":null,"job_min_salary":null,"job_max_salary":null,"job_salary_period":null,"job_highlights":{"Qualifications":["Bachelor's degree in computer science, information technology, or a related field, or equivalent experience","Two years of experience in computer technology and applications","Possession of a valid motor vehicle operator's license with a good driving record","Knowledge of principles, concepts, and methods of applicable computer technology","Ability to quickly learn instructional technology requirements","Knowledge of standard microcomputer operating systems and software used in a network environment","Proficiency in three or more microcomputer and network operating systems, and standard desktop, mobile, and communications applications","Advanced degree(s) beyond the minimum degree requirement in a relevant field may be considered for some experience"],"Benefits":["Competitive salary","Full-time position","260-day contract","Monthly pay frequency"],"Responsibilities":["Provide all levels of information technology consulting, planning, support, and services to assigned organizational units","Serve as the primary school\/program technology leader","Manage school local network, servers, and all associated technologies","Plan, manage, and support the configuration, deployment, and integration of all school\/program technologies"]},"job_onet_soc":"15115100","job_onet_job_zone":"3"},{"job_id":"aVxmqrn-LeIAM2xmAAAAAA==","job_title":"Technical Support & Systems Analyst","employer_name":"Stage Front","employer_logo":null,"employer_website":"https:\/\/stagefront.com","job_publisher":"Indeed","job_employment_type":"Full-time","job_employment_types":["FULLTIME"],"job_apply_link":"https:\/\/www.indeed.com\/viewjob?jk=679f1577d2f2e337&utm_campaign=google_jobs_apply&utm_source=google_jobs_apply&utm_medium=organic","job_apply_is_direct":false,"apply_options":[{"publisher":"Indeed","apply_link":"https:\/\/www.indeed.com\/viewjob?jk=679f1577d2f2e337&utm_campaign=google_jobs_apply&utm_source=google_jobs_apply&utm_medium=organic","is_direct":false},{"publisher":"Glassdoor","apply_link":"https:\/\/www.glassdoor.com\/job-listing\/technical-support-systems-analyst-stage-front-JV_IC1153546_KO0,33_KE34,45.htm?jl=1009844607517&utm_campaign=google_jobs_apply&utm_source=google_jobs_apply&utm_medium=organic","is_direct":false},{"publisher":"Talents By Vaia","apply_link":"https:\/\/talents.vaia.com\/companies\/ziprecruiter\/systems-administrator-technical-support-analyst-34205655\/?utm_campaign=google_jobs_apply&utm_source=google_jobs_apply&utm_medium=organic","is_direct":false}],"job_description":"This position is 100% remote and follows Eastern Standard Time (EST) working hours. Candidates located in Maryland are required to report onsite once per week\n\nAbout Us\n\nStage Front is a technology leader in the event ticket sales industry, providing tools and services enabling end-to-end management throughout the lifecycle of a ticket. Trusted for over 40 years in the industry, Stage Front is continuing to develop new ways to empower our users and take them to the next level.\n\nAbout the Role\n\nWe are seeking a detail-oriented, tech-savvy Support & Systems Specialist to join our team. This role is responsible for triaging and resolving technical issues, monitoring system performance, managing support tickets, and collaborating across teams to ensure our platforms run smoothly. The ideal candidate thrives in a fast-paced environment, enjoys problem-solving, and can balance hands-on troubleshooting with proactive monitoring and process improvement.\n\nKey Responsibilities\n\nTechnical Support & Incident Management\n\u2022 Monitor support channels (Freshdesk, chat, email) for new requests and incidents.\n\u2022 Self-assign and manage tickets from intake to resolution, escalating to development when needed.\n\u2022 Troubleshoot and resolve portal errors, login\/VPN issues, failed integrations, and performance slowdowns.\n\u2022 Investigate root causes using tools such as SQL, New Relic, and JAM.\n\nSystem Monitoring & Maintenance\n\u2022 Proactively monitor JAMS job schedules, portal performance, and marketplace integrations.\n\u2022 Investigate job failures and performance anomalies, escalating critical issues as appropriate.\n\u2022 Identify recurring issues and recommend optimizations or fixes.\n\nOrder, Inventory & Integration Support\n\u2022 Manage marketplace event mapping and synchronization with external partners (e.g., StubHub, Ticketmaster).\n\u2022 Resolve order processing failures, rejected orders, and synchronization errors.\n\u2022 Support bulk uploads, inventory adjustments, and auto-pricing tools.\n\nUser Access & Account Administration\n\u2022 Provision, modify, and deprovision user accounts across systems.\n\u2022 Reset passwords, assign credentials, and manage permissions for staff, contractors, and partners.\n\nCross-Functional Collaboration & Partner Coordination\n\u2022 Work closely with Development, QA, PMO, Inventory, and Fulfillment teams to resolve issues.\n\u2022 Liaise with vendors and partners (QuickBooks, TicketNetwork, Zapier) for integrations and troubleshooting.\n\nDocumentation & Process Improvement\n\u2022 Maintain and refine knowledge base articles, support templates, and runbooks.\n\u2022 Suggest process improvements to streamline workflows and reduce errors.\n\nQualifications\n\nRequired:\n\u2022 2+ years in technical support, application support, or DevOps-related roles.\n\u2022 Strong troubleshooting skills with experience in ticket management systems (Freshdesk, Jira).\n\u2022 Working knowledge of SQL for querying and data analysis.\n\u2022 Experience with monitoring tools (New Relic) and job scheduling tools (JAMS or similar).\n\u2022 Excellent written and verbal communication skills.\n\u2022 Strong sense of ownership, follow-through, and proactive problem-solving.\n\u2022 This role follows a standard Monday-Friday schedule, with the possibility of occasional weekend coverage as part of a rotation (may be in-office or remote).\n\nPreferred:\n\u2022 Experience with e-commerce, ticketing platforms, or system integrations.\n\u2022 Familiarity with API troubleshooting.\n\u2022 Exposure to order management systems (e.g., Salesforce).\n\nBenefits\n\u2022 Competitive salary and performance incentives\n\u2022 Health, dental, and vision coverage\n\u2022 401(k) with company match\n\u2022 Paid time off and holidays\n\u2022 Flexible work arrangements\n\nEqual Opportunity Employer\n\nStage Front is an equal opportunity employer and is committed to providing employment opportunities to all qualified candidates without regard to race, color, religion, sex, sexual orientation, gender identity, national origin, disability, or veteran status. We celebrate diversity and are committed to creating an inclusive environment for all employees.","job_is_remote":true,"job_posted_at":null,"job_posted_at_timestamp":null,"job_posted_at_datetime_utc":null,"job_location":"Columbia, MD","job_city":"Columbia","job_state":"Maryland","job_country":"US","job_latitude":39.203714399999996,"job_longitude":-76.86104619999999,"job_benefits":["dental_coverage","health_insurance","paid_time_off"],"job_google_link":"https:\/\/www.google.com\/search?q=jobs&gl=us&hl=en&udm=8#vhid=vt%3D20\/docid%3DaVxmqrn-LeIAM2xmAAAAAA%3D%3D&vssid=jobs-detail-viewer","job_min_salary":65000,"job_max_salary":80000,"job_salary_period":"YEAR","job_highlights":{"Qualifications":["2+ years in technical support, application support, or DevOps-related roles","Strong troubleshooting skills with experience in ticket management systems (Freshdesk, Jira)","Working knowledge of SQL for querying and data analysis","Experience with monitoring tools (New Relic) and job scheduling tools (JAMS or similar)","Excellent written and verbal communication skills","Strong sense of ownership, follow-through, and proactive problem-solving","This role follows a standard Monday-Friday schedule, with the possibility of occasional weekend coverage as part of a rotation (may be in-office or remote)"],"Benefits":["Competitive salary and performance incentives","Health, dental, and vision coverage","401(k) with company match","Paid time off and holidays","Flexible work arrangements"],"Responsibilities":["We are seeking a detail-oriented, tech-savvy Support & Systems Specialist to join our team","This role is responsible for triaging and resolving technical issues, monitoring system performance, managing support tickets, and collaborating across teams to ensure our platforms run smoothly","The ideal candidate thrives in a fast-paced environment, enjoys problem-solving, and can balance hands-on troubleshooting with proactive monitoring and process improvement","Technical Support & Incident Management","Monitor support channels (Freshdesk, chat, email) for new requests and incidents","Self-assign and manage tickets from intake to resolution, escalating to development when needed","Troubleshoot and resolve portal errors, login\/VPN issues, failed integrations, and performance slowdowns","Investigate root causes using tools such as SQL, New Relic, and JAM","System Monitoring & Maintenance","Proactively monitor JAMS job schedules, portal performance, and marketplace integrations","Investigate job failures and performance anomalies, escalating critical issues as appropriate","Identify recurring issues and recommend optimizations or fixes","Order, Inventory & Integration Support","Manage marketplace event mapping and synchronization with external partners (e.g., StubHub, Ticketmaster)","Resolve order processing failures, rejected orders, and synchronization errors","Support bulk uploads, inventory adjustments, and auto-pricing tools","User Access & Account Administration","Provision, modify, and deprovision user accounts across systems","Reset passwords, assign credentials, and manage permissions for staff, contractors, and partners","Cross-Functional Collaboration & Partner Coordination","Work closely with Development, QA, PMO, Inventory, and Fulfillment teams to resolve issues","Liaise with vendors and partners (QuickBooks, TicketNetwork, Zapier) for integrations and troubleshooting","Documentation & Process Improvement","Maintain and refine knowledge base articles, support templates, and runbooks","Suggest process improvements to streamline workflows and reduce errors"]},"job_onet_soc":"15115100","job_onet_job_zone":"3"},{"job_id":"HayGpkEvJ0zLJLP7AAAAAA==","job_title":"Desktop Support Analyst","employer_name":"American IT Staff","employer_logo":null,"employer_website":null,"job_publisher":"Smart Recruiters Jobs","job_employment_type":"Full-time","job_employment_types":["FULLTIME"],"job_apply_link":"https:\/\/jobs.smartrecruiters.com\/AmericanITStaff\/744000027709147-desktop-support-analyst?utm_campaign=google_jobs_apply&utm_source=google_jobs_apply&utm_medium=organic","job_apply_is_direct":false,"apply_options":[{"publisher":"Smart Recruiters Jobs","apply_link":"https:\/\/jobs.smartrecruiters.com\/AmericanITStaff\/744000027709147-desktop-support-analyst?utm_campaign=google_jobs_apply&utm_source=google_jobs_apply&utm_medium=organic","is_direct":false},{"publisher":"BeBee","apply_link":"https:\/\/us.bebee.com\/job\/b9587ec3c465ee0442316ada9f96d3e2?utm_campaign=google_jobs_apply&utm_source=google_jobs_apply&utm_medium=organic","is_direct":false},{"publisher":"WhatJobs","apply_link":"https:\/\/www.whatjobs.com\/jobs\/desktop-support-analyst?id=2255498635&utm_campaign=google_jobs_apply&utm_source=google_jobs_apply&utm_medium=organic","is_direct":false},{"publisher":"Jobs And Careers","apply_link":"https:\/\/www.career.com\/job\/american-it-staff\/desktop-support-analyst\/j202411210528519484522?utm_campaign=google_jobs_apply&utm_source=google_jobs_apply&utm_medium=organic","is_direct":false},{"publisher":"Jobs Trabajo.org","apply_link":"https:\/\/us.trabajo.org\/job-3646-2b73f153937fac42df79bd4169c22f64?utm_campaign=google_jobs_apply&utm_source=google_jobs_apply&utm_medium=organic","is_direct":false},{"publisher":"Jobilize","apply_link":"https:\/\/www.jobilize.com\/job\/us-md-chevy-chase-desktop-support-analyst-american-it-staff-hiring?utm_campaign=google_jobs_apply&utm_source=google_jobs_apply&utm_medium=organic","is_direct":false}],"job_description":"Job Description\n\nWe are seeking a dynamic and experienced Tech Services Specialist for our Technical Field Engineering team. This role is pivotal in providing on-site technical support and maintenance across our regional offices. The ideal candidate will have a strong technical background, taking a proactive approach to identifying and solving technical issues.\n\nHelp drive our insurance business transformation as we transition from a traditional IT model to a Tech organization with engineering excellence as its mission.\n\nJob Responsibilities:\n\nTechnical Support and Maintenance:\n\u2022 Ensure timely and efficient resolution of technical issues in regional offices, including hardware, software, network, AV and general system problems.\n\u2022 Support on-site installations, maintenance, and upgrades of Tech infrastructure and equipment.\n\u2022 Proactively monitor and analyze opportunities to improve technical support operations, identifying areas for improvement and supporting the implementation of corrective actions.\n\nProject Management:\n\u2022 Hands on support of technical projects, including office relocations, infrastructure upgrades, and new technology rollouts.\n\u2022 Collaborate with other departments and stakeholders to align technical support activities with overall business objectives.\n\u2022 Ensure projects are completed on time, within budget, and to the required standards.\n\nCommunication and Collaboration:\n\u2022 Act as a liaison between your regional offices and the larger Tech organization, partnering with Org Change Management team to ensure clear communication and coordination of tech rollouts and changes.\n\u2022 Provide regular updates to management on chronic technical issues, project status, and opportunities to improve the associate tech experience.\n\nContinuous Improvement and Innovation:\n\u2022 Stay up to date with the latest technology trends and advancements in field engineering.\n\u2022 Identify opportunities for process improvements, automation, and the implementation of new technologies to enhance service delivery and associate experience.\n\nBasic Qualifications:\n\u2022 Bachelor\u2019s degree in Information Technology, Engineering, or a related field or comparable experience.\n\u2022 At least 4 years of experience in hands on technical support or a related discipline.\n\u2022 At least 4-years\u2019 experience in IT infrastructure, networking, AV, and\/or systems support.\n\nPreferred Qualifications:\n\u2022 Excellent problem-solving skills and the ability to work under pressure in a fast-paced environment.\n\u2022 Strong communication and interpersonal skills, with the ability to collaborate effectively with diverse teams and stakeholders.\n\u2022 Project management certification (e.g., PMP) and IT certifications (e.g., CompTIA Network+, Microsoft Certified Systems Engineer) are a plus.\n\nAdditional Information\n\nAll your information will be kept confidential according to EEO guidelines.","job_is_remote":false,"job_posted_at":null,"job_posted_at_timestamp":null,"job_posted_at_datetime_utc":null,"job_location":"Chevy Chase, MD","job_city":"Chevy Chase","job_state":"Maryland","job_country":"US","job_latitude":38.9961473,"job_longitude":-77.07727229999999,"job_benefits":null,"job_google_link":"https:\/\/www.google.com\/search?q=jobs&gl=us&hl=en&udm=8#vhid=vt%3D20\/docid%3DHayGpkEvJ0zLJLP7AAAAAA%3D%3D&vssid=jobs-detail-viewer","job_salary":null,"job_min_salary":null,"job_max_salary":null,"job_salary_period":null,"job_highlights":{"Qualifications":["Bachelor\u2019s degree in Information Technology, Engineering, or a related field or comparable experience","At least 4 years of experience in hands on technical support or a related discipline","At least 4-years\u2019 experience in IT infrastructure, networking, AV, and\/or systems support"],"Responsibilities":["This role is pivotal in providing on-site technical support and maintenance across our regional offices","The ideal candidate will have a strong technical background, taking a proactive approach to identifying and solving technical issues","Help drive our insurance business transformation as we transition from a traditional IT model to a Tech organization with engineering excellence as its mission","Technical Support and Maintenance:","Ensure timely and efficient resolution of technical issues in regional offices, including hardware, software, network, AV and general system problems","Support on-site installations, maintenance, and upgrades of Tech infrastructure and equipment","Proactively monitor and analyze opportunities to improve technical support operations, identifying areas for improvement and supporting the implementation of corrective actions","Hands on support of technical projects, including office relocations, infrastructure upgrades, and new technology rollouts","Collaborate with other departments and stakeholders to align technical support activities with overall business objectives","Ensure projects are completed on time, within budget, and to the required standards","Communication and Collaboration:","Act as a liaison between your regional offices and the larger Tech organization, partnering with Org Change Management team to ensure clear communication and coordination of tech rollouts and changes","Provide regular updates to management on chronic technical issues, project status, and opportunities to improve the associate tech experience","Stay up to date with the latest technology trends and advancements in field engineering","Identify opportunities for process improvements, automation, and the implementation of new technologies to enhance service delivery and associate experience"]},"job_onet_soc":"15115100","job_onet_job_zone":"3"},{"job_id":"a9F81sEPNKHnQlRtAAAAAA==","job_title":"IT Support Specialist Tier 2.5 \u2013 MSP","employer_name":"Bowman Williams","employer_logo":"https:\/\/encrypted-tbn0.gstatic.com\/images?q=tbn:ANd9GcTDxBqEolLPyosLCv2o72JOLriwjHUYLxQUrBRA&s=0","employer_website":"https:\/\/bowmanwilliams.com","job_publisher":"LinkedIn","job_employment_type":"Full-time","job_employment_types":["FULLTIME"],"job_apply_link":"https:\/\/www.linkedin.com\/jobs\/view\/it-support-specialist-tier-2-5-%E2%80%93-msp-at-bowman-williams-4319357135?utm_campaign=google_jobs_apply&utm_source=google_jobs_apply&utm_medium=organic","job_apply_is_direct":false,"apply_options":[{"publisher":"LinkedIn","apply_link":"https:\/\/www.linkedin.com\/jobs\/view\/it-support-specialist-tier-2-5-%E2%80%93-msp-at-bowman-williams-4319357135?utm_campaign=google_jobs_apply&utm_source=google_jobs_apply&utm_medium=organic","is_direct":false},{"publisher":"WhatJobs","apply_link":"https:\/\/www.whatjobs.com\/jobs\/help-desk?id=2229010891&utm_campaign=google_jobs_apply&utm_source=google_jobs_apply&utm_medium=organic","is_direct":false},{"publisher":"BeBee","apply_link":"https:\/\/us.bebee.com\/job\/1865768dc8cbb2973b675a570d710ba0?utm_campaign=google_jobs_apply&utm_source=google_jobs_apply&utm_medium=organic","is_direct":false},{"publisher":"Jobs Trabajo.org","apply_link":"https:\/\/us.trabajo.org\/job-2611-0ba876b0c05a37b117fc1fdc51146427?utm_campaign=google_jobs_apply&utm_source=google_jobs_apply&utm_medium=organic","is_direct":false},{"publisher":"Learn4Good","apply_link":"https:\/\/www.learn4good.com\/jobs\/herndon\/virginia\/info_technology\/4553353947\/e\/?utm_campaign=google_jobs_apply&utm_source=google_jobs_apply&utm_medium=organic","is_direct":false}],"job_description":"Join a People-First MSP That Has Been Supporting the DC Metro for 30+ Years\n\nIf you're looking for a place where your work truly matters, where clients appreciate your impact, and where leadership invests in your growth, this is the opportunity.\n\nThis established, long-standing Managed Services Provider has been supporting small to mid-sized businesses across the DC metro area for over three decades. Their philosophy is simple: treat clients like partners, eliminate IT headaches before they happen, and build a team of engineers who genuinely love what they do.\n\nYou\u2019ll be joining a tight-knit group of tech professionals who value collaboration, technical curiosity, and doing things the right way. They\u2019ve built a reputation on proactive support, exceptional customer service, and a culture where your success directly contributes to the success of the business. Expect a stable environment, long-term client relationships, and a company that\u2019s been growing steadily year after year.\n\nWhy You\u2019ll Love Working Here\n\u2022 30+ years of proven stability and growth\n\u2022 A friendly, supportive culture\u2014no egos, no burnout factory\n\u2022 Leadership that listens, invests, and promotes from within\n\u2022 Work that makes a difference for real businesses every single day\n\u2022 Excellent benefits fully paid by the company\n\nThis is the type of company where people stick around because they feel valued, trusted, and empowered.\n\nPosition: IT Support Specialist Tier 2.5 \u2013 MSP\n\nYou\u2019ll serve as a trusted technical resource for clients throughout Northern VA and DC, providing hands-on support for desktops (Windows\/Mac), networking, servers, and cloud environments. If you enjoy variety, solving problems, and working directly with end users in a friendly, relationship-driven MSP\u2014this is a great match.\n\nWhat You\u2019ll Be Handling:\n\u2022 Microsoft Exchange & Office 365\n\u2022 Windows & macOS support\n\u2022 Firewalls & switching\n\u2022 Windows Active Directory\n\u2022 Hyper-V & VMware\n\u2022 ConnectWise, Kaseya, and related RMM tools\n\u2022 Microsoft Azure support\n\u2022 Onsite client visits across Northern VA\n\nSalary & Benefits\n\nSalary: $70,000 \u2013 $80,000\n\nLocation: Herndon, VA\n\nBenefits include:\n\u2022 Paid vacation & sick leave (after 6 months)\n\u2022 Fully company-paid health, dental, and vision insurance\n\u2022 Company-paid life, short-term, and long-term disability\n\u2022 401(k) with up to 4% company match\n\u2022 Mileage reimbursement","job_is_remote":false,"job_posted_at":"13 days ago","job_posted_at_timestamp":1761696000,"job_posted_at_datetime_utc":"2025-10-29T00:00:00.000Z","job_location":"Herndon, VA","job_city":"Herndon","job_state":"Virginia","job_country":"US","job_latitude":38.9695545,"job_longitude":-77.3860976,"job_benefits":["dental_coverage","health_insurance","paid_time_off"],"job_google_link":"https:\/\/www.google.com\/search?q=jobs&gl=us&hl=en&udm=8#vhid=vt%3D20\/docid%3Da9F81sEPNKHnQlRtAAAAAA%3D%3D&vssid=jobs-detail-viewer","job_min_salary":70000,"job_max_salary":80000,"job_salary_period":"YEAR","job_highlights":{"Benefits":["30+ years of proven stability and growth","A friendly, supportive culture\u2014no egos, no burnout factory","Leadership that listens, invests, and promotes from within","Work that makes a difference for real businesses every single day","Excellent benefits fully paid by the company","Salary & Benefits","Salary: $70,000 \u2013 $80,000","Paid vacation & sick leave (after 6 months)","Fully company-paid health, dental, and vision insurance","Company-paid life, short-term, and long-term disability","401(k) with up to 4% company match","Mileage reimbursement"],"Responsibilities":["Expect a stable environment, long-term client relationships, and a company that\u2019s been growing steadily year after year","Position: IT Support Specialist Tier 2.5 \u2013 MSP","You\u2019ll serve as a trusted technical resource for clients throughout Northern VA and DC, providing hands-on support for desktops (Windows\/Mac), networking, servers, and cloud environments","If you enjoy variety, solving problems, and working directly with end users in a friendly, relationship-driven MSP\u2014this is a great match","Microsoft Exchange & Office 365","Windows & macOS support","Firewalls & switching","Windows Active Directory","Hyper-V & VMware","ConnectWise, Kaseya, and related RMM tools","Microsoft Azure support","Onsite client visits across Northern VA"]},"job_onet_soc":"15115100","job_onet_job_zone":"3"}]}