{"status":"OK","request_id":"4e00b1f7-5c9c-4cf7-a5e8-3cbc4463d693","parameters":{"query":"Sales Representative","page":1,"num_pages":1,"country":"us","language":"en"},"data":[{"job_id":"hZdE9kDE7_abb7SUAAAAAA==","job_title":"Outside Sales Representative","employer_name":"Rexel","employer_logo":null,"employer_website":"https:\/\/www.rexelusa.com","job_publisher":"Rexel Careers","job_employment_type":"Full-time","job_employment_types":["FULLTIME"],"job_apply_link":"https:\/\/careers.rexel.com\/job\/outside-sales-representative-in-capitol-heights-md-united-states-jid-1011?utm_campaign=google_jobs_apply&utm_source=google_jobs_apply&utm_medium=organic","job_apply_is_direct":false,"apply_options":[{"publisher":"Rexel Careers","apply_link":"https:\/\/careers.rexel.com\/job\/outside-sales-representative-in-capitol-heights-md-united-states-jid-1011?utm_campaign=google_jobs_apply&utm_source=google_jobs_apply&utm_medium=organic","is_direct":false},{"publisher":"LinkedIn","apply_link":"https:\/\/www.linkedin.com\/jobs\/view\/outside-sales-representative-at-rexel-usa-4335540146?utm_campaign=google_jobs_apply&utm_source=google_jobs_apply&utm_medium=organic","is_direct":false},{"publisher":"Indeed","apply_link":"https:\/\/www.indeed.com\/viewjob?jk=caaf7cc53faa01f2&utm_campaign=google_jobs_apply&utm_source=google_jobs_apply&utm_medium=organic","is_direct":true},{"publisher":"Uline - Uline Careers","apply_link":"https:\/\/gfj.uline.jobs\/hiring\/outside-sales-representative-capitol-heights-md-68ecff988464760c48bb84b7?utm_campaign=google_jobs_apply&utm_source=google_jobs_apply&utm_medium=organic","is_direct":false},{"publisher":"Jooble","apply_link":"https:\/\/jooble.org\/jdp\/8222827668630487632?utm_campaign=google_jobs_apply&utm_source=google_jobs_apply&utm_medium=organic","is_direct":false},{"publisher":"ZipRecruiter","apply_link":"https:\/\/www.ziprecruiter.com\/c\/REXEL\/Job\/Outside-Sales-Representative\/-in-Capitol-Heights,MD?jid=88eea8c0ce405194&utm_campaign=google_jobs_apply&utm_source=google_jobs_apply&utm_medium=organic","is_direct":false},{"publisher":"SimplyHired","apply_link":"https:\/\/www.simplyhired.com\/job\/rFSEKXNSB4LZfG5stS99-Cuzk7jhmf3SemZmpD3CTbXcWTlhlXHUUQ?utm_campaign=google_jobs_apply&utm_source=google_jobs_apply&utm_medium=organic","is_direct":false},{"publisher":"Adzuna","apply_link":"https:\/\/www.adzuna.com\/details\/5490208220?utm_campaign=google_jobs_apply&utm_source=google_jobs_apply&utm_medium=organic","is_direct":true}],"job_description":"Summary:\n\nThe Outside Sales Representative is responsible for the sales and marketing efforts with the objective of increased profitable sales through creating, building, and maintaining high quality relationships with new and existing customers. Utilize company digital tools and company products and services to connect with consumers, develop creative solutions, generate sales volume, and provide the highest level of customer service.\n\nWhat You'll Do:\n\u2022 Responsible for selling, marketing, promoting, and demonstrating products. Effectively communicate the features and benefits of our product offering\n\u2022 Increase business by generating sales to new customers and by selling additional products to existing customers\n\u2022 Collaborate with leadership, team members, and suppliers in planning, tracking, and implementing sales strategies and developing new markets\n\u2022 Assist customers with product selection and application utilizing knowledge, internal specialists, as well as supplier representatives\n\u2022 Establish and maintain customer relationships\n\u2022 Learn and evaluate customer operations to aid in identifying customer objectives, requirements, and preferences in order to present a unique solution to each customer tailored to their business objectives and needs\n\u2022 Collaborate with customers and team members for product quotations and provide on-going communication throughout the customer's purchasing lifecycle\n\u2022 Work with management, credit, and customers to resolve payment issues promptly\n\u2022 Gather and report to management information regarding the company, competitors, pricing, products, and current and future market trends\n\u2022 Actively participate in professional development to improve professional selling skills and maintain technical capabilities. Participate in company training\/development, special promotions, sales meetings, supplier seminars, and training schools to enhance and maintain personal and product knowledge\n\u2022 Maintain accurate and timely records including sales call schedules and expense reports\n\u2022 Coordinate sales calls with vendors to introduce and demonstrate products, identify customer needs, and promote product and service solutions\n\u2022 Utilize and champion digital tools, customer solutions and services to gain a competitive advantage\n\u2022 Perform other duties as assigned\n\nJob Duties Disclaimer:\n\nThe information contained in this job description is intended to describe the essential job functions required of those assigned to this job. It is not intended to be an exhaustive list of all responsibilities, duties, knowledge, skills, and abilities needed to perform the job. Please note that management retains the right to assign or reassign duties and responsibilities to this job at any time. The ability to competently perform all the essential duties of the position, with or without reasonable accommodation, demonstrate commitment to effective customer service delivery, integrity, and the ability to work productively as a member of a team or work group are basic requirements of all positions at Rexel USA.\n\nQualifications\n\u2022 3+ years of sales or electrical industry experience\n\u2022 Valid Driver\u2019s License \ufeff\n\u2022 High School or GED - Required\n\u2022 Ability to exhibit a positive, friendly, and helpful attitude with customers and to be sensitive to their needs\n\u2022 Customer oriented and motivated with excellent communication, presentation, organization, and problem-solving skills\n\u2022 Ability to prioritize and manage multiple tasks and deadlines\n\u2022 Excellent negotiation skills, interpersonal skills, and ability to drive decisions with influence\n\u2022 Product and application knowledge essential\n\u2022 Highly self-motivated\n\u2022 Familiar with Microsoft Office as well as relevant ERP systems and Customer Relation Management Tools (CRM)\n\nAdditional Information\n\nPhysical Demands:\n\u2022 Sit: Must be able to remain in a stationary position - Frequently \u2013 21% to 50%\n\u2022 Walk: Must be able to move about inside\/outside office or work location - Constantly \u2013 at least 51%\n\u2022 Use hands to finger, handle, or feel: Operates a computer and other office machinery - Constantly \u2013 at least 51%\n\u2022 Stoop, kneel, crouch, or crawl: Must be able to crouch down to stock shelves, pick up boxes, or position oneself to maintain computers in the lab\/under desks\/in server closet - Occasionally \u2013 up to 20%\n\u2022 Climb or balance: Must be able to ascend\/descend on a ladder, forklift, pallet jack, or other warehouse equipment - Occasionally \u2013 up to 20%\n\u2022 Talk, hear, taste, smell: Must be able to use senses to effectively communicate with co-workers and clients and detect hazardous conditions - Constantly \u2013 at least 51%\n\nWeight and Force Demands:\n\u2022 Up to 10 pounds - Occasionally \u2013 up to 20%\n\u2022 Up to 25 pounds - Occasionally \u2013 up to 20%\n\u2022 Up to 50 pounds - Occasionally \u2013 up to 20%\n\nWorking Environment:\n\u2022 Exposed to unpleasant or disagreeable physical environment such as high noise level and\/or exposure to heat and cold - Occasionally \u2013 up to 20%\n\u2022 Exposed to electrical hazards; risk of electrical shock - Occasionally \u2013 up to 20%\n\u2022 Handles or works with potentially dangerous equipment - Occasionally \u2013 up to 20%\n\u2022 Travels to offsite locations - Constantly \u2013 at least 51%\n\nFor the state of Maryland only, the pay range is $60K to $95K, depending upon qualifications, experience and other considerations permitted by law.\n\nDisclaimer:\n\n\u201cRexel USA (A VEVRAA Federal Contractor), and its affiliated companies, is an EEO\/Disabled\/Veterans employer. All qualified candidates will receive consideration for employment without regard to any characteristics protected by law.\u201d\n\nOur Benefits Include:\n\u2022 Medical, Dental, and Vision Insurance\n\u2022 Life Insurance\n\u2022 Short-Term and Long-Term Disability Insurance\n\u2022 401K with Employer Match\n\u2022 Paid vacation and sick time\n\u2022 Paid company holidays plus flexible personal days per year\n\u2022 Tuition Reimbursement\n\u2022 Health & Wellness Programs\n\u2022 Flexible Spending Accounts\n\u2022 HSA Accounts\n\u2022 Commuter Transit Benefits\n\u2022 Additional Optional Insurance such as Pet Insurance, Legal Assistance, Critical Illness, Home and Auto Insurance to name a few.\n\u2022 Employee Discount Programs\n\u2022 Professional Training & Development Programs\n\u2022 Career Advancement Opportunities \u2013 We like to promote from within\n\nOur goal is to create a workplace where everyone feels respected, valued, and empowered to succeed as we understand that our success and innovation is enhanced by an inclusive and diverse workforce.\n\nRexel USA (A VEVRAA Federal Contractor), and its affiliated companies, is an EEO\/Disabled\/Veterans employer. All qualified candidates will receive consideration for employment without regard to any characteristics protected by law.\n\nCompany Description\n\nWe are looking for an Outside Sales Representative to join our Rexel, USA team and will be Remote!\n\nRexel USA is one of the largest distributors of electrical products, data communication, and related supplies in the United States. Rexel USA operates its electrical distribution business in the United States through eight Regions that go to market under various banner and trade names, including Rexel, Rexel Automation, Gexpro, Mayer, and Platt Electric Supply. In addition to an online store, Rexel USA has a distribution network of over 460 warehouse storefront locations throughout the U.S.","job_is_remote":false,"job_posted_at":"24 hours ago","job_posted_at_timestamp":1762732800,"job_posted_at_datetime_utc":"2025-11-10T00:00:00.000Z","job_location":"Capitol Heights, MD","job_city":"Capitol Heights","job_state":"Maryland","job_country":"US","job_latitude":38.8851122,"job_longitude":-76.9158068,"job_benefits":["paid_time_off","dental_coverage","health_insurance"],"job_google_link":"https:\/\/www.google.com\/search?q=jobs&gl=us&hl=en&udm=8#vhid=vt%3D20\/docid%3DhZdE9kDE7_abb7SUAAAAAA%3D%3D&vssid=jobs-detail-viewer","job_salary":null,"job_min_salary":null,"job_max_salary":null,"job_salary_period":null,"job_highlights":{"Qualifications":["The ability to competently perform all the essential duties of the position, with or without reasonable accommodation, demonstrate commitment to effective customer service delivery, integrity, and the ability to work productively as a member of a team or work group are basic requirements of all positions at Rexel USA","3+ years of sales or electrical industry experience","Valid Driver\u2019s License \ufeff","High School or GED - Required","Ability to exhibit a positive, friendly, and helpful attitude with customers and to be sensitive to their needs","Customer oriented and motivated with excellent communication, presentation, organization, and problem-solving skills","Ability to prioritize and manage multiple tasks and deadlines","Excellent negotiation skills, interpersonal skills, and ability to drive decisions with influence","Product and application knowledge essential","Highly self-motivated","Familiar with Microsoft Office as well as relevant ERP systems and Customer Relation Management Tools (CRM)","Sit: Must be able to remain in a stationary position - Frequently \u2013 21% to 50%","Walk: Must be able to move about inside\/outside office or work location - Constantly \u2013 at least 51%","Stoop, kneel, crouch, or crawl: Must be able to crouch down to stock shelves, pick up boxes, or position oneself to maintain computers in the lab\/under desks\/in server closet - Occasionally \u2013 up to 20%","Climb or balance: Must be able to ascend\/descend on a ladder, forklift, pallet jack, or other warehouse equipment - Occasionally \u2013 up to 20%","Talk, hear, taste, smell: Must be able to use senses to effectively communicate with co-workers and clients and detect hazardous conditions - Constantly \u2013 at least 51%"],"Benefits":["For the state of Maryland only, the pay range is $60K to $95K, depending upon qualifications, experience and other considerations permitted by law","Medical, Dental, and Vision Insurance","Life Insurance","Short-Term and Long-Term Disability Insurance","401K with Employer Match","Paid vacation and sick time","Paid company holidays plus flexible personal days per year","Tuition Reimbursement","Health & Wellness Programs","Flexible Spending Accounts","HSA Accounts","Commuter Transit Benefits","Additional Optional Insurance such as Pet Insurance, Legal Assistance, Critical Illness, Home and Auto Insurance to name a few","Employee Discount Programs","Professional Training & Development Programs","Career Advancement Opportunities \u2013 We like to promote from within"],"Responsibilities":["The Outside Sales Representative is responsible for the sales and marketing efforts with the objective of increased profitable sales through creating, building, and maintaining high quality relationships with new and existing customers","Utilize company digital tools and company products and services to connect with consumers, develop creative solutions, generate sales volume, and provide the highest level of customer service","Responsible for selling, marketing, promoting, and demonstrating products","Effectively communicate the features and benefits of our product offering","Increase business by generating sales to new customers and by selling additional products to existing customers","Collaborate with leadership, team members, and suppliers in planning, tracking, and implementing sales strategies and developing new markets","Assist customers with product selection and application utilizing knowledge, internal specialists, as well as supplier representatives","Establish and maintain customer relationships","Learn and evaluate customer operations to aid in identifying customer objectives, requirements, and preferences in order to present a unique solution to each customer tailored to their business objectives and needs","Collaborate with customers and team members for product quotations and provide on-going communication throughout the customer's purchasing lifecycle","Work with management, credit, and customers to resolve payment issues promptly","Gather and report to management information regarding the company, competitors, pricing, products, and current and future market trends","Actively participate in professional development to improve professional selling skills and maintain technical capabilities","Participate in company training\/development, special promotions, sales meetings, supplier seminars, and training schools to enhance and maintain personal and product knowledge","Maintain accurate and timely records including sales call schedules and expense reports","Coordinate sales calls with vendors to introduce and demonstrate products, identify customer needs, and promote product and service solutions","Utilize and champion digital tools, customer solutions and services to gain a competitive advantage","Perform other duties as assigned","Please note that management retains the right to assign or reassign duties and responsibilities to this job at any time","Use hands to finger, handle, or feel: Operates a computer and other office machinery - Constantly \u2013 at least 51%","Up to 10 pounds - Occasionally \u2013 up to 20%","Up to 25 pounds - Occasionally \u2013 up to 20%","Up to 50 pounds - Occasionally \u2013 up to 20%","Exposed to unpleasant or disagreeable physical environment such as high noise level and\/or exposure to heat and cold - Occasionally \u2013 up to 20%","Exposed to electrical hazards; risk of electrical shock - Occasionally \u2013 up to 20%","Handles or works with potentially dangerous equipment - Occasionally \u2013 up to 20%","Travels to offsite locations - Constantly \u2013 at least 51%"]},"job_onet_soc":"41401200","job_onet_job_zone":"4"},{"job_id":"QpifMkeeGsuqlGDPAAAAAA==","job_title":"Verizon Sales Representative","employer_name":"Elevated Dynamics","employer_logo":null,"employer_website":"https:\/\/elevateddynamicsinc.com","job_publisher":"Indeed","job_employment_type":"Full-time","job_employment_types":["FULLTIME"],"job_apply_link":"https:\/\/www.indeed.com\/viewjob?jk=f85af7dcf98d783e&utm_campaign=google_jobs_apply&utm_source=google_jobs_apply&utm_medium=organic","job_apply_is_direct":true,"apply_options":[{"publisher":"Indeed","apply_link":"https:\/\/www.indeed.com\/viewjob?jk=f85af7dcf98d783e&utm_campaign=google_jobs_apply&utm_source=google_jobs_apply&utm_medium=organic","is_direct":true},{"publisher":"Sign In - ADP","apply_link":"https:\/\/mycareer.adp.com\/fr-ca\/r\/djouiniyounes\/jobs\/22106879\/entry-level-outside-sales-associate-arlington-va\/?utm_campaign=google_jobs_apply&utm_source=google_jobs_apply&utm_medium=organic","is_direct":false},{"publisher":"Technical Staffing Specialists","apply_link":"https:\/\/www.techssi.com\/job\/junior-inside-it-sales-representative\/?utm_campaign=google_jobs_apply&utm_source=google_jobs_apply&utm_medium=organic","is_direct":false},{"publisher":"ZipRecruiter","apply_link":"https:\/\/www.ziprecruiter.com\/c\/The-Semler-Agency\/Job\/Wanted:-Motivated-Sales-Representative\/-in-Arlington,VA?jid=595d7095694665b1&utm_campaign=google_jobs_apply&utm_source=google_jobs_apply&utm_medium=organic","is_direct":false},{"publisher":"Glassdoor","apply_link":"https:\/\/www.glassdoor.com\/job-listing\/verizon-sales-representative-elevated-dynamics-JV_IC1130337_KO0,28_KE29,46.htm?jl=1009931947818&utm_campaign=google_jobs_apply&utm_source=google_jobs_apply&utm_medium=organic","is_direct":true},{"publisher":"BeBee","apply_link":"https:\/\/us.bebee.com\/job\/99946906c65043fe85bc4c626c8ea974?utm_campaign=google_jobs_apply&utm_source=google_jobs_apply&utm_medium=organic","is_direct":false},{"publisher":"GrabJobs","apply_link":"https:\/\/grabjobs.co\/us\/job\/full-time\/others\/verizon-sales-representative-144578850?utm_campaign=google_jobs_apply&utm_source=google_jobs_apply&utm_medium=organic","is_direct":false},{"publisher":"SimplyHired","apply_link":"https:\/\/www.simplyhired.com\/job\/Cj8BdSCLUv27HT7PFC_FfZzIDTmh4_Qt2U814I20qRcJEjTR4LPR0A?utm_campaign=google_jobs_apply&utm_source=google_jobs_apply&utm_medium=organic","is_direct":false}],"job_description":"As a leading force in the telecommunications industry, our company takes pride in delivering innovative solutions, exceptional client service, and measurable business results. With a strong foundation of excellence and a forward-thinking approach, we continue to redefine what it means to connect people and businesses through technology.\n\nWe are thrilled to offer a rewarding Verizon Sales Representative opportunity for motivated individuals to launch or advance their careers in telecommunications. As a Verizon Sales Representative, you will play a pivotal role in building meaningful customer relationships, driving sales performance, and developing valuable professional skills that open doors for long-term growth.\n\nJoining our Verizon Sales Representative team means becoming part of a supportive and collaborative community. You\u2019ll work alongside dedicated professionals and company leaders to maintain existing business accounts, acquire new clients, and design personalized solutions that align with each customer\u2019s communication needs.\n\nAs a Verizon Sales Representative, You Will:\n\u2022 Educate clients on Verizon\u2019s products, services, and technology updates to help them make informed decisions and achieve optimal solutions.\n\u2022 Manage in-person customer relationships, fostering trust and engagement to identify the best wireless and internet packages.\n\u2022 Collaborate with fellow Verizon Sales Representatives and Managers to coordinate strategies that maximize team and individual success.\n\u2022 Identify upselling and cross-selling opportunities to expand customer usage and boost revenue growth.\n\u2022 Assess customer needs, actively listen to concerns, and deliver tailored, value-driven solutions.\n\nVerizon Sales Representative Requirements:\n\u2022 Previous experience in telecommunications, sales, account management, client relations, or customer service preferred.\n\u2022 Prior experience as a direct Verizon Sales Representative is highly desirable.\n\u2022 Strong interpersonal and communication skills with the ability to build and maintain professional relationships.\n\u2022 Passion for sales, technology, and delivering exceptional customer experiences.\n\u2022 Self-motivated with strong time management, problem-solving, and multitasking abilities.\n\u2022 Analytical mindset with the ability to interpret data, recognize trends, and contribute to profit growth.\n\u2022 Proven success in achieving sales targets, overcoming objections, and driving customer satisfaction.\n\nIf you\u2019re looking to make a real impact while enjoying a fulfilling career path, we invite you to bring your drive and enthusiasm to our Verizon Sales Representative team.\n\nJob Type: Full-time\n\nPay: $900.00 - $1,500.00 per week\n\nBenefits:\n\u2022 401(k)\n\u2022 401(k) matching\n\nWork Location: In person","job_is_remote":false,"job_posted_at":"5 days ago","job_posted_at_timestamp":1762387200,"job_posted_at_datetime_utc":"2025-11-06T00:00:00.000Z","job_location":"Arlington, VA","job_city":"Arlington","job_state":"Virginia","job_country":"US","job_latitude":38.8816208,"job_longitude":-77.09098089999999,"job_benefits":null,"job_google_link":"https:\/\/www.google.com\/search?q=jobs&gl=us&hl=en&udm=8#vhid=vt%3D20\/docid%3DQpifMkeeGsuqlGDPAAAAAA%3D%3D&vssid=jobs-detail-viewer","job_min_salary":900,"job_max_salary":1500,"job_salary_period":"WEEK","job_highlights":{"Qualifications":["Strong interpersonal and communication skills with the ability to build and maintain professional relationships","Passion for sales, technology, and delivering exceptional customer experiences","Self-motivated with strong time management, problem-solving, and multitasking abilities","Analytical mindset with the ability to interpret data, recognize trends, and contribute to profit growth","Proven success in achieving sales targets, overcoming objections, and driving customer satisfaction"],"Benefits":["Pay: $900.00 - $1,500.00 per week","401(k)","401(k) matching"],"Responsibilities":["Joining our Verizon Sales Representative team means becoming part of a supportive and collaborative community","You\u2019ll work alongside dedicated professionals and company leaders to maintain existing business accounts, acquire new clients, and design personalized solutions that align with each customer\u2019s communication needs","Educate clients on Verizon\u2019s products, services, and technology updates to help them make informed decisions and achieve optimal solutions","Manage in-person customer relationships, fostering trust and engagement to identify the best wireless and internet packages","Collaborate with fellow Verizon Sales Representatives and Managers to coordinate strategies that maximize team and individual success","Identify upselling and cross-selling opportunities to expand customer usage and boost revenue growth","Assess customer needs, actively listen to concerns, and deliver tailored, value-driven solutions"]},"job_onet_soc":"41203100","job_onet_job_zone":"2"},{"job_id":"6r3YUmyLD1TM4fGKAAAAAA==","job_title":"Remote Sales Customer Representative","employer_name":"The Max Spencer Co.","employer_logo":null,"employer_website":null,"job_publisher":"ZipRecruiter","job_employment_type":"Contractor","job_employment_types":["CONTRACTOR"],"job_apply_link":"https:\/\/www.ziprecruiter.com\/c\/The-Max-Spencer-Co.\/Job\/Remote-Sales-Customer-Representative\/-in-Arlington,VA?jid=1fa9d04e2438bff7&utm_campaign=google_jobs_apply&utm_source=google_jobs_apply&utm_medium=organic","job_apply_is_direct":true,"apply_options":[{"publisher":"ZipRecruiter","apply_link":"https:\/\/www.ziprecruiter.com\/c\/The-Max-Spencer-Co.\/Job\/Remote-Sales-Customer-Representative\/-in-Arlington,VA?jid=1fa9d04e2438bff7&utm_campaign=google_jobs_apply&utm_source=google_jobs_apply&utm_medium=organic","is_direct":true},{"publisher":"Ladders","apply_link":"https:\/\/www.theladders.com\/job\/virtual-customer-care-sales-representative-insuratec-services-group-arlington-va_82200925?utm_campaign=google_jobs_apply&utm_source=google_jobs_apply&utm_medium=organic","is_direct":false},{"publisher":"Easy Apply Hire","apply_link":"https:\/\/easyapplyhire.com\/joblistings\/wyxmi7k4cdlc-9ff1e67bd-10198443bca94d100262d38?utm_campaign=google_jobs_apply&utm_source=google_jobs_apply&utm_medium=organic","is_direct":false}],"job_description":"Join Us and Craft Your Success from Anywhere!\n\nReady to build a rewarding career where your efforts directly impact customer success? We're seeking highly motivated and customer-focused Sales Customer Representatives to join our innovative, fully remote team. If you're passionate about guiding clients to ideal solutions and thrive in a flexible, independent environment, this is your chance to make a real difference.\nWhy This Opportunity?\n\u2022 Unlimited Earning Potential: Your dedication directly shapes your income, with a highly competitive and uncapped commission structure.\n\u2022 True Lifestyle Flexibility: Design your own work schedule and operate entirely from any location, creating the ultimate work-life integration.\n\u2022 Provided, Qualified Leads: Focus your energy where it matters most\u2014building client relationships. All prospects are pre-vetted and supplied directly to you; no cold calling required!\n\u2022 Robust Growth & Development: Access world-class training, cutting-edge digital tools, and personalized mentorship from experienced industry leaders.\n\u2022 Supportive Community: Join a collaborative network of like-minded peers, fostering shared success and a sense of belonging.\n\u2022 Comprehensive Wellness Support: Opportunities to access valuable life insurance and a comprehensive healthcare exchange (medical, dental, vision) for your well-being.\n\nYour Role: Guiding Clients to Confidence\n\nAs a Remote Sales Customer Representative, you will serve as a vital link between comprehensive solutions and the clients who need them. You'll engage with individuals and families actively seeking guidance, providing personalized strategies for essential offerings such as Life Insurance, Indexed Universal Life (IUL), and Annuities.\nWhat You'll Be Doing:\n\u2022 Relationship Architect: Initiate and nurture genuine connections with pre-qualified clients through engaging virtual interactions.\n\u2022 Insightful Listener: Conduct in-depth consultations to accurately understand clients' unique financial situations and future aspirations.\n\u2022 Solution Navigator: Clearly and convincingly present tailored financial strategies via Zoom or phone.\n\u2022 Seamless Journey Provider: Expertly guide clients through the entire process, from initial inquiry to the successful implementation of their chosen plan.\n\u2022 Tech-Savvy Performer: Efficiently utilize our CRM system to manage client interactions and optimize your workflow.\n\nWho We're Seeking:\n\u2022 Exceptional Virtual Communicators: You possess the ability to build immediate rapport and convey complex information clearly in a remote setting.\n\u2022 Self-Motivated & Accountable: You thrive independently, demonstrating strong initiative and effective time management from your home office.\n\u2022 Proactive Problem-Solvers: You are driven by results and committed to finding the best solutions for clients.\n\u2022 Client Advocates: You genuinely prioritize client needs and are passionate about making a positive impact on their financial well-being.\n\nImportant Note: This is an independent contractor (1099) position. Compensation is solely commission-based, offering you unparalleled autonomy and direct control over your financial achievements.\n\nReady to take charge of your professional destiny in a dynamic remote sales environment? Explore this exciting opportunity and apply today!","job_is_remote":false,"job_posted_at":"2 days ago","job_posted_at_timestamp":1762646400,"job_posted_at_datetime_utc":"2025-11-09T00:00:00.000Z","job_location":"Arlington, VA","job_city":"Arlington","job_state":"Virginia","job_country":"US","job_latitude":38.8816208,"job_longitude":-77.09098089999999,"job_benefits":["health_insurance","dental_coverage"],"job_google_link":"https:\/\/www.google.com\/search?q=jobs&gl=us&hl=en&udm=8#vhid=vt%3D20\/docid%3D6r3YUmyLD1TM4fGKAAAAAA%3D%3D&vssid=jobs-detail-viewer","job_min_salary":80000,"job_max_salary":170000,"job_salary_period":"YEAR","job_highlights":{"Qualifications":["Solution Navigator: Clearly and convincingly present tailored financial strategies via Zoom or phone","Exceptional Virtual Communicators: You possess the ability to build immediate rapport and convey complex information clearly in a remote setting","Self-Motivated & Accountable: You thrive independently, demonstrating strong initiative and effective time management from your home office","Proactive Problem-Solvers: You are driven by results and committed to finding the best solutions for clients","Client Advocates: You genuinely prioritize client needs and are passionate about making a positive impact on their financial well-being"],"Benefits":["Unlimited Earning Potential: Your dedication directly shapes your income, with a highly competitive and uncapped commission structure","True Lifestyle Flexibility: Design your own work schedule and operate entirely from any location, creating the ultimate work-life integration","Robust Growth & Development: Access world-class training, cutting-edge digital tools, and personalized mentorship from experienced industry leaders","Supportive Community: Join a collaborative network of like-minded peers, fostering shared success and a sense of belonging","Comprehensive Wellness Support: Opportunities to access valuable life insurance and a comprehensive healthcare exchange (medical, dental, vision) for your well-being","Compensation is solely commission-based, offering you unparalleled autonomy and direct control over your financial achievements"],"Responsibilities":["Provided, Qualified Leads: Focus your energy where it matters most\u2014building client relationships","Your Role: Guiding Clients to Confidence","As a Remote Sales Customer Representative, you will serve as a vital link between comprehensive solutions and the clients who need them","You'll engage with individuals and families actively seeking guidance, providing personalized strategies for essential offerings such as Life Insurance, Indexed Universal Life (IUL), and Annuities","Relationship Architect: Initiate and nurture genuine connections with pre-qualified clients through engaging virtual interactions","Insightful Listener: Conduct in-depth consultations to accurately understand clients' unique financial situations and future aspirations","Seamless Journey Provider: Expertly guide clients through the entire process, from initial inquiry to the successful implementation of their chosen plan","Tech-Savvy Performer: Efficiently utilize our CRM system to manage client interactions and optimize your workflow"]},"job_onet_soc":"41401100","job_onet_job_zone":"4"},{"job_id":"A1QqzrAOkw37LbMlAAAAAA==","job_title":"Sales Development Representative, East","employer_name":"Okta, Inc.","employer_logo":null,"employer_website":"https:\/\/investor.okta.com","job_publisher":"Okta","job_employment_type":"Full-time","job_employment_types":["FULLTIME"],"job_apply_link":"https:\/\/www.okta.com\/company\/careers\/sales\/sales-development-representative-east-7013646\/?utm_campaign=google_jobs_apply&utm_source=google_jobs_apply&utm_medium=organic","job_apply_is_direct":false,"apply_options":[{"publisher":"Okta","apply_link":"https:\/\/www.okta.com\/company\/careers\/sales\/sales-development-representative-east-7013646\/?utm_campaign=google_jobs_apply&utm_source=google_jobs_apply&utm_medium=organic","is_direct":false},{"publisher":"Indeed","apply_link":"https:\/\/www.indeed.com\/viewjob?jk=b3e78db44ffe3b75&utm_campaign=google_jobs_apply&utm_source=google_jobs_apply&utm_medium=organic","is_direct":true},{"publisher":"Glassdoor","apply_link":"https:\/\/www.glassdoor.com\/job-listing\/sales-development-representative-east-okta-JV_IC1138213_KO0,37_KE38,42.htm?jl=1009799957975&utm_campaign=google_jobs_apply&utm_source=google_jobs_apply&utm_medium=organic","is_direct":true},{"publisher":"LinkedIn","apply_link":"https:\/\/www.linkedin.com\/jobs\/view\/sales-development-representative-east-at-okta-4334862035?utm_campaign=google_jobs_apply&utm_source=google_jobs_apply&utm_medium=organic","is_direct":false},{"publisher":"SalesJobs.com","apply_link":"https:\/\/www.salesjobs.com\/sales-job\/51053618?utm_campaign=google_jobs_apply&utm_source=google_jobs_apply&utm_medium=organic","is_direct":false},{"publisher":"ZipRecruiter","apply_link":"https:\/\/www.ziprecruiter.com\/c\/Okta\/Job\/Sales-Development-Representative,-East\/-in-Washington,DC?jid=8f42f570af6ef725&utm_campaign=google_jobs_apply&utm_source=google_jobs_apply&utm_medium=organic","is_direct":false},{"publisher":"Ladders","apply_link":"https:\/\/www.theladders.com\/job\/sales-development-representative-east-okta-washington-dc_82220301?utm_campaign=google_jobs_apply&utm_source=google_jobs_apply&utm_medium=organic","is_direct":false},{"publisher":"Built In","apply_link":"https:\/\/builtin.com\/job\/sales-development-representative-east\/7068719?utm_campaign=google_jobs_apply&utm_source=google_jobs_apply&utm_medium=organic","is_direct":false}],"job_description":"Get to know OktaOkta is The World\u2019s Identity Company. We free everyone to safely use any technology, anywhere, on any device or app. Our flexible and neutral products, Okta Platform and Auth0 Platform, provide secure access, authentication, and automation, placing identity at the core of business security and growth.At Okta, we celebrate a variety of perspectives and experiences. We are not looking for someone who checks every single box - we\u2019re looking for lifelong learners and people who can make us better with their unique experiences. Join our team! We\u2019re building a world where Identity belongs to you.Washington, DC \u2013 Onsite 4 Days\/Week (Mon\u2013Thurs)\nRelocation required if not local \u2013 no relocation assistance provided\n\nThe Team\nAt Okta, we\u2019re building the world\u2019s identity platform \u2014 one that empowers people, protects data, and fuels digital innovation. Our customers (think: JetBlue, T-Mobile, Sonos, Zoom) trust us to help.","job_is_remote":false,"job_posted_at":"5 days ago","job_posted_at_timestamp":1762387200,"job_posted_at_datetime_utc":"2025-11-06T00:00:00.000Z","job_location":"Washington, DC","job_city":"Washington","job_state":"District of Columbia","job_country":"US","job_latitude":38.9071923,"job_longitude":-77.0368707,"job_benefits":null,"job_google_link":"https:\/\/www.google.com\/search?q=jobs&gl=us&hl=en&udm=8#vhid=vt%3D20\/docid%3DA1QqzrAOkw37LbMlAAAAAA%3D%3D&vssid=jobs-detail-viewer","job_salary":null,"job_min_salary":null,"job_max_salary":null,"job_salary_period":null,"job_highlights":{"Responsibilities":["Relocation required if not local \u2013 no relocation assistance provided"]},"job_onet_soc":"41401400","job_onet_job_zone":null},{"job_id":"iXg_djzKnkMTqVjbAAAAAA==","job_title":"Independent Sales Representative","employer_name":"World's Finest Chocolate","employer_logo":"https:\/\/encrypted-tbn0.gstatic.com\/images?q=tbn:ANd9GcTDh1D3TmkoLa5MsNU_NVKCl74QNEoiKj1dO3Hn&s=0","employer_website":"https:\/\/worldsfinestchocolate.com","job_publisher":"Indeed","job_employment_type":"Full-time","job_employment_types":["FULLTIME"],"job_apply_link":"https:\/\/www.indeed.com\/viewjob?jk=2de372b38513e81f&utm_campaign=google_jobs_apply&utm_source=google_jobs_apply&utm_medium=organic","job_apply_is_direct":false,"apply_options":[{"publisher":"Indeed","apply_link":"https:\/\/www.indeed.com\/viewjob?jk=2de372b38513e81f&utm_campaign=google_jobs_apply&utm_source=google_jobs_apply&utm_medium=organic","is_direct":false},{"publisher":"ZipRecruiter","apply_link":"https:\/\/www.ziprecruiter.com\/c\/Worlds-Finest-Chocolate\/Job\/Independent-Sales-Representative\/-in-Washington,DC?jid=7fdd2ab2f2cc1644&utm_campaign=google_jobs_apply&utm_source=google_jobs_apply&utm_medium=organic","is_direct":false},{"publisher":"Glassdoor","apply_link":"https:\/\/www.glassdoor.com\/job-listing\/independent-sales-representative-world-s-finest-chocolate-JV_IC1138213_KO0,32_KE33,57.htm?jl=1009870505890&utm_campaign=google_jobs_apply&utm_source=google_jobs_apply&utm_medium=organic","is_direct":false},{"publisher":"SalesJobs.com","apply_link":"https:\/\/www.salesjobs.com\/sales-job\/51009567?utm_campaign=google_jobs_apply&utm_source=google_jobs_apply&utm_medium=organic","is_direct":false},{"publisher":"JobTarget","apply_link":"https:\/\/www.jobtarget.com\/jobs\/jt-hfyfvvz8qz\/independent-sales-representative-washington-dc?utm_campaign=google_jobs_apply&utm_source=google_jobs_apply&utm_medium=organic","is_direct":false},{"publisher":"Jooble","apply_link":"https:\/\/jooble.org\/jdp\/5552999495816028895?utm_campaign=google_jobs_apply&utm_source=google_jobs_apply&utm_medium=organic","is_direct":false},{"publisher":"Teal","apply_link":"https:\/\/www.tealhq.com\/job\/independent-sales-representative-virginia-maryland_72301178-b266-401e-a20e-c65ee88843e6?utm_campaign=google_jobs_apply&utm_source=google_jobs_apply&utm_medium=organic","is_direct":false},{"publisher":"Ladders","apply_link":"https:\/\/www.theladders.com\/job-listing\/7110499239143577178\/independent-sales-representative.htm?utm_campaign=google_jobs_apply&utm_source=google_jobs_apply&utm_medium=organic","is_direct":false}],"job_description":"Full Job Description\n\nOpportunity Description\n\nIndependent Sales Representative\n\nYear 1-2 Potential: $60,000 to $100,000\n\nYear 3+ Potential: $100,000+ (uncapped commission and growth bonus)\n\nExciting Opportunity Awaits!\n\nIndependent Sales Representative - Unlock Your Earning Potential!\n\nAre you a dynamic, goal-crushing entrepreneur? Ready to embark on a thrilling journey where you run your own business? Look no further! World's Finest Chocolate offers an opportunity to leverage your unique skillset to generate revenue for yourself and your community. Over the past 75 years, we have helped raise nearly $5 billion for schools, sports leagues, churches, and more!\n\nRewards as Sweet as Our Chocolate!\n\nAs an Independent Sales Representative (ISR), you're not just selling chocolate bars; you're building your empire. We provide training and support with no upfront cost. There are hundreds of school organizations, clubs and sporting groups within easy driving distance of your business that have an immediate need to raise money. Develop your territory and earn up to 6 FIGURES annually with commissions and growth commission. Hard work has never tasted this good!\n\nWhy World\u2019s Finest Chocolate?\n\u2022 Most recognized brand in fundraising\n\u2022 Highest earning potential in the industry\n\u2022 Fun and competitive atmosphere with awards, promotions, contests and so much more!\n\u2022 Free chocolate samples to sweeten your marketing efforts\n\u2022 Opportunity to earn an exclusive Incentive Trip and attend our exciting National Sales Meeting\n\nSavor Your Success! Do you have what it takes?\n\nWe're looking for energetic businesses and entrepreneurs who embody the traits of a successful WFC Independent Sales Representative (ISR):\n\u2022 Desire to be a Business Dynamo: Be your own boss and watch your success unfold!\n\u2022 Optimistic and Coachable: Past victories are your foundation; future triumphs await!\n\u2022 Competitive Spirit: Set goals, crush them, then set even bigger ones!\n\u2022 Relationship Expert: Building connections is your forte.\n\u2022 Self-Motivated: Your energy and passion knows no bounds.\n\u2022 High-energy personality with a positive attitude: Spread good vibes and positivity wherever you go.\n\u2022 Equipped for Success: Must have a reliable vehicle, smartphone, and computer.\n\u2022 Community Champion: Love chocolate, love your community \u2013 the perfect combo!\n\nReady to Transform Chocolate into Success?\n\nThe sweet life of an Independent Sales Representative awaits. Earn up to $100,000 or more while shaping your future career! Connect now to see if there is an opportunity near you to turn chocolate bars into a thriving business opportunity!\n\nDare to Dream. Dare to Achieve. Dare to Be Independent with World's Finest Chocolate!\n\nFor more product information about World\u2019s Finest Chocolate, please visit https:\/\/worldsfinestchocolate.com\/fund-isr-recruiting\n\nFor consideration and more information, please email: ISRrecruiting@wfchocolate.com\n\nOnly applicants with resumes will be considered. Both Individuals and corporations are encouraged to apply.","job_is_remote":false,"job_posted_at":null,"job_posted_at_timestamp":null,"job_posted_at_datetime_utc":null,"job_location":"Washington, DC","job_city":"Washington","job_state":"District of Columbia","job_country":"US","job_latitude":38.9071923,"job_longitude":-77.0368707,"job_benefits":null,"job_google_link":"https:\/\/www.google.com\/search?q=jobs&gl=us&hl=en&udm=8#vhid=vt%3D20\/docid%3DiXg_djzKnkMTqVjbAAAAAA%3D%3D&vssid=jobs-detail-viewer","job_salary":null,"job_min_salary":null,"job_max_salary":null,"job_salary_period":null,"job_highlights":{"Qualifications":["Desire to be a Business Dynamo: Be your own boss and watch your success unfold!","Optimistic and Coachable: Past victories are your foundation; future triumphs await!","Competitive Spirit: Set goals, crush them, then set even bigger ones!","Relationship Expert: Building connections is your forte","Self-Motivated: Your energy and passion knows no bounds","High-energy personality with a positive attitude: Spread good vibes and positivity wherever you go","Equipped for Success: Must have a reliable vehicle, smartphone, and computer","Community Champion: Love chocolate, love your community \u2013 the perfect combo!"],"Benefits":["Year 1-2 Potential: $60,000 to $100,000","Year 3+ Potential: $100,000+ (uncapped commission and growth bonus)","We provide training and support with no upfront cost","There are hundreds of school organizations, clubs and sporting groups within easy driving distance of your business that have an immediate need to raise money","Develop your territory and earn up to 6 FIGURES annually with commissions and growth commission","Most recognized brand in fundraising","Highest earning potential in the industry","Fun and competitive atmosphere with awards, promotions, contests and so much more!","Free chocolate samples to sweeten your marketing efforts","Opportunity to earn an exclusive Incentive Trip and attend our exciting National Sales Meeting","Earn up to $100,000 or more while shaping your future career!"]},"job_onet_soc":"41401200","job_onet_job_zone":"4"},{"job_id":"GuZRMixShptW11k1AAAAAA==","job_title":"Territory Sales Manager","employer_name":"Chadwell Supply","employer_logo":"https:\/\/encrypted-tbn0.gstatic.com\/images?q=tbn:ANd9GcSQMGGci6mCo2fVyP8j0ODszN-I5UWAhD96xQUP&s=0","employer_website":"https:\/\/www.chadwellsupply.com","job_publisher":"ZipRecruiter","job_employment_type":"Full-time","job_employment_types":["FULLTIME"],"job_apply_link":"https:\/\/www.ziprecruiter.com\/c\/Chadwell-Supply\/Job\/Territory-Sales-Manager\/-in-Arlington,VA?jid=45bde1197752adf7&utm_campaign=google_jobs_apply&utm_source=google_jobs_apply&utm_medium=organic","job_apply_is_direct":true,"apply_options":[{"publisher":"ZipRecruiter","apply_link":"https:\/\/www.ziprecruiter.com\/c\/Chadwell-Supply\/Job\/Territory-Sales-Manager\/-in-Arlington,VA?jid=45bde1197752adf7&utm_campaign=google_jobs_apply&utm_source=google_jobs_apply&utm_medium=organic","is_direct":true},{"publisher":"SimplyHired","apply_link":"https:\/\/www.simplyhired.com\/job\/66jRC5XMJ-MEUh12cyWhsSy_vCMwhf_TVwYxn_cGblpQqCukDlyeuQ?utm_campaign=google_jobs_apply&utm_source=google_jobs_apply&utm_medium=organic","is_direct":false},{"publisher":"Looks.casa","apply_link":"https:\/\/looks.casa\/news\/m9Ub9zllE-0JZN4S?utm_campaign=google_jobs_apply&utm_source=google_jobs_apply&utm_medium=organic","is_direct":false},{"publisher":"Enaticsupersaintexternal.com","apply_link":"https:\/\/enaticsupersaintexternal.com\/config\/HY8aMrVQb8990eEA?utm_campaign=google_jobs_apply&utm_source=google_jobs_apply&utm_medium=organic","is_direct":false},{"publisher":"Sociateusurperkobolds.forum","apply_link":"http:\/\/sociateusurperkobolds.forum\/layouts\/R5mhnU2dn5rOkECF?utm_campaign=google_jobs_apply&utm_source=google_jobs_apply&utm_medium=organic","is_direct":false},{"publisher":"Talent.com","apply_link":"https:\/\/www.talent.com\/view?id=0c64e88ce5f8&utm_campaign=google_jobs_apply&utm_source=google_jobs_apply&utm_medium=organic","is_direct":false},{"publisher":"BeBee","apply_link":"https:\/\/us.bebee.com\/job\/fa0fbbedc85cac8bb6a4c2325b2a44a1?utm_campaign=google_jobs_apply&utm_source=google_jobs_apply&utm_medium=organic","is_direct":false},{"publisher":"Jobilize","apply_link":"https:\/\/www.jobilize.com\/amp\/job\/us-va-arlington-territory-sales-manager-willscot-hiring-now-job-immediately?utm_campaign=google_jobs_apply&utm_source=google_jobs_apply&utm_medium=organic","is_direct":false}],"job_description":"Smart, Innovative, and Hard-working? Perfect! We are growing and need the right people with the right mindset. Join our family and find a home where you will enjoy working with your peers, be challenged to work hard, and have some fun in the midst of it all.\n\nWe are proud to have been named the National Apartment Association's 2025 Top Employer in the Supplier Category.\n\u2022 Competitive Salary: Based on Experience, Plus Mileage and Uncapped Commission! $80k - 100k per year earning potential.\n\u2022 Fully Remote, Full Time, Monday-Friday\n\u2022 Paid Holidays Off and No Weekends!\n\u2022 We offer medical, dental, vision, life insurance, disability, 401K, 104 hours paid time off, and much more!\n\u2022 Employee discount program!\n\u2022 Long-Term Career Opportunities! Many of our leaders started with Chadwell looking for a job, just like you, but found long-term career opportunities at one of our 29 Branches across the Country.\n\u2022 Named Top Companies in USA 2022, 2023 and 2024!\n\nOverview\n\nChadwell Supply is a successful family-owned maintenance supply company with 29 Branches Nationwide. We are currently looking for an enthusiastic, energetic, and detail-minded individual to work as a Chadwell Supply Territory Sales Manager.\n\nDuties\n\u2022 Presents and sells Company products and services to current and potential customers.\n\u2022 Distributes various sales and marketing materials such as, but not limited to, product catalogs, sales flyers, corporate brochures and cut sheets.\n\u2022 Develops basic presentations, quotes and proposals for individual customers and groups as needed.\n\u2022 Establishes, develops and maintains professional relationships with customer decision-makers and associates alike.\n\u2022 Visits and calls on multiple customers and prospects each day.\n\u2022 Prepares and follows daily, weekly and monthly call schedule for current and potential customers.\n\u2022 Identifies sales prospects and contacts these, and other accounts, as assigned in a prioritized manner.\n\u2022 Promptly identifies and troubleshoots customer issues and concerns using Company-approved methods and guidelines.\n\u2022 Assists and supports the Accounts Receivable Department in the collection of past due monies by gathering desired information, submitting critical information and performing any\/all activity assigned by management in collection of such funds.\n\u2022 Seeks out strategic customer\/competitor information and data utilizing only ethical means, determined by Company, to promote greater sales penetration and improve customer relations.\n\u2022 Utilizes numerous Company sale reports to capture, support and expand sales growth and penetration.\n\u2022 Provides or assists on-the-job training for new and\/or current associates.\nRequirements\n\u2022 You must be proficient in Microsoft Outlook, Excel and Word.\n\u2022 You must have good interpersonal skills and be able to effectively communicate with customers, sales personnel, managers and coworkers.\n#INDDR\n\nPowered by JazzHR\n\ngcbM3kMttH","job_is_remote":false,"job_posted_at":"23 hours ago","job_posted_at_timestamp":1762808400,"job_posted_at_datetime_utc":"2025-11-10T21:00:00.000Z","job_location":"Arlington, VA","job_city":"Arlington","job_state":"Virginia","job_country":"US","job_latitude":38.8816208,"job_longitude":-77.09098089999999,"job_benefits":["paid_time_off","health_insurance","dental_coverage"],"job_google_link":"https:\/\/www.google.com\/search?q=jobs&gl=us&hl=en&udm=8#vhid=vt%3D20\/docid%3DGuZRMixShptW11k1AAAAAA%3D%3D&vssid=jobs-detail-viewer","job_min_salary":80000,"job_max_salary":100000,"job_salary_period":"YEAR","job_highlights":{"Qualifications":["You must be proficient in Microsoft Outlook, Excel and Word","You must have good interpersonal skills and be able to effectively communicate with customers, sales personnel, managers and coworkers"],"Benefits":["Competitive Salary: Based on Experience, Plus Mileage and Uncapped Commission!","$80k - 100k per year earning potential","Fully Remote, Full Time, Monday-Friday","Paid Holidays Off and No Weekends!","We offer medical, dental, vision, life insurance, disability, 401K, 104 hours paid time off, and much more!","Employee discount program!","Long-Term Career Opportunities!"],"Responsibilities":["Presents and sells Company products and services to current and potential customers","Distributes various sales and marketing materials such as, but not limited to, product catalogs, sales flyers, corporate brochures and cut sheets","Develops basic presentations, quotes and proposals for individual customers and groups as needed","Establishes, develops and maintains professional relationships with customer decision-makers and associates alike","Visits and calls on multiple customers and prospects each day","Prepares and follows daily, weekly and monthly call schedule for current and potential customers","Identifies sales prospects and contacts these, and other accounts, as assigned in a prioritized manner","Promptly identifies and troubleshoots customer issues and concerns using Company-approved methods and guidelines","Assists and supports the Accounts Receivable Department in the collection of past due monies by gathering desired information, submitting critical information and performing any\/all activity assigned by management in collection of such funds","Seeks out strategic customer\/competitor information and data utilizing only ethical means, determined by Company, to promote greater sales penetration and improve customer relations","Utilizes numerous Company sale reports to capture, support and expand sales growth and penetration","Provides or assists on-the-job training for new and\/or current associates"]},"job_onet_soc":"11202200","job_onet_job_zone":"4"},{"job_id":"qRBzaB_UUMZb86ozAAAAAA==","job_title":"Territory Sales Representative","employer_name":"Patterson Dental Supply, Inc.","employer_logo":"https:\/\/encrypted-tbn0.gstatic.com\/images?q=tbn:ANd9GcSqVPFZ7NYNWME5fAWBOMYuPjlUGLFpOGC3Ys2c&s=0","employer_website":"https:\/\/www.pattersondental.com","job_publisher":"Patterson Companies","job_employment_type":"Full-time","job_employment_types":["FULLTIME"],"job_apply_link":"https:\/\/jobs.pattersoncompanies.com\/job\/arlington\/territory-sales-representative\/881\/85043180992?utm_campaign=google_jobs_apply&utm_source=google_jobs_apply&utm_medium=organic","job_apply_is_direct":false,"apply_options":[{"publisher":"Patterson Companies","apply_link":"https:\/\/jobs.pattersoncompanies.com\/job\/arlington\/territory-sales-representative\/881\/85043180992?utm_campaign=google_jobs_apply&utm_source=google_jobs_apply&utm_medium=organic","is_direct":false},{"publisher":"Indeed","apply_link":"https:\/\/www.indeed.com\/viewjob?jk=772c3755c6a42311&utm_campaign=google_jobs_apply&utm_source=google_jobs_apply&utm_medium=organic","is_direct":false},{"publisher":"ZipRecruiter","apply_link":"https:\/\/www.ziprecruiter.com\/c\/Pattersoncompanies\/Job\/Territory-Sales-Representative\/-in-Arlington,VA?jid=cadf66f79c4cb9b4&utm_campaign=google_jobs_apply&utm_source=google_jobs_apply&utm_medium=organic","is_direct":false},{"publisher":"LinkedIn","apply_link":"https:\/\/www.linkedin.com\/jobs\/view\/territory-sales-representative-at-patterson-companies-inc-4286962382?utm_campaign=google_jobs_apply&utm_source=google_jobs_apply&utm_medium=organic","is_direct":false},{"publisher":"IHireSalesPeople","apply_link":"https:\/\/www.ihiresalespeople.com\/jobs\/view\/498582122?utm_campaign=google_jobs_apply&utm_source=google_jobs_apply&utm_medium=organic","is_direct":false},{"publisher":"SimplyHired","apply_link":"https:\/\/www.simplyhired.com\/job\/aQNEgKywmXK3-DM4q_khr9-jRqsCbh84li1JBPKLKo8ioBM2BI7BPQ?utm_campaign=google_jobs_apply&utm_source=google_jobs_apply&utm_medium=organic","is_direct":false},{"publisher":"Jooble","apply_link":"https:\/\/jooble.org\/jdp\/1886814398080753237?utm_campaign=google_jobs_apply&utm_source=google_jobs_apply&utm_medium=organic","is_direct":false},{"publisher":"BeBee","apply_link":"https:\/\/us.bebee.com\/job\/6005fcf9a8f5ef58c9953695986a141e?utm_campaign=google_jobs_apply&utm_source=google_jobs_apply&utm_medium=organic","is_direct":false}],"job_description":"Job Summary\n\nAs a Territory Sales Representative, you are responsible for driving profitable sales growth by developing, maintaining, and advancing accounts by regularly contacting dental offices within a defined territory.\n\nWho are we looking for as a Territory Sales Representative?\n\nPatterson Dental is looking for business-minded professionals who strive for organizational success, seek career growth, and desire the ability to drive one's own income potential.\n\nBuilding connections for healthier communities\n\nPatterson Companies and our dedicated teams create healthier communities by building strong partnerships, one person at a time. We connect expertise to inspired ideas, products and services while creating a relevant, memorable difference in the lives of our clients and their customers. As a market leading dental and animal health company, we supply technology, products and equipment, as well as marketing, support and logistics services across North America and the U.K.\n\nEssential Functions\n\u2022 Developing a \"practice partner\" mentality with Doctors and staff by analyzing business needs, discussing benefits and features of equipment and technology solutions, coordinating product demonstrations, explaining return on investment and tax advantages, and discussing emerging trends in the dental industry.\n\u2022 Being well versed on Patterson products and services, competitive intelligence and industry information.\n\u2022 Maintaining accurate records for prospects, customer orders, sales records, and other financial activity.\n\u2022 Other duties related to the Territory Sales Representative position.\n\nJob Qualifications\n\nWhat background and experience is needed as a Territory Sales Representative?\n\u2022 Bachelor\u2019s degree in any related field and 3 to 5 years of business to business outside sales experience or equivalent combination of education and experience is preferred.\n\u2022 A strong initiative with exceptional customer service, planning and organization skills.\n\u2022 Effective interpersonal and communication skills with the ability to present and negotiate are required.\n\u2022 Previous success attaining and exceeding sales goals is a plus.\n\u2022 General computer proficiency including knowledge of MS Office is required.\n\u2022 You must also possess a valid driver's license.\n\u2022 3+ years of dental industry experience preferred.\n\nThis position is paid on a commission basis.","job_is_remote":false,"job_posted_at":null,"job_posted_at_timestamp":null,"job_posted_at_datetime_utc":null,"job_location":"Arlington, VA","job_city":"Arlington","job_state":"Virginia","job_country":"US","job_latitude":38.8816208,"job_longitude":-77.09098089999999,"job_benefits":null,"job_google_link":"https:\/\/www.google.com\/search?q=jobs&gl=us&hl=en&udm=8#vhid=vt%3D20\/docid%3DqRBzaB_UUMZb86ozAAAAAA%3D%3D&vssid=jobs-detail-viewer","job_salary":null,"job_min_salary":null,"job_max_salary":null,"job_salary_period":null,"job_highlights":{"Qualifications":["What background and experience is needed as a Territory Sales Representative?","A strong initiative with exceptional customer service, planning and organization skills","Effective interpersonal and communication skills with the ability to present and negotiate are required","General computer proficiency including knowledge of MS Office is required","You must also possess a valid driver's license"],"Benefits":["This position is paid on a commission basis"],"Responsibilities":["As a Territory Sales Representative, you are responsible for driving profitable sales growth by developing, maintaining, and advancing accounts by regularly contacting dental offices within a defined territory","Developing a \"practice partner\" mentality with Doctors and staff by analyzing business needs, discussing benefits and features of equipment and technology solutions, coordinating product demonstrations, explaining return on investment and tax advantages, and discussing emerging trends in the dental industry","Being well versed on Patterson products and services, competitive intelligence and industry information","Maintaining accurate records for prospects, customer orders, sales records, and other financial activity","Other duties related to the Territory Sales Representative position"]},"job_onet_soc":"41401200","job_onet_job_zone":"4"},{"job_id":"NpJA0Z8KG--ugi0AAAAAAA==","job_title":"Sales Representative | Entry Level","employer_name":"Coalescence Inc","employer_logo":"https:\/\/encrypted-tbn0.gstatic.com\/images?q=tbn:ANd9GcSCzJTXkFVMh-AYbiDDKV2qET5hNe6oIXrem2DE&s=0","employer_website":"https:\/\/coalescenceinc.com","job_publisher":"LinkedIn","job_employment_type":"Full-time","job_employment_types":["FULLTIME"],"job_apply_link":"https:\/\/www.linkedin.com\/jobs\/view\/sales-representative-entry-level-at-coalescence-inc-4319383114?utm_campaign=google_jobs_apply&utm_source=google_jobs_apply&utm_medium=organic","job_apply_is_direct":false,"apply_options":[{"publisher":"LinkedIn","apply_link":"https:\/\/www.linkedin.com\/jobs\/view\/sales-representative-entry-level-at-coalescence-inc-4319383114?utm_campaign=google_jobs_apply&utm_source=google_jobs_apply&utm_medium=organic","is_direct":false}],"job_description":"Sales Representative | Entry Level\n\nAs a Sales Representative at Coalescence Inc, you\u2019ll play a key role in acquiring new customer accounts, nurturing relationships, and driving forward our business objectives. Acting as the primary contact for prospective customers on behalf of our client, you\u2019ll ensure that their needs are met with excellence while aligning their goals with our internal teams and strategies.\n\nYou\u2019ll provide outstanding customer service, represent client interests within the organization, and cultivate lasting partnerships that lead to ongoing business and long-term success. This is a hands-on opportunity to develop leadership skills, gain strategic insights, and build a career with room to grow in a supportive and collaborative environment. If you\u2019re driven, detail-oriented, and ready to lead from day one\u2014this is your chance.\n\nWhat you'll be doing:\n\u2022 Staying up to date with product knowledge and sales techniques\n\u2022 Meet and build relationships with customers, one-on-one\n\u2022 Hit weekly sales quotas\n\u2022 Tracking and record-keeping\n\nThings you need for this position:\n\u2022 Outstanding people skills\n\u2022 Excellent customer-facing and communication skills\n\u2022 Competitive spirit\n\u2022 Team player\n\u2022 BS\/BA degree is preferred\n\nWhat we offer:\n\u2022 Competitive pay structure\n\u2022 Training and development\n\u2022 Access to industry leaders\n\u2022 Holidays off\n\u2022 Constant support from the management team\n\u2022 Team environment\n\nWe realize there are so many unknowns in the workforce these days. At Coalescence, we offer a stable and secure work environment. Want to learn more? Send us your resume today. We look forward to reviewing it!","job_is_remote":false,"job_posted_at":"14 days ago","job_posted_at_timestamp":1761609600,"job_posted_at_datetime_utc":"2025-10-28T00:00:00.000Z","job_location":"Washington, DC","job_city":"Washington","job_state":"District of Columbia","job_country":"US","job_latitude":38.9071923,"job_longitude":-77.0368707,"job_benefits":null,"job_google_link":"https:\/\/www.google.com\/search?q=jobs&gl=us&hl=en&udm=8#vhid=vt%3D20\/docid%3DNpJA0Z8KG--ugi0AAAAAAA%3D%3D&vssid=jobs-detail-viewer","job_salary":null,"job_min_salary":null,"job_max_salary":null,"job_salary_period":null,"job_highlights":{"Qualifications":["Outstanding people skills","Excellent customer-facing and communication skills","Competitive spirit","Team player"],"Benefits":["Competitive pay structure","Training and development","Access to industry leaders","Holidays off","Constant support from the management team","Team environment"],"Responsibilities":["As a Sales Representative at Coalescence Inc, you\u2019ll play a key role in acquiring new customer accounts, nurturing relationships, and driving forward our business objectives","Acting as the primary contact for prospective customers on behalf of our client, you\u2019ll ensure that their needs are met with excellence while aligning their goals with our internal teams and strategies","You\u2019ll provide outstanding customer service, represent client interests within the organization, and cultivate lasting partnerships that lead to ongoing business and long-term success","This is a hands-on opportunity to develop leadership skills, gain strategic insights, and build a career with room to grow in a supportive and collaborative environment","Staying up to date with product knowledge and sales techniques","Meet and build relationships with customers, one-on-one","Hit weekly sales quotas","Tracking and record-keeping"]},"job_onet_soc":"41401100","job_onet_job_zone":"4"},{"job_id":"3PnMkZ1krO_qj7t2AAAAAA==","job_title":"Regional Sales Representative in Ophthalmology (Full time - Remote US)","employer_name":"RetinAI Medical","employer_logo":null,"employer_website":"https:\/\/www.retinai.com","job_publisher":"Indeed","job_employment_type":"Full-time","job_employment_types":["FULLTIME"],"job_apply_link":"https:\/\/www.indeed.com\/viewjob?jk=df4baff284d87d1d&utm_campaign=google_jobs_apply&utm_source=google_jobs_apply&utm_medium=organic","job_apply_is_direct":true,"apply_options":[{"publisher":"Indeed","apply_link":"https:\/\/www.indeed.com\/viewjob?jk=df4baff284d87d1d&utm_campaign=google_jobs_apply&utm_source=google_jobs_apply&utm_medium=organic","is_direct":true},{"publisher":"LinkedIn","apply_link":"https:\/\/www.linkedin.com\/jobs\/view\/regional-sales-representative-in-ophthalmology-full-time-remote-us-at-ikerian-4313008721?utm_campaign=google_jobs_apply&utm_source=google_jobs_apply&utm_medium=organic","is_direct":false},{"publisher":"ZipRecruiter","apply_link":"https:\/\/www.ziprecruiter.com\/c\/RetinAI-Medical\/Job\/Regional-Sales-Representative-in-Ophthalmology-(Full-time-Remote-US)\/-in-Philadelphia,PA?jid=874e57d7160fc669&utm_campaign=google_jobs_apply&utm_source=google_jobs_apply&utm_medium=organic","is_direct":true},{"publisher":"Monster","apply_link":"https:\/\/www.monster.com\/job-openings\/regional-sales-representative-in-ophthalmology-full-time-remote-us-washington-dc--9b84fbb6-5364-4bc9-8436-e4f3042cb54d?utm_campaign=google_jobs_apply&utm_source=google_jobs_apply&utm_medium=organic","is_direct":true},{"publisher":"Himalayas.app","apply_link":"https:\/\/himalayas.app\/companies\/retinai-medical\/jobs\/regional-sales-representative-in-ophthalmology-full-time-remote-us?utm_campaign=google_jobs_apply&utm_source=google_jobs_apply&utm_medium=organic","is_direct":false},{"publisher":"Rise - Jobs","apply_link":"https:\/\/joinrise.co\/retinai-medical\/regional-sales-representative-in-ophthalmology-full-time-remote-us-8cur?utm_campaign=google_jobs_apply&utm_source=google_jobs_apply&utm_medium=organic","is_direct":false},{"publisher":"Glassdoor","apply_link":"https:\/\/www.glassdoor.com\/job-listing\/regional-sales-representative-in-ophthalmology-full-time-remote-us-retinai-medical-JV_IC1138213_KO0,66_KE67,82.htm?jl=1009909525998&utm_campaign=google_jobs_apply&utm_source=google_jobs_apply&utm_medium=organic","is_direct":true},{"publisher":"MeetFrank","apply_link":"https:\/\/meetfrank.com\/jobs\/retinai-medical\/regional-sales-representative-in-ophthalmology-full-time-remote-us?utm_campaign=google_jobs_apply&utm_source=google_jobs_apply&utm_medium=organic","is_direct":false}],"job_description":"About Us\n\nIkerian AG (formerly RetinAI Medical) is a fast-growing medical device software company headquartered in Bern, Switzerland. Our mission is to enable the right decisions sooner in healthcare, through transformative AI & data management solutions for disease screening and monitoring. Join our diverse team of entrepreneurs, developers, researchers, and commercial experts who are collectively shaping the future of healthcare.\n\nJob Description\nWe are seeking a dynamic and results-driven US Regional Sales Rep to drive growth across the region for our high-technology ophthalmic software solutions. The ideal candidate will have a proven track record of delivering exceptional sales growth in ophthalmic solutions, including devices and software, sold to Private Practices, Public Hospitals, and Clinical Networks.\n\nKey Responsibilities\n\u2022 Develop and execute strategic plans to grow the business and gain market share in assigned territories.\n\u2022 Build and maintain relationships with key stakeholders, including local KOLs, clinics, purchasing groups, and C-level executives.\n\u2022 Hit and exceed quarterly and annual sales targets by driving market development activities.\n\u2022 Recruit Market Leaders, KOLs, and influencers to promote solutions and educate the scientific community.\n\u2022 Administer and implement individual business plans for each territory, including monitoring and analyzing business strategies to provide growth.\n\u2022 Oversee and improve marketing activities, provide recommendations, and ensure alignment with business goals.\n\u2022 Manage company relationships with partners, such as vendors, suppliers, and KOLs.\n\u2022 Train and guide clinical staff members on product and solution use.\n\u2022 Monitor international business transactions and address potential challenges proactively.\n\u2022 Report on and analyze competitors' activities, pricing strategies, and the impact of their products and services.\n\u2022 Design pricing strategies that align with customer budgets and procurement processes.\n\u2022 Coordinate with the management team, maintain budgets, and participate in regular team conferences.\n\u2022 Evaluate market trends and support product introduction plans.\n\nRequirements\n\u2022 Minimum 3 years of experience promoting and selling ophthalmology software solutions.\n\u2022 Proven track record in opening new markets and managing distribution networks.\n\u2022 Ideally a university degree, a degree in life sciences is a plus.\n\u2022 Established network & relationships within the ophthalmology market.\n\u2022 Extended knowledge of business dynamics, strategies, and regulations within the US market.\n\u2022 Familiarity with CRM and business suite software solutions (hubspot \/ salesforce).\n\u2022 Demonstrated ability to achieve and exceed sales targets.\n\u2022 Strong marketing skills to research new markets and apply effective sales techniques.\n\u2022 Exceptional written and verbal English communication skills (additional languages are a plus).\n\u2022 Ability to analyze and improve business strategies, and develop growth-oriented plans.\n\u2022 Established relationships with key local stakeholders, including KOLs, clinics, and purchasing groups.\n\u2022 Entrepreneurial and collaborative mindset with a proactive approach to problem-solving.\n\u2022 Capability to train and guide clinical staff members in using our solution.\n\u2022 Experience in developing and implementing pricing strategies aligned with client budgets.\n\nBenefits\n\u2022 A chance to be part of an exceptional team driving innovation in healthcare.\n\u2022 A competitive salary in a supportive work environment that fosters work-life balance.\n\u2022 Opportunities for professional growth and development in an international setting.\n\u2022 A culture of collaboration and inclusion, which is fundamental to our ethos.\n\u2022 Occasional travel to our HQ in Switzerland, immersing you in our core operations and company culture.","job_is_remote":true,"job_posted_at":"26 days ago","job_posted_at_timestamp":1760572800,"job_posted_at_datetime_utc":"2025-10-16T00:00:00.000Z","job_location":"Washington, DC","job_city":"Washington","job_state":"District of Columbia","job_country":"US","job_latitude":38.9071923,"job_longitude":-77.0368707,"job_benefits":null,"job_google_link":"https:\/\/www.google.com\/search?q=jobs&gl=us&hl=en&udm=8#vhid=vt%3D20\/docid%3D3PnMkZ1krO_qj7t2AAAAAA%3D%3D&vssid=jobs-detail-viewer","job_salary":null,"job_min_salary":null,"job_max_salary":null,"job_salary_period":null,"job_highlights":{"Qualifications":["Minimum 3 years of experience promoting and selling ophthalmology software solutions","Proven track record in opening new markets and managing distribution networks","Established network & relationships within the ophthalmology market","Extended knowledge of business dynamics, strategies, and regulations within the US market","Familiarity with CRM and business suite software solutions (hubspot \/ salesforce)","Demonstrated ability to achieve and exceed sales targets","Strong marketing skills to research new markets and apply effective sales techniques","Ability to analyze and improve business strategies, and develop growth-oriented plans","Established relationships with key local stakeholders, including KOLs, clinics, and purchasing groups","Entrepreneurial and collaborative mindset with a proactive approach to problem-solving","Capability to train and guide clinical staff members in using our solution","Experience in developing and implementing pricing strategies aligned with client budgets"],"Benefits":["A chance to be part of an exceptional team driving innovation in healthcare","A competitive salary in a supportive work environment that fosters work-life balance","Opportunities for professional growth and development in an international setting","Occasional travel to our HQ in Switzerland, immersing you in our core operations and company culture"],"Responsibilities":["Develop and execute strategic plans to grow the business and gain market share in assigned territories","Build and maintain relationships with key stakeholders, including local KOLs, clinics, purchasing groups, and C-level executives","Hit and exceed quarterly and annual sales targets by driving market development activities","Recruit Market Leaders, KOLs, and influencers to promote solutions and educate the scientific community","Administer and implement individual business plans for each territory, including monitoring and analyzing business strategies to provide growth","Oversee and improve marketing activities, provide recommendations, and ensure alignment with business goals","Manage company relationships with partners, such as vendors, suppliers, and KOLs","Train and guide clinical staff members on product and solution use","Monitor international business transactions and address potential challenges proactively","Report on and analyze competitors' activities, pricing strategies, and the impact of their products and services","Design pricing strategies that align with customer budgets and procurement processes","Coordinate with the management team, maintain budgets, and participate in regular team conferences","Evaluate market trends and support product introduction plans"]},"job_onet_soc":"29205700","job_onet_job_zone":"3"},{"job_id":"MGxGgseRUF9YiMmSAAAAAA==","job_title":"Independent Sales Representative","employer_name":"Blueme","employer_logo":null,"employer_website":"https:\/\/bluemefragrance.com","job_publisher":"ZipRecruiter","job_employment_type":"Part-time","job_employment_types":["PARTTIME"],"job_apply_link":"https:\/\/www.ziprecruiter.com\/c\/Blueme\/Job\/Independent-Sales-Representative\/-in-Chevy-Chase,MD?jid=585e64d3694af554&utm_campaign=google_jobs_apply&utm_source=google_jobs_apply&utm_medium=organic","job_apply_is_direct":true,"apply_options":[{"publisher":"ZipRecruiter","apply_link":"https:\/\/www.ziprecruiter.com\/c\/Blueme\/Job\/Independent-Sales-Representative\/-in-Chevy-Chase,MD?jid=585e64d3694af554&utm_campaign=google_jobs_apply&utm_source=google_jobs_apply&utm_medium=organic","is_direct":true}],"job_description":"Independent Sales Representative \u2013 Blueme\n\nAbout Blueme\n\nBlueme is dedicated to the art of wellness through fragrance. Our handcrafted collections of wellness-inspired fragrances invite people to connect with their senses and find calm in daily life.\n\nRole Overview\n\nWe are looking for an experienced, polished, and self-motivated Independent Sales Representative to represent Blueme inside Bloomingdale\u2019s. In this role, you will embody our brand and create memorable experiences that introduce new customers to the Blueme world.\n\nAs an independent contractor, you\u2019ll serve as Blueme\u2019s on-site ambassador\u2014engaging customers, driving sales, and maintaining strong brand presence within the Bloomingdale\u2019s retail environment.\n\nResponsibilities\n\u2022 Represent Blueme professionally as a brand ambassador within Bloomingdale\u2019s\n\u2022 Warmly approach and engage customers, sharing Blueme\u2019s brand story and scent philosophy\n\u2022 Drive sales by offering personalized fragrance recommendations and product demonstrations\n\u2022 Maintain visual standards consistent with Blueme\u2019s aesthetic\n\u2022 Communicate feedback and sales insights to Blueme\u2019s corporate team\n\u2022 Ensure inventory and merchandising displays are aligned with Blueme\u2019s guidelines\n\nQualifications\n\u2022 Proven experience in retail sales, fragrance, or luxury lifestyle brands\n\u2022 Exceptional communication and customer engagement skills\n\u2022 Self-starter with professional presentation and reliability\n\u2022 Ability to work independently while following brand standards\n\u2022 Flexible schedule, weekends are required including some holidays\n\nDetails\n\u2022 Contract Type: Independent Contractor\n\u2022 Location: Bloomingdale\u2019s (In person)\n\u2022 Hours: Part-time, flexible schedule\n\nWhat We Offer\n\u2022 Competitive pay and Blueme product discounts\n\u2022 Training in fragrance rituals and wellness-inspired storytelling\n\u2022 Opportunity to represent a growing luxury wellness brand in a premier retail environment\n\nJob Type: Contract\n\nWork Location: In person","job_is_remote":false,"job_posted_at":"6 days ago","job_posted_at_timestamp":1762300800,"job_posted_at_datetime_utc":"2025-11-05T00:00:00.000Z","job_location":"Chevy Chase, MD","job_city":"Chevy Chase","job_state":"Maryland","job_country":"US","job_latitude":38.9961473,"job_longitude":-77.07727229999999,"job_benefits":null,"job_google_link":"https:\/\/www.google.com\/search?q=jobs&gl=us&hl=en&udm=8#vhid=vt%3D20\/docid%3DMGxGgseRUF9YiMmSAAAAAA%3D%3D&vssid=jobs-detail-viewer","job_min_salary":18,"job_max_salary":25,"job_salary_period":"HOUR","job_highlights":{"Qualifications":["Proven experience in retail sales, fragrance, or luxury lifestyle brands","Exceptional communication and customer engagement skills","Self-starter with professional presentation and reliability","Ability to work independently while following brand standards","Flexible schedule, weekends are required including some holidays"],"Benefits":["Hours: Part-time, flexible schedule","Competitive pay and Blueme product discounts","Training in fragrance rituals and wellness-inspired storytelling","Opportunity to represent a growing luxury wellness brand in a premier retail environment"],"Responsibilities":["We are looking for an experienced, polished, and self-motivated Independent Sales Representative to represent Blueme inside Bloomingdale\u2019s","In this role, you will embody our brand and create memorable experiences that introduce new customers to the Blueme world","As an independent contractor, you\u2019ll serve as Blueme\u2019s on-site ambassador\u2014engaging customers, driving sales, and maintaining strong brand presence within the Bloomingdale\u2019s retail environment","Represent Blueme professionally as a brand ambassador within Bloomingdale\u2019s","Warmly approach and engage customers, sharing Blueme\u2019s brand story and scent philosophy","Drive sales by offering personalized fragrance recommendations and product demonstrations","Maintain visual standards consistent with Blueme\u2019s aesthetic","Communicate feedback and sales insights to Blueme\u2019s corporate team","Ensure inventory and merchandising displays are aligned with Blueme\u2019s guidelines"]},"job_onet_soc":"41401200","job_onet_job_zone":"4"}]}