{"status":"OK","request_id":"f95dca60-e6a8-41aa-be89-ad0de8d98988","parameters":{"query":"Nurse","page":1,"num_pages":1,"country":"us","language":"en"},"data":[{"job_id":"heP0WYgIK7lNW3lnAAAAAA==","job_title":"|| Registered Nurse OR || Washington, DC || $3,400\/Weekly","employer_name":"Muve Healthcare","employer_logo":"https:\/\/encrypted-tbn0.gstatic.com\/images?q=tbn:ANd9GcQK1Iwtq4HZ-uDSY9QVGK9uGCt-YzVZMrYwE4X1&s=0","employer_website":"https:\/\/www.muvehealthcare.com","job_publisher":"Indeed","job_employment_type":"Full-time and Contractor","job_employment_types":["FULLTIME","CONTRACTOR"],"job_apply_link":"https:\/\/www.indeed.com\/viewjob?jk=ffea763ce904d3dc&utm_campaign=google_jobs_apply&utm_source=google_jobs_apply&utm_medium=organic","job_apply_is_direct":true,"apply_options":[{"publisher":"Indeed","apply_link":"https:\/\/www.indeed.com\/viewjob?jk=ffea763ce904d3dc&utm_campaign=google_jobs_apply&utm_source=google_jobs_apply&utm_medium=organic","is_direct":true},{"publisher":"SimplyHired","apply_link":"https:\/\/www.simplyhired.com\/job\/g8l3d1u7AJndmqe79j1VzSDt7dlrWI3u-ijXI4VAGXkenXcW67khiQ?utm_campaign=google_jobs_apply&utm_source=google_jobs_apply&utm_medium=organic","is_direct":false}],"job_description":"Urgent Hiring - RN OR - Washington DC\n\u2022 Location: Washington DC\n\u2022 Contract Type: Travel\n\u2022 Shift: Nights and Days both available\n\u2022 Duration: 13 weeks\n\u2022 Guaranteed Hours: 48 hours available\n\nEligibility Criteria:\n\u2022 Minimum 2 years of experience\n\u2022 Required Certification - ACLS, BLS,\n\u2022 DC State License\n\nPending DC license accepted\n\u2022 **MUST provide proof of pending status at time of submission\n\nRequirements:\n\u2022 Resume (Minimum 2+ years' experience)\n\u2022 Skills checklist\n\u2022 BLS, ACLS a\n\u2022 x2 references (within last 1 year, at least 1 supervisor reference).\n\u2022 Driver's license\n\u2022 Covid Card\n\u2022 Flu shot\n\nPay Rate : $3400 \/ 48 hrs\n\nJob Types: Full-time, Travel nursing, Contract\n\nPay: $3,400.00 per week\n\nBenefits:\n\u2022 401(k)\n\u2022 Dental insurance\n\u2022 Health insurance\n\u2022 Referral program\n\u2022 Relocation assistance\n\nWork Location: In person","job_is_remote":false,"job_posted_at":"7 days ago","job_posted_at_timestamp":1762214400,"job_posted_at_datetime_utc":"2025-11-04T00:00:00.000Z","job_location":"Washington, DC","job_city":"Washington","job_state":"District of Columbia","job_country":"US","job_latitude":38.9071923,"job_longitude":-77.0368707,"job_benefits":["health_insurance","dental_coverage"],"job_google_link":"https:\/\/www.google.com\/search?q=jobs&gl=us&hl=en&udm=8#vhid=vt%3D20\/docid%3DheP0WYgIK7lNW3lnAAAAAA%3D%3D&vssid=jobs-detail-viewer","job_salary":null,"job_min_salary":null,"job_max_salary":null,"job_salary_period":null,"job_highlights":{"Qualifications":["Minimum 2 years of experience","Required Certification - ACLS, BLS,","DC State License","Pending DC license accepted","**MUST provide proof of pending status at time of submission","Resume (Minimum 2+ years' experience)","Skills checklist","BLS, ACLS a","x2 references (within last 1 year, at least 1 supervisor reference)","Driver's license","Covid Card","Flu shot"],"Benefits":["Pay Rate : $3400 \/ 48 hrs","Job Types: Full-time, Travel nursing, Contract","Pay: $3,400.00 per week","401(k)","Dental insurance","Health insurance","Referral program","Relocation assistance"],"Responsibilities":["Shift: Nights and Days both available","Duration: 13 weeks","Guaranteed Hours: 48 hours available"]},"job_onet_soc":"29114100","job_onet_job_zone":"3"},{"job_id":"gNNcN7un2mrL0HMhAAAAAA==","job_title":"Community Health Nurse","employer_name":"Prince George's County, Maryland","employer_logo":"https:\/\/encrypted-tbn0.gstatic.com\/images?q=tbn:ANd9GcT-tNvWVpQQLcOw-gxbEijim--6i02TMqIqmVyZ&s=0","employer_website":"https:\/\/www.princegeorgescountymd.gov","job_publisher":"LinkedIn","job_employment_type":"Full-time","job_employment_types":["FULLTIME"],"job_apply_link":"https:\/\/www.linkedin.com\/jobs\/view\/community-health-nurse-at-prince-george-s-county-maryland-4321801347?utm_campaign=google_jobs_apply&utm_source=google_jobs_apply&utm_medium=organic","job_apply_is_direct":false,"apply_options":[{"publisher":"LinkedIn","apply_link":"https:\/\/www.linkedin.com\/jobs\/view\/community-health-nurse-at-prince-george-s-county-maryland-4321801347?utm_campaign=google_jobs_apply&utm_source=google_jobs_apply&utm_medium=organic","is_direct":false},{"publisher":"Talent.com","apply_link":"https:\/\/www.talent.com\/view?id=209ff54dcbf7&utm_campaign=google_jobs_apply&utm_source=google_jobs_apply&utm_medium=organic","is_direct":false},{"publisher":"Jobrapido","apply_link":"https:\/\/us.jobrapido.com\/jobpreview\/535194588411854848?utm_campaign=google_jobs_apply&utm_source=google_jobs_apply&utm_medium=organic","is_direct":true},{"publisher":"Talentify","apply_link":"https:\/\/www.talentify.io\/job\/community-health-nurse-hyattsville-maryland-us-prince-georges-county-5138253?utm_campaign=google_jobs_apply&utm_source=google_jobs_apply&utm_medium=organic","is_direct":false},{"publisher":"BeBee","apply_link":"https:\/\/us.bebee.com\/job\/3adcbdff0e19d0e3c231466c73771dcb?utm_campaign=google_jobs_apply&utm_source=google_jobs_apply&utm_medium=organic","is_direct":false},{"publisher":"Jobs Trabajo.org","apply_link":"https:\/\/us.trabajo.org\/job-2914-faa28a32ef2688396eb8591a9b6ad62c?utm_campaign=google_jobs_apply&utm_source=google_jobs_apply&utm_medium=organic","is_direct":false},{"publisher":"Jobilize","apply_link":"https:\/\/www.jobilize.com\/job\/us-md-hyattsville-community-health-nurse-governmentjobs-com-hiring?utm_campaign=google_jobs_apply&utm_source=google_jobs_apply&utm_medium=organic","is_direct":false},{"publisher":"Learn4Good","apply_link":"https:\/\/www.learn4good.com\/jobs\/hyattsville\/maryland\/healthcare\/4543825803\/e\/?utm_campaign=google_jobs_apply&utm_source=google_jobs_apply&utm_medium=organic","is_direct":false}],"job_description":"Nature and Variety of Work\n\nCome join our team!\n\nPrince George\u2019s County Government provides a dynamic and inclusive workplace where employees can thrive, learn, and grow across its 30 diverse agencies, all dedicated to serving the County's residents with essential resources and services. Nestled just minutes away from Washington, DC, Prince George's County combines urban vibrancy with serene surroundings, offering an ideal setting to live, work, and enjoy life.\n\nThe Prince George\u2019s County Health Department is currently seeking qualified applicants to fill a Community Health Nurse, (Community Health Nurse I\/II) grade A18-A21 position, in the Family Health Services Division.\n\nAbout The Position\n\nThis is entry level professional staff work performed to address the health care needs of target populations (e.g. infants, youth, adults, seniors) using the nursing process of assessment, planning, implementation, and evaluation. Incumbents provide a variety of professional nursing and health care services to a diverse range of clients, patients, families, and groups from diverse cultural backgrounds. Direct nursing care provided by incumbents is designed to promote health and wellness and prevent disease and disability. Incumbents experience frequent contacts with nursing, medical, and social services personnel in order to coordinate and provide comprehensive nursing services to the public. Work assignments are performed in a variety of community settings (e.g., home, clinics, schools, office) and may expose the employee to infectious\/ contagious diseases. Work assignments are performed within the framework of established nursing care standards and departmental policies and procedures. Work is performed under the close supervision of higher-level nursing personnel and is evaluated through observation, record review, and employee\/ management conferences. Upon the satisfactory completion of a one (1) year probationary period, entry level incumbents may be non-competitively promoted to the II full performance level at management's discretion.\n\nAbout The Agency\n\nThe Prince George's County Health Department's (PGCHD) vision is that all Prince Georgians are their healthiest at every age and every stage. Their mission is to lead, engage, and empower our community to work collaboratively towards disease prevention, health equity, and total well-being. The PGCHD works to protect and support the public\u2019s health through numerous services that range from restaurant inspections and disease tracking to care coordination and health promotion. The department is composed of four divisions: Behavioral Health Services, Environmental Health and Disease Control, Family Health Services, and Health and Wellness, supported by the Office of Administration, Office of Human Resources and the Office of the Health Officer. The mandate of the department has been, and will remain, broad. This plan emphasizes improving core functions and operations, including protecting the public from health threats, implementing strategies to support healthy living, and maintaining a focus on vulnerable populations, while developing efficient internal processes to support these activities.\n\nExamples of Work\n\u2022 Performs entry level professional nursing services in order to address the health care needs of target populations (e.g., infants, youth, adults, seniors).\n\u2022 Assesses the health care needs\/requirements of target populations (e.g., infants, youth, adults, seniors).\n\u2022 Develops, implements and adjusts comprehensive nursing care plans for clients\/patients.\n\u2022 Evaluates the status\/condition\/progress of the patient and takes appropriate action.\n\u2022 Counsels patients from target populations about health care needs.\n\u2022 Makes visits to clients\/patients in their homes or other settings.\n\u2022 Administers oral medications and\/or gives injections to patients.\n\u2022 Assesses patients prior to administration of medication.\n\u2022 Monitors patient reaction\/side effects after administering medication and takes appropriate action.\n\u2022 Participates in meetings\/workshops\/training sessions\/ conferences.\n\u2022 Maintains accurate, complete, and retrievable charts\/records\/ data\/statistics\/logs\/files in order to document health care services provided.\n\u2022 Administers appropriate screening test(s) (e.g., vital signs Denvers, Milani, hearing, vision, etc.)\n\u2022 Conducts tests on specimens.\n\u2022 Makes entries on a variety of documents (e.g., charts, logs).\n\u2022 Coordinates the provision of nursing\/medical services for clients\/patients with other agencies and health care providers.\n\nQualifications\n\nMinimum Qualifications\n\u2022 Graduation from an accredited school, college, university or an equivalent program with a bachelor's degree in nursing or a related health field or an equivalent combination of education and experience.\n\u2022 Possession of a valid license to practice as a Registered Nurse in the State of Maryland issued by the Maryland State Board of Nursing at the time of appointment.\n\u2022 Possession of a valid license to operate a motor vehicle when required for the performance of job-related duties at time of appointment.\n\u2022 Possession of a valid cardiopulmonary resuscitation (CPR) certification.\n\nPreferred Qualifications\n\u2022 EMR experience EPIC\n\nEACH APPLICATION MUST INCLUDE INFORMATION THAT CLEARLY DEMONSTRATES THE ABOVE QUALIFICATIONS FOR THIS POSITION.\n\nAdditional Information\n\nJob Location: 3003 Hospital Drive, Suite 1066, MD 20785\n\nConditions of Employment: Upon selection, the candidate must:\n\u2022 Meet all training and performance standards and demonstrate proficiency as required by the agency.\n\u2022 Wear and use agency protective apparel and equipment in the performance of their assigned duties, if applicable.\n\u2022 Successfully pass preemployment checks which may include reference checks, background investigations, and drug screenings, where applicable.\n\u2022 Be willing and able to serve as an essential employee. Essential employees are expected to report during standard or non-standard hours as operations necessitate, or during emergencies. Essential employees are expected to report or remain at work when other County employees are granted Administrative Leave.\n\nONLY ONLINE APPLICATIONS WILL BE ACCEPTED\n\nEligibility to Work: Under the Immigration Reform and Control Act of 1986, an employer is required to hire only U.S. citizens and lawfully authorized alien workers. Applicants who are selected for employment will be required to provide and verify authorization to work in the United States without sponsorship.\n\nThis employer participates in E-Verify and will provide the federal government with your Form I-9 information to confirm that you are authorized to work in the U.S., only after an offer has been accepted and the Form I-9 is completed. For information on E-Verify, or if you believe the County has violated its E-Verify responsibilities, please contact the Department of Homeland Security (DHS) at 888-897-7781 or visit their website at dhs.gov\/E-Verify.\n\nINTERNAL APPLICANTS: If you are a current Prince George's County Government employee and seeking a promotion, in accordance with Section 16-200 of the Personnel Law, you have the right to appeal a rejection rating within five (5) working days of receiving a rejection notice. Union employees should refer to their respective collective bargaining agreement and\/or union representative for their grievance procedure.\n\nPrince George's County Government is an Equal Opportunity\/Affirmative Action Employer Committed to Diversity and Inclusion in the Workplace","job_is_remote":false,"job_posted_at":"1 day ago","job_posted_at_timestamp":1762732800,"job_posted_at_datetime_utc":"2025-11-10T00:00:00.000Z","job_location":"Hyattsville, MD","job_city":"Hyattsville","job_state":"Maryland","job_country":"US","job_latitude":38.9559442,"job_longitude":-76.9455301,"job_benefits":null,"job_google_link":"https:\/\/www.google.com\/search?q=jobs&gl=us&hl=en&udm=8#vhid=vt%3D20\/docid%3DgNNcN7un2mrL0HMhAAAAAA%3D%3D&vssid=jobs-detail-viewer","job_salary":null,"job_min_salary":null,"job_max_salary":null,"job_salary_period":null,"job_highlights":{"Qualifications":["Upon the satisfactory completion of a one (1) year probationary period, entry level incumbents may be non-competitively promoted to the II full performance level at management's discretion","Graduation from an accredited school, college, university or an equivalent program with a bachelor's degree in nursing or a related health field or an equivalent combination of education and experience","Possession of a valid license to practice as a Registered Nurse in the State of Maryland issued by the Maryland State Board of Nursing at the time of appointment","Possession of a valid license to operate a motor vehicle when required for the performance of job-related duties at time of appointment","Possession of a valid cardiopulmonary resuscitation (CPR) certification","Meet all training and performance standards and demonstrate proficiency as required by the agency","Successfully pass preemployment checks which may include reference checks, background investigations, and drug screenings, where applicable","Be willing and able to serve as an essential employee","Essential employees are expected to report during standard or non-standard hours as operations necessitate, or during emergencies","Eligibility to Work: Under the Immigration Reform and Control Act of 1986, an employer is required to hire only U.S. citizens and lawfully authorized alien workers","Applicants who are selected for employment will be required to provide and verify authorization to work in the United States without sponsorship","This employer participates in E-Verify and will provide the federal government with your Form I-9 information to confirm that you are authorized to work in the U.S., only after an offer has been accepted and the Form I-9 is completed"],"Responsibilities":["This is entry level professional staff work performed to address the health care needs of target populations (e.g. infants, youth, adults, seniors) using the nursing process of assessment, planning, implementation, and evaluation","Incumbents experience frequent contacts with nursing, medical, and social services personnel in order to coordinate and provide comprehensive nursing services to the public","Work assignments are performed in a variety of community settings (e.g., home, clinics, schools, office) and may expose the employee to infectious\/ contagious diseases","Work assignments are performed within the framework of established nursing care standards and departmental policies and procedures","Work is performed under the close supervision of higher-level nursing personnel and is evaluated through observation, record review, and employee\/ management conferences","This plan emphasizes improving core functions and operations, including protecting the public from health threats, implementing strategies to support healthy living, and maintaining a focus on vulnerable populations, while developing efficient internal processes to support these activities","Performs entry level professional nursing services in order to address the health care needs of target populations (e.g., infants, youth, adults, seniors)","Assesses the health care needs\/requirements of target populations (e.g., infants, youth, adults, seniors)","Develops, implements and adjusts comprehensive nursing care plans for clients\/patients","Evaluates the status\/condition\/progress of the patient and takes appropriate action","Counsels patients from target populations about health care needs","Makes visits to clients\/patients in their homes or other settings","Administers oral medications and\/or gives injections to patients","Assesses patients prior to administration of medication","Monitors patient reaction\/side effects after administering medication and takes appropriate action","Participates in meetings\/workshops\/training sessions\/ conferences","Maintains accurate, complete, and retrievable charts\/records\/ data\/statistics\/logs\/files in order to document health care services provided","Administers appropriate screening test(s) (e.g., vital signs Denvers, Milani, hearing, vision, etc.)","Conducts tests on specimens","Makes entries on a variety of documents (e.g., charts, logs)","Coordinates the provision of nursing\/medical services for clients\/patients with other agencies and health care providers","Wear and use agency protective apparel and equipment in the performance of their assigned duties, if applicable","Essential employees are expected to report or remain at work when other County employees are granted Administrative Leave"]},"job_onet_soc":"21109400","job_onet_job_zone":"4"},{"job_id":"rrNLrxjhkH_2DZqgAAAAAA==","job_title":"12K Sign On Bonus - Full Time Days Hospital ICU Registered Nurse - ICU RN","employer_name":"BridgePoint+ Continuing Care Capitol Hill","employer_logo":"https:\/\/encrypted-tbn0.gstatic.com\/images?q=tbn:ANd9GcTeFLpjDZgZkWIopPXdvfKwolO8iw4W8ZRmyX-q&s=0","employer_website":null,"job_publisher":"Indeed","job_employment_type":"Full-time","job_employment_types":["FULLTIME"],"job_apply_link":"https:\/\/www.indeed.com\/viewjob?jk=3fee5723f7416e80&utm_campaign=google_jobs_apply&utm_source=google_jobs_apply&utm_medium=organic","job_apply_is_direct":true,"apply_options":[{"publisher":"Indeed","apply_link":"https:\/\/www.indeed.com\/viewjob?jk=3fee5723f7416e80&utm_campaign=google_jobs_apply&utm_source=google_jobs_apply&utm_medium=organic","is_direct":true},{"publisher":"IntelyCare","apply_link":"https:\/\/www.intelycare.com\/jobs\/168464165-12k-sign-on-bonus-full-time-days-hospital-icu-registered-nurse-icu-rn-28610?utm_campaign=google_jobs_apply&utm_source=google_jobs_apply&utm_medium=organic","is_direct":false},{"publisher":"Monster","apply_link":"https:\/\/www.monster.com\/job-openings\/12k-sign-on-bonus-full-time-days-hospital-icu-registered-nurse-icu-rn-28610-washington-dc--e64070b6-6fd1-458d-a03d-35b9f7036a82?utm_campaign=google_jobs_apply&utm_source=google_jobs_apply&utm_medium=organic","is_direct":false},{"publisher":"LinkedIn","apply_link":"https:\/\/www.linkedin.com\/jobs\/view\/12k-sign-on-bonus-full-time-days-hospital-icu-registered-nurse-icu-rn-28610-at-bridgepoint-healthcare-4315985412?utm_campaign=google_jobs_apply&utm_source=google_jobs_apply&utm_medium=organic","is_direct":false},{"publisher":"SimplyHired","apply_link":"https:\/\/www.simplyhired.com\/job\/1JTKDSUJKYP6hRinnyI75PGpMkspV00IyUJhP2W_WN5OvWno-poF6w?utm_campaign=google_jobs_apply&utm_source=google_jobs_apply&utm_medium=organic","is_direct":false},{"publisher":"Paycomonline.net","apply_link":"https:\/\/www.paycomonline.net\/v4\/ats\/web.php\/jobs\/ViewJobDetails?job=333701&clientkey=8AB4B22DC17E2E91667CFCABE0720C8D&utm_campaign=google_jobs_apply&utm_source=google_jobs_apply&utm_medium=organic","is_direct":false},{"publisher":"Ladders","apply_link":"https:\/\/www.theladders.com\/job-listing\/706077889394489677\/12k-sign-on-bonus-full-time-days-hospital-icu-registered-nurse-icu-rn.htm?utm_campaign=google_jobs_apply&utm_source=google_jobs_apply&utm_medium=organic","is_direct":false},{"publisher":"BeBee","apply_link":"https:\/\/us.bebee.com\/job\/0410aac9d9e66e1fd3549ace2662163c?utm_campaign=google_jobs_apply&utm_source=google_jobs_apply&utm_medium=organic","is_direct":false}],"job_description":"ICU RN - Registered Nurse\n\nBridgePoint+ Continuing Care Hospital - Free Parking Onsite\n\n12K Sign Bonus for Full Time Hires \/ Must Apply & Sign Offer Letter by November 30, 2025\n\nAt BridgePoint Long Term Acute Care Hospital (LTACH), whether you work with patients every day or support those who do, you are making a difference that matters. We know the path to recovery doesn't happen alone. As a team, we work cohesively to meet each patient's unique needs. We are a team-driven environment and we care about our own!\n\nOur employees form the foundation of everything we do to optimize patient healing and wellness and creating a warm and welcoming environment. It is because of the dedication of our employees that we can live out our mission, vision, and company values every day.\n\nIt is at BridgePoint where care, community, and careers happen.\n\nICU Registered Nurse Job Description:\n\nHere at BridgePoint our ICU Registered Nurse RN provide planning and delivery of direct and indirect critical patient care through the nursing process of Assessment, Planning, Intervention, and Evaluation. The ICU Registered Nurse RN develops nursing care plans in coordination with patients, family and interdisciplinary staff as necessary. The ICU Registered Nurse RN communicates changes in patient\u2019s clinical condition with Physicians, Nursing Supervisor\/Manager, and co-workers as appropriate. The ICU Registered Nurse RN participates in discharge planning process.\n\nRegistered Nurse, RN, RN ICU, Critical Care RN, Critical Care Nurse, Intensive Care Nurse, ICU Nurse, ICU Registered Nurse, LTAC, LTACH, Long Term Acute Care\n\nEducation: Graduation from an accredited Bachelor of Science in Nursing, Associate Degree in Nursing or Nursing Diploma program.\n\nLicenses\/Certification: Current state licensure as Registered Nurse. BLS & ACLS required. ACLS must be obtained within 90 days of date of hire.\n\nExperience: Minimum of six months\u2019 ICU experience in an acute care setting preferred.\n\nSafety Sensitive-Designated Position\n\nAbout Bridgepoint\n\nBridgePoint Healthcare is dedicated to promoting healing and wellness in a safe and welcoming environment, with an individualized path to recovery for each patient. BridgePoint Healthcare provides patient-centered, individualized care for patients requiring longer hospitalizations in post-acute care settings. We are a diversified provider of post-acute care in settings ranging from long-term acute care hospitals to skilled nursing facilities. Our locations include two in Washington, DC (BridgePoint Hospital National Harborside and BridgePoint Hospital Capitol Hill), and one in New Orleans (BridgePoint Continuing Care Hospital - West Jefferson Campus).\n\nBPH123","job_is_remote":false,"job_posted_at":"20 days ago","job_posted_at_timestamp":1761091200,"job_posted_at_datetime_utc":"2025-10-22T00:00:00.000Z","job_location":"Washington, DC","job_city":"Washington","job_state":"District of Columbia","job_country":"US","job_latitude":38.9071923,"job_longitude":-77.0368707,"job_benefits":null,"job_google_link":"https:\/\/www.google.com\/search?q=jobs&gl=us&hl=en&udm=8#vhid=vt%3D20\/docid%3DrrNLrxjhkH_2DZqgAAAAAA%3D%3D&vssid=jobs-detail-viewer","job_min_salary":43,"job_max_salary":62.07,"job_salary_period":"HOUR","job_highlights":{"Qualifications":["Education: Graduation from an accredited Bachelor of Science in Nursing, Associate Degree in Nursing or Nursing Diploma program","Licenses\/Certification: Current state licensure as Registered Nurse","BLS & ACLS required","ACLS must be obtained within 90 days of date of hire"],"Responsibilities":["Here at BridgePoint our ICU Registered Nurse RN provide planning and delivery of direct and indirect critical patient care through the nursing process of Assessment, Planning, Intervention, and Evaluation","The ICU Registered Nurse RN develops nursing care plans in coordination with patients, family and interdisciplinary staff as necessary","The ICU Registered Nurse RN communicates changes in patient\u2019s clinical condition with Physicians, Nursing Supervisor\/Manager, and co-workers as appropriate","The ICU Registered Nurse RN participates in discharge planning process","Registered Nurse, RN, RN ICU, Critical Care RN, Critical Care Nurse, Intensive Care Nurse, ICU Nurse, ICU Registered Nurse, LTAC, LTACH, Long Term Acute Care"]},"job_onet_soc":"29114100","job_onet_job_zone":"3"},{"job_id":"AlOX3kbuafPB2z1XAAAAAA==","job_title":"RN Oncology","employer_name":"Johns Hopkins Medicine","employer_logo":"https:\/\/encrypted-tbn0.gstatic.com\/images?q=tbn:ANd9GcSK9-DnIvtFQY9rRZEj-hf24UYvm7K4UogqQQvn&s=0","employer_website":"https:\/\/www.hopkinsmedicine.org","job_publisher":"Johns Hopkins Medicine","job_employment_type":"Full-time","job_employment_types":["FULLTIME"],"job_apply_link":"https:\/\/jobs.hopkinsmedicine.org\/job\/90121\/rn-oncology-nursing-us-dc-washington-sibley-memorial-hospital\/?utm_campaign=google_jobs_apply&utm_source=google_jobs_apply&utm_medium=organic","job_apply_is_direct":false,"apply_options":[{"publisher":"Johns Hopkins Medicine","apply_link":"https:\/\/jobs.hopkinsmedicine.org\/job\/90121\/rn-oncology-nursing-us-dc-washington-sibley-memorial-hospital\/?utm_campaign=google_jobs_apply&utm_source=google_jobs_apply&utm_medium=organic","is_direct":false},{"publisher":"ZipRecruiter","apply_link":"https:\/\/www.ziprecruiter.com\/c\/Johns-Hopkins-Healthcare\/Job\/RN-Oncology\/-in-Washington,DC?jid=6341f7ab7f81c817&utm_campaign=google_jobs_apply&utm_source=google_jobs_apply&utm_medium=organic","is_direct":false},{"publisher":"Indeed","apply_link":"https:\/\/www.indeed.com\/viewjob?jk=c0e0b5748dac5894&utm_campaign=google_jobs_apply&utm_source=google_jobs_apply&utm_medium=organic","is_direct":true},{"publisher":"LocalJobs.com","apply_link":"https:\/\/www.localjobs.com\/job\/washington-dc-rn-oncology-5?utm_campaign=google_jobs_apply&utm_source=google_jobs_apply&utm_medium=organic","is_direct":false},{"publisher":"Ladders","apply_link":"https:\/\/www.theladders.com\/job\/rn-oncology-johnshopkinshealthcare-washington-dc_82847255?utm_campaign=google_jobs_apply&utm_source=google_jobs_apply&utm_medium=organic","is_direct":false},{"publisher":"Tallo","apply_link":"https:\/\/tallo.com\/jobs\/healthcare\/registered-nurse\/ma\/essex\/rn-oncology-7\/?utm_campaign=google_jobs_apply&utm_source=google_jobs_apply&utm_medium=organic","is_direct":false},{"publisher":"Glassdoor","apply_link":"https:\/\/www.glassdoor.com\/job-listing\/rn-oncology-johns-hopkins-health-system-JV_IC1138213_KO0,11_KE12,39.htm?jl=1009905904715&utm_campaign=google_jobs_apply&utm_source=google_jobs_apply&utm_medium=organic","is_direct":true},{"publisher":"BusinessBecause Jobs","apply_link":"https:\/\/jobs.businessbecause.com\/job\/rn-oncology-hzZSvLvJvw-at-johns-hopkins-medicine-2?utm_campaign=google_jobs_apply&utm_source=google_jobs_apply&utm_medium=organic","is_direct":false}],"job_description":"Johns Hopkins Medicine-Sibley Memorial Hospital in Washington, D.C. was ranked among the top hospitals - fourth in the Washington, D.C. metropolitan area by U.S. News & World Report in 2024.\n\nOne Organization.\n\nCountless Opportunities.\n\nJoin our Sibley Nursing Team as an In-Patient Oncology Registered Nurse\n\nWith its 318 beds, this non-profit, full-service acute care hospital offers medical, surgical, intensive care, obstetric, oncology, orthopedic, skilled nursing inpatient services, and a 24-hour Emergency Department. Sibley\u2019s campus is also home to Grand Oaks, an assisted living residence; a medical building with physician offices and ambulatory surgery and imaging centers; and the new patient tower with 200 spacious, private rooms.\n\nSpecialized Unit Details:\n\n25 bed Oncology unit with a BMT specialty component, an emphasis on the acute hematology patients and symptom management for all person experiencing issues related to their cancer diagnosis.\n\nLearn more about our cancer program. Copy and paste in your browser: Cancer Research and Care at Sibley Memorial Hospital (youtube.com)\n\nWhat nurses love about Sibley:\n\u2022 Excellent Benefits Package: Sibley Memorial Hospital Benefits\n\u2022 Free Onsite parking\n\u2022 NEW employee 24\/7 gym\n\u2022 Employee vegetable garden\n\u2022 Supportive Nurse Leadership\n\u2022 Tuition Reimbursement\/RN Loan Forgiveness\/Dependent Tuition Reimbursement\n\nUnit\/Schedule:\n\u2022 25 Bed Inpatient Oncology unit\n\u2022 Full-time 36 hours\/week, benefitted\n\u2022 12-hour Rotating shifts (7a-7p or 7p to 7a)\n\nMinimum Education and Experience:\n\u2022 Licensure as a Registered Nurse in the District of Columbia\n\u2022 Graduation from an accredited program for Registered Nurses\n\u2022 1+ year RN experience\n\u2022 Chemo\/bio\u2013Therapy Certification preferred or obtain within 1 year of hire; fully paid for by Sibley Memorial Hospital.\n\u2022 AHA CPR card\n\nSalary Range: Minimum 39.61\/hour - Maximum 61.40\/hour. Compensation will be commensurate with equity and experience for roles of similar scope and responsibility.\n\nIn cases where the range is displayed as a $0 amount, salary discussions will occur during candidate screening calls, before any subsequent compensation discussion is held between the candidate and any hiring authority.\n\nWe are committed to creating a welcoming and inclusive environment, where we embrace and celebrate our differences, where all employees feel valued, contribute to our mission of serving the community, and engage in equitable healthcare delivery and workforce practices.\n\nJohns Hopkins Health System and its affiliates are drug-free workplace employers.","job_is_remote":false,"job_posted_at":null,"job_posted_at_timestamp":null,"job_posted_at_datetime_utc":null,"job_location":"Washington, DC","job_city":"Washington","job_state":"District of Columbia","job_country":"US","job_latitude":38.9071923,"job_longitude":-77.0368707,"job_benefits":["health_insurance"],"job_google_link":"https:\/\/www.google.com\/search?q=jobs&gl=us&hl=en&udm=8#vhid=vt%3D20\/docid%3DAlOX3kbuafPB2z1XAAAAAA%3D%3D&vssid=jobs-detail-viewer","job_salary":null,"job_min_salary":null,"job_max_salary":null,"job_salary_period":null,"job_highlights":{"Qualifications":["25 Bed Inpatient Oncology unit","12-hour Rotating shifts (7a-7p or 7p to 7a)","Licensure as a Registered Nurse in the District of Columbia","Graduation from an accredited program for Registered Nurses","1+ year RN experience","AHA CPR card"],"Benefits":["Excellent Benefits Package: Sibley Memorial Hospital Benefits","Free Onsite parking","NEW employee 24\/7 gym","Employee vegetable garden","Supportive Nurse Leadership","Tuition Reimbursement\/RN Loan Forgiveness\/Dependent Tuition Reimbursement","Full-time 36 hours\/week, benefitted","Salary Range: Minimum 39.61\/hour - Maximum 61.40\/hour","In cases where the range is displayed as a $0 amount, salary discussions will occur during candidate screening calls, before any subsequent compensation discussion is held between the candidate and any hiring authority"]},"job_onet_soc":"29114100","job_onet_job_zone":"3"},{"job_id":"xcXaiebL6XFiWPB1AAAAAA==","job_title":"Travel Med Surg (Medical Surgical) RN (Registered Nurse) in Washington, DC","employer_name":"Medical Solutions","employer_logo":"https:\/\/encrypted-tbn0.gstatic.com\/images?q=tbn:ANd9GcRzBCis9moy6Gsdp3oP0tguFYJVwEEnbom2UkLb&s=0","employer_website":"https:\/\/www.medicalsolutions.com","job_publisher":"Medical Solutions","job_employment_type":"Full-time","job_employment_types":["FULLTIME"],"job_apply_link":"https:\/\/www.medicalsolutions.com\/jobs\/Travel\/RN_(Registered_Nurse)\/DC\/Med_Surg_(Medical_Surgical)\/3def42f8-8aba-f011-bbd3-6045bd088d24\/3fcb3dfe-8aba-f011-bbd3-6045bd088d24?utm_campaign=google_jobs_apply&utm_source=google_jobs_apply&utm_medium=organic","job_apply_is_direct":true,"apply_options":[{"publisher":"Medical Solutions","apply_link":"https:\/\/www.medicalsolutions.com\/jobs\/Travel\/RN_(Registered_Nurse)\/DC\/Med_Surg_(Medical_Surgical)\/3def42f8-8aba-f011-bbd3-6045bd088d24\/3fcb3dfe-8aba-f011-bbd3-6045bd088d24?utm_campaign=google_jobs_apply&utm_source=google_jobs_apply&utm_medium=organic","is_direct":true},{"publisher":"Glassdoor","apply_link":"https:\/\/www.glassdoor.com\/job-listing\/local-med-surg-medical-surgical-rn-registered-nurse-in-washington-dc-1004904l-medical-solutions-JV_IC1138213_KO0,77_KE78,95.htm?jl=1009930967400&utm_campaign=google_jobs_apply&utm_source=google_jobs_apply&utm_medium=organic","is_direct":true},{"publisher":"The Gypsy Nurse","apply_link":"https:\/\/www.thegypsynurse.com\/job\/local-med-surg-medical-surgical-rn-registered-nurse-in-washington-dc-2\/?utm_campaign=google_jobs_apply&utm_source=google_jobs_apply&utm_medium=organic","is_direct":true},{"publisher":"Talent.com","apply_link":"https:\/\/www.talent.com\/view?id=bdc283d38670&utm_campaign=google_jobs_apply&utm_source=google_jobs_apply&utm_medium=organic","is_direct":true}],"job_description":"A facility in Washington, DC is seeking its next amazing RN (Registered Nurse) to work in Med Surg (Medical Surgical).\n\nNurses and allied healthcare professionals are in high demand nationwide, and our team of industry-leading, traveler-favorite recruiters can get you where you want to go \u2014 personally and professionally. Wherever you may roam, travel healthcare helps you hone your skills and build an amazing resume.\n\nWhen you work with Medical Solutions, we\u2019ve got your back 100% \u2014 starting with your co-captain and sidekick, your trusty recruiter. In addition to providing the industry\u2019s best recruiters, we offer tons of high-paying jobs, clinical support, and incredible benefits, including:\n\nA compensation package that reflects your goals!\nYour very own friendly, hardworking recruiter\n$1,000 unlimited referral bonus\n401(k) with company contribution\nPaid, private, pet-friendly housing\nLicensure\/certification reimbursement\nTraveler discount program\nFree employee assistance program (EAP)\nDay-one medical, dental, and vision insurance\n24\/7 customer care\nVoluntary insurance benefits\nEqual employment opportunity\nAnd more!\n\u2022 Estimated pay and benefits package based on bill rate at time job was posted. Bill rates can change frequently and without notice. Exact pay and benefits package may vary based on several factors, including, but not limited to, guaranteed hours, travel distance, demand, experience, eligibility, etc.","job_is_remote":false,"job_posted_at":"7 days ago","job_posted_at_timestamp":1762214400,"job_posted_at_datetime_utc":"2025-11-04T00:00:00.000Z","job_location":"Washington, DC","job_city":"Washington","job_state":"District of Columbia","job_country":"US","job_latitude":38.9071923,"job_longitude":-77.0368707,"job_benefits":["health_insurance","dental_coverage"],"job_google_link":"https:\/\/www.google.com\/search?q=jobs&gl=us&hl=en&udm=8#vhid=vt%3D20\/docid%3DxcXaiebL6XFiWPB1AAAAAA%3D%3D&vssid=jobs-detail-viewer","job_min_salary":1894,"job_max_salary":2102,"job_salary_period":"WEEK","job_highlights":{"Benefits":["A compensation package that reflects your goals!","Your very own friendly, hardworking recruiter","$1,000 unlimited referral bonus","401(k) with company contribution","Paid, private, pet-friendly housing","Licensure\/certification reimbursement","Traveler discount program","Free employee assistance program (EAP)","Day-one medical, dental, and vision insurance","24\/7 customer care","Voluntary insurance benefits","Equal employment opportunity","Estimated pay and benefits package based on bill rate at time job was posted","Bill rates can change frequently and without notice","Exact pay and benefits package may vary based on several factors, including, but not limited to, guaranteed hours, travel distance, demand, experience, eligibility, etc"]},"job_onet_soc":"29114100","job_onet_job_zone":"3"},{"job_id":"BKi_KcMx7VS3ZMI-AAAAAA==","job_title":"Per Diem Registered Nurse","employer_name":"Open Systems Healthcare","employer_logo":"https:\/\/encrypted-tbn0.gstatic.com\/images?q=tbn:ANd9GcTWPp-M0fICRkgFkAPpMu6ti4YkBFQ5bLsql6aI&s=0","employer_website":"https:\/\/opensystemshealthcare.com","job_publisher":"Indeed","job_employment_type":"Part-time","job_employment_types":["PARTTIME"],"job_apply_link":"https:\/\/www.indeed.com\/viewjob?jk=b7f87e2b2c762c4b&utm_campaign=google_jobs_apply&utm_source=google_jobs_apply&utm_medium=organic","job_apply_is_direct":false,"apply_options":[{"publisher":"Indeed","apply_link":"https:\/\/www.indeed.com\/viewjob?jk=b7f87e2b2c762c4b&utm_campaign=google_jobs_apply&utm_source=google_jobs_apply&utm_medium=organic","is_direct":false},{"publisher":"ZipRecruiter","apply_link":"https:\/\/www.ziprecruiter.com\/c\/Open-Systems-Healthcare\/Job\/Per-Diem-Registered-Nurse\/-in-Washington,DC?jid=154e2b68c5b6ddfe&utm_campaign=google_jobs_apply&utm_source=google_jobs_apply&utm_medium=organic","is_direct":false},{"publisher":"Glassdoor","apply_link":"https:\/\/www.glassdoor.com\/job-listing\/per-diem-registered-nurse-open-systems-healthcare-JV_IC1138213_KO0,25_KE26,49.htm?jl=1009626687729&utm_campaign=google_jobs_apply&utm_source=google_jobs_apply&utm_medium=organic","is_direct":false},{"publisher":"SimplyHired","apply_link":"https:\/\/www.simplyhired.com\/job\/KTeuT1w9TtJG40xpH5-t5uOkeai5Ai0LFGJjhjwDfEZpvzfE3TX94g?utm_campaign=google_jobs_apply&utm_source=google_jobs_apply&utm_medium=organic","is_direct":false},{"publisher":"BeBee","apply_link":"https:\/\/us.bebee.com\/job\/5307333f2b88540a95b79ec6f02c5e28?utm_campaign=google_jobs_apply&utm_source=google_jobs_apply&utm_medium=organic","is_direct":false},{"publisher":"Jobs Trabajo.org","apply_link":"https:\/\/us.trabajo.org\/job-2850-f975b2edfc2b9ece2a21e2de0f798189?utm_campaign=google_jobs_apply&utm_source=google_jobs_apply&utm_medium=organic","is_direct":false}],"job_description":"Position Overview:\n\nThe Per Diem Registered Nurse will focus on client admissions, care plan development, and modification based on consumer needs. They will assess patient conditions, identify risks, and implement appropriate care plans. The nurse will oversee and coordinate skilled care in the consumer's home and community, ensuring quality and safety. They will provide individualized services in alignment with the consumer's living philosophy, building strong therapeutic relationships with patients and families. Upholding OSH's mission, vision, and values is crucial to the delivery of care services.\n\nEssential Job Functions:\n\u2022 Performs Start of Care, Resumption of Care, Supervisory visits, as needed.\n\u2022 Performs 60 day consumer re-assessments and post-fall assessments, as needed.\n\u2022 Ensures that the professional standards of community nursing practice are followed.\n\u2022 Provides and ensures consumer care services under the direction of the Director of Nursing and per the physician's order for the plan of care, which may include simple wound care and tube feeding.\n\u2022 Adheres to policies for, and keeps records of criteria for admission, and to service case assignments and case management.\n\u2022 Works in conjunction with other health care professionals in the community and families to identify resources available and to ensure access of information to consumers.\n\u2022 Provides support and education to consumers and families related to appropriate and available health care resources.\n\u2022 Ensures accuracy, completeness, and timeliness of documentation in accordance with Agency policies and procedures, regulatory requirements, and industry standards.\n\u2022 Reports to team and support staff in identifying Agency\/consumer changes in condition and needs and opportunities for quality improvement.\n\u2022 Regularly checks in with the clinical team to alert the clinical team of any concerns, changes, or other situations that arise during their visits that would require the clinical team's attention. (Examples include emergent situations, wound findings, falls, ER visits)\n\u2022 Communicate with internal clinician to address any questions or concerns surrounding assessments.\n\u2022 Provide immediate correction and education to Home Health Aides if any action is observed during their patient visit that would endanger the patient.\n\u2022 Carryout evening and weekend supervisory visits.\n\u2022 Review home binder to ensure Home Health Aides are logging consumer's vital signs, weights, blood sugar readings.. etc as indicated.\n\u2022 Attend meetings with internal staff, as needed.\n\u2022 Performs other duties as assigned by OSH. Follows Open Systems Health care's Policies and Procedures.\n\nRequired Credentials:\n\u2022 We require an RN license. Have your BSN? Even better!\n\u2022 Preferably 1 year of supervisory experience as an RN under your belt.\n\u2022 Homecare experience if preferred, but not required.\n\u2022 Evidence that you\u2019ve had a Tuberculosis screening that meets CDC guidelines\n\u2022 A current and valid CPR certification\n\u2022 A reliable form of transportation\n\nAnd finally, a mastery of skills when it comes to..\n\u2022 Fast-Paced Situations: Remaining calm and professional during peak busy-ness.\n\u2022 Communication: Someone with interpersonal chops.\n\u2022 Managing Consumers: Attentive to their needs and care services, and always putting them first.\n\u2022 Confidentiality: Working in accordance with HIPAA and having respect for consumers and their privacy.\n\u2022 Time Management: Ability to complete multiple tasks on a daily basis and stay organized.\n\u2022 Effective Leadership: Responsible for your team of caregivers and their consumers\u2019 care, all the while fostering a culture that rings true to OSH\u2019s core values and vision.\n\nStill with us? If this role speaks to you and your career, apply today!","job_is_remote":false,"job_posted_at":null,"job_posted_at_timestamp":null,"job_posted_at_datetime_utc":null,"job_location":"Washington, DC","job_city":"Washington","job_state":"District of Columbia","job_country":"US","job_latitude":38.9071923,"job_longitude":-77.0368707,"job_benefits":null,"job_google_link":"https:\/\/www.google.com\/search?q=jobs&gl=us&hl=en&udm=8#vhid=vt%3D20\/docid%3DBKi_KcMx7VS3ZMI-AAAAAA%3D%3D&vssid=jobs-detail-viewer","job_salary":null,"job_min_salary":null,"job_max_salary":null,"job_salary_period":null,"job_highlights":{"Qualifications":["We require an RN license","Preferably 1 year of supervisory experience as an RN under your belt","Evidence that you\u2019ve had a Tuberculosis screening that meets CDC guidelines","A current and valid CPR certification","A reliable form of transportation","And finally, a mastery of skills when it comes to.","Fast-Paced Situations: Remaining calm and professional during peak busy-ness","Communication: Someone with interpersonal chops","Time Management: Ability to complete multiple tasks on a daily basis and stay organized","Effective Leadership: Responsible for your team of caregivers and their consumers\u2019 care, all the while fostering a culture that rings true to OSH\u2019s core values and vision"],"Responsibilities":["The Per Diem Registered Nurse will focus on client admissions, care plan development, and modification based on consumer needs","They will assess patient conditions, identify risks, and implement appropriate care plans","The nurse will oversee and coordinate skilled care in the consumer's home and community, ensuring quality and safety","They will provide individualized services in alignment with the consumer's living philosophy, building strong therapeutic relationships with patients and families","Upholding OSH's mission, vision, and values is crucial to the delivery of care services","Performs Start of Care, Resumption of Care, Supervisory visits, as needed","Performs 60 day consumer re-assessments and post-fall assessments, as needed","Ensures that the professional standards of community nursing practice are followed","Provides and ensures consumer care services under the direction of the Director of Nursing and per the physician's order for the plan of care, which may include simple wound care and tube feeding","Adheres to policies for, and keeps records of criteria for admission, and to service case assignments and case management","Works in conjunction with other health care professionals in the community and families to identify resources available and to ensure access of information to consumers","Provides support and education to consumers and families related to appropriate and available health care resources","Ensures accuracy, completeness, and timeliness of documentation in accordance with Agency policies and procedures, regulatory requirements, and industry standards","Reports to team and support staff in identifying Agency\/consumer changes in condition and needs and opportunities for quality improvement","Regularly checks in with the clinical team to alert the clinical team of any concerns, changes, or other situations that arise during their visits that would require the clinical team's attention","(Examples include emergent situations, wound findings, falls, ER visits)","Communicate with internal clinician to address any questions or concerns surrounding assessments","Provide immediate correction and education to Home Health Aides if any action is observed during their patient visit that would endanger the patient","Carryout evening and weekend supervisory visits","Review home binder to ensure Home Health Aides are logging consumer's vital signs, weights, blood sugar readings.","etc as indicated","Attend meetings with internal staff, as needed","Performs other duties as assigned by OSH","Follows Open Systems Health care's Policies and Procedures","Managing Consumers: Attentive to their needs and care services, and always putting them first","Confidentiality: Working in accordance with HIPAA and having respect for consumers and their privacy"]},"job_onet_soc":"29114100","job_onet_job_zone":"3"},{"job_id":"AI-o_TNK_niF0ZfqAAAAAA==","job_title":"Registered Nurse RN Per Diem PRN - from $46 to $70 per hour","employer_name":"Nursa","employer_logo":null,"employer_website":"https:\/\/nursa.com","job_publisher":"Nursa","job_employment_type":null,"job_employment_types":[],"job_apply_link":"https:\/\/nursa.com\/rn\/per-diem-washington-dc?utm_campaign=google_jobs_apply&utm_source=google_jobs_apply&utm_medium=organic","job_apply_is_direct":false,"apply_options":[{"publisher":"Nursa","apply_link":"https:\/\/nursa.com\/rn\/per-diem-washington-dc?utm_campaign=google_jobs_apply&utm_source=google_jobs_apply&utm_medium=organic","is_direct":false}],"job_description":"Join our growing network of dedicated and experienced registered nurses (RNs) finding high-paying per diem job opportunities in Washington, District of Columbia.\nWith Nursa, registered nurses provide and coordinate patient care in a variety of settings, including hospitals, long-term care centers, assisted living facilities (ALFs), skilled nursing centers, outpatient care centers, home healthcare services, dialysis clinics, and other types of nursing care facilities. RNs assess patients\u2019 healthcare needs, develop and implement nursing care plans, and provide education and emotional support for patients and their families.\n\nRN Responsibilities:\n\nAlthough work duties can vary significantly depending on an RN\u2019s particular work setting and specialty, here are some common RN responsibilities:\n\u2022 Collect information and assess a patient\u2019s condition by taking their vital signs and medical history, performing physical examinations and observations, and analyzing laboratory tests\n\u2022 Collaborate with physicians and other healthcare professionals to plan and coordinate patient care\n\u2022 Develop and implement patient care plans based on ongoing assessments and physician\u2019s instructions\n\u2022 Administer medications and other treatments as prescribed\n\u2022 Monitor, record, and report symptoms or changes in a patient's condition\n\u2022 Work with patients and family members to explain treatments and procedures\n\u2022 Advocate for the best interests of the patient and serve as a communicator between the patient and the healthcare team\n\u2022 Educate patients and family members about health promotion and self-care management and offer emotional support\n\u2022 Maintain patient confidentiality and ensure compliance with established policies and procedures\n\nRN Qualifications:\n\nHere are basic qualifications and fundamental nursing skills of Nursa RNs:\n\u2022 Current and valid RN license\n\u2022 Cardiopulmonary resuscitation (CPR) and\/or Basic Life Support (BLS) certification\n\u2022 Knowledge of nursing procedures and protocols\n\u2022 Ability to work independently and as part of a team\n\u2022 Excellent organizational, problem-solving, and communication skills\n\u2022 Ability to provide compassionate and reliable care\n\nRN Benefits:\n\nRNs who find jobs with Nursa enjoy all of the following advantages:\n\u2022 Competitive hourly rates\n\u2022 Fast and straightforward payments\n\u2022 Flexible scheduling to accommodate all preferences and lifestyles\n\u2022 Access to a wide range of per diem jobs and other short-term assignments\n\u2022 User-friendly platform and downloadable app for easy job booking\n\nGet Started in Minutes:\n\nNursa enables registered nurses (RNs) to work when and where they want. Get started in three easy steps:\n\u2022 Set up an account\n\u2022 Upload your licenses\/certifications\n\u2022 Request shifts\n\nAbout Required RN License:\n\nTo become a registered nurse (RN), an individual needs to complete an accredited nursing program for RNs. After that, they must complete a licensure application and approval process that meets their respective state\u2019s licensing requirements and pass the National Council Licensure Examination for Registered Nurses (NCLEX-RN). Furthermore, RNs must renew licensure periodically, following their state\u2019s requirements.\n\nAbout Location:\n\nWashington, DC is the nation's capital and a great place for nursing professionals to pick up per diem shifts. It's a vibrant city with amazing cultural attractions, iconic monuments, and world-class museums. There are ample opportunities to pick up shifts across all disciplines in the sprawling DC metro area, earning a great wage for great care.\nThe District of Columbia, commonly referred to as DC and the DMV, is the capital of the United States. Its nickname is \u201cChocolate City\u201d for its major African American population. DC is the perfect place for nursing professionals, offering plentiful per diem shifts at renowned medical institutions, due to its large population of healthcare professionals.\n\nJoin Nursa, the leading digital marketplace for nursing and allied healthcare professionals, and take control of your career today. Experience the freedom to work when and where you choose by applying now.","job_is_remote":false,"job_posted_at":"28 days ago","job_posted_at_timestamp":1760400000,"job_posted_at_datetime_utc":"2025-10-14T00:00:00.000Z","job_location":"Washington, DC","job_city":"Washington","job_state":"District of Columbia","job_country":"US","job_latitude":38.9071923,"job_longitude":-77.0368707,"job_benefits":null,"job_google_link":"https:\/\/www.google.com\/search?q=jobs&gl=us&hl=en&udm=8#vhid=vt%3D20\/docid%3DAI-o_TNK_niF0ZfqAAAAAA%3D%3D&vssid=jobs-detail-viewer","job_min_salary":46,"job_max_salary":70,"job_salary_period":"HOUR","job_highlights":{"Qualifications":["Here are basic qualifications and fundamental nursing skills of Nursa RNs:","Current and valid RN license","Cardiopulmonary resuscitation (CPR) and\/or Basic Life Support (BLS) certification","Knowledge of nursing procedures and protocols","Ability to work independently and as part of a team","Excellent organizational, problem-solving, and communication skills","Ability to provide compassionate and reliable care","To become a registered nurse (RN), an individual needs to complete an accredited nursing program for RNs","After that, they must complete a licensure application and approval process that meets their respective state\u2019s licensing requirements and pass the National Council Licensure Examination for Registered Nurses (NCLEX-RN)","Furthermore, RNs must renew licensure periodically, following their state\u2019s requirements"],"Benefits":["Competitive hourly rates","Fast and straightforward payments","Flexible scheduling to accommodate all preferences and lifestyles","Access to a wide range of per diem jobs and other short-term assignments","User-friendly platform and downloadable app for easy job booking"],"Responsibilities":["With Nursa, registered nurses provide and coordinate patient care in a variety of settings, including hospitals, long-term care centers, assisted living facilities (ALFs), skilled nursing centers, outpatient care centers, home healthcare services, dialysis clinics, and other types of nursing care facilities","RNs assess patients\u2019 healthcare needs, develop and implement nursing care plans, and provide education and emotional support for patients and their families","Although work duties can vary significantly depending on an RN\u2019s particular work setting and specialty, here are some common RN responsibilities:","Collect information and assess a patient\u2019s condition by taking their vital signs and medical history, performing physical examinations and observations, and analyzing laboratory tests","Collaborate with physicians and other healthcare professionals to plan and coordinate patient care","Develop and implement patient care plans based on ongoing assessments and physician\u2019s instructions","Administer medications and other treatments as prescribed","Monitor, record, and report symptoms or changes in a patient's condition","Work with patients and family members to explain treatments and procedures","Advocate for the best interests of the patient and serve as a communicator between the patient and the healthcare team","Educate patients and family members about health promotion and self-care management and offer emotional support","Maintain patient confidentiality and ensure compliance with established policies and procedures"]},"job_onet_soc":"29114100","job_onet_job_zone":"3"},{"job_id":"BkXPeoHW2tc2a-87AAAAAA==","job_title":"Practical Nurse","employer_name":"JT-DDAAFF NCR DHN - WALTER REED","employer_logo":null,"employer_website":null,"job_publisher":"USAJobs","job_employment_type":"Full-time","job_employment_types":["FULLTIME"],"job_apply_link":"https:\/\/www.usajobs.gov\/job\/847516900?utm_campaign=google_jobs_apply&utm_source=google_jobs_apply&utm_medium=organic","job_apply_is_direct":false,"apply_options":[{"publisher":"USAJobs","apply_link":"https:\/\/www.usajobs.gov\/job\/847516900?utm_campaign=google_jobs_apply&utm_source=google_jobs_apply&utm_medium=organic","is_direct":false},{"publisher":"Indeed","apply_link":"https:\/\/www.indeed.com\/viewjob?jk=b453654f342b5598&utm_campaign=google_jobs_apply&utm_source=google_jobs_apply&utm_medium=organic","is_direct":false},{"publisher":"ZipRecruiter","apply_link":"https:\/\/www.ziprecruiter.com\/c\/Department-of-Defense\/Job\/Practical-Nurse-with-Security-Clearance\/-in-Bethesda,MD?jid=442bb8a90cd9afe3&utm_campaign=google_jobs_apply&utm_source=google_jobs_apply&utm_medium=organic","is_direct":true},{"publisher":"Glassdoor","apply_link":"https:\/\/www.glassdoor.com\/job-listing\/practical-nurse-us-military-treatment-facilities-under-dha-JV_IC1153817_KO0,15_KE16,58.htm?jl=1009900455753&utm_campaign=google_jobs_apply&utm_source=google_jobs_apply&utm_medium=organic","is_direct":false},{"publisher":"SimplyHired","apply_link":"https:\/\/www.simplyhired.com\/job\/W3h49PE-1edwCkEVW7S8cjeyC1iPzq2bF0d7VA9LgPFEu_rewojUaA?utm_campaign=google_jobs_apply&utm_source=google_jobs_apply&utm_medium=organic","is_direct":false},{"publisher":"Teal","apply_link":"https:\/\/www.tealhq.com\/job\/practical-nurse_047889aa-50bb-44d6-8885-50d72ccca249?utm_campaign=google_jobs_apply&utm_source=google_jobs_apply&utm_medium=organic","is_direct":false},{"publisher":"Ladders","apply_link":"https:\/\/www.theladders.com\/job-listing\/-7593527217127759858\/practical-nurse.htm?utm_campaign=google_jobs_apply&utm_source=google_jobs_apply&utm_medium=organic","is_direct":false},{"publisher":"Talentify","apply_link":"https:\/\/www.talentify.io\/job\/practical-nurse-bethesda-maryland-us-us-department-of-defense-847516900?utm_campaign=google_jobs_apply&utm_source=google_jobs_apply&utm_medium=organic","is_direct":false}],"job_description":"About the Position: This position is located in the Department of Surgery, Urology at Walter Reed National Military Medical Center in Bethesda, MD.\n\nMonday-Friday 0700-1530 no weekend or holidays.\n\nThis is a Direct Hire Authority (DHA) solicitation utilizing the DHA for Certain Personnel of the DoD to recruit and appoint qualified candidates to positions in the competitive service.","job_is_remote":false,"job_posted_at":null,"job_posted_at_timestamp":null,"job_posted_at_datetime_utc":null,"job_location":"Bethesda, MD","job_city":"Bethesda","job_state":"Maryland","job_country":"US","job_latitude":38.9848328,"job_longitude":-77.09431719999999,"job_benefits":null,"job_google_link":"https:\/\/www.google.com\/search?q=jobs&gl=us&hl=en&udm=8#vhid=vt%3D20\/docid%3DBkXPeoHW2tc2a-87AAAAAA%3D%3D&vssid=jobs-detail-viewer","job_min_salary":null,"job_max_salary":null,"job_salary_period":"YEAR","job_highlights":[],"job_onet_soc":"29206100","job_onet_job_zone":"3"},{"job_id":"Ex2lqXI1HahAPnP_AAAAAA==","job_title":"Registered Nurse","employer_name":"DAVITA","employer_logo":"https:\/\/encrypted-tbn0.gstatic.com\/images?q=tbn:ANd9GcS5XVRnQqzaYMPW92b72UsJJHHBt61sQEzpy_jn&s=0","employer_website":null,"job_publisher":"DaVita | Careers","job_employment_type":"Full-time","job_employment_types":["FULLTIME"],"job_apply_link":"https:\/\/careers.davita.com\/job\/R0431521\/Registered-Nurse?utm_campaign=google_jobs_apply&utm_source=google_jobs_apply&utm_medium=organic","job_apply_is_direct":false,"apply_options":[{"publisher":"DaVita | Careers","apply_link":"https:\/\/careers.davita.com\/job\/R0431521\/Registered-Nurse?utm_campaign=google_jobs_apply&utm_source=google_jobs_apply&utm_medium=organic","is_direct":false},{"publisher":"Nursing Network","apply_link":"https:\/\/www.nursingnetwork.com\/nursing-jobs\/1673624-registered-nurse?utm_campaign=google_jobs_apply&utm_source=google_jobs_apply&utm_medium=organic","is_direct":false},{"publisher":"Workday","apply_link":"https:\/\/takeda.wd3.myworkdayjobs.com\/ru-RU\/External\/job\/Registered-Nurse--BSN-_R0141398-1?utm_campaign=google_jobs_apply&utm_source=google_jobs_apply&utm_medium=organic","is_direct":false},{"publisher":"Indeed","apply_link":"https:\/\/www.indeed.com\/viewjob?jk=e8396e1da4cd9657&utm_campaign=google_jobs_apply&utm_source=google_jobs_apply&utm_medium=organic","is_direct":false},{"publisher":"Breakroom","apply_link":"https:\/\/www.breakroom.cc\/en-us\/jobs\/listing\/20533505-davita-inc-registered-nurse-forestville-united-states?utm_campaign=google_jobs_apply&utm_source=google_jobs_apply&utm_medium=organic","is_direct":false},{"publisher":"Snagajob","apply_link":"https:\/\/www.snagajob.com\/jobs\/1184819623?utm_campaign=google_jobs_apply&utm_source=google_jobs_apply&utm_medium=organic","is_direct":false},{"publisher":"Talents By Vaia","apply_link":"https:\/\/talents.vaia.com\/companies\/intelycare\/registered-nurse-35383630\/?utm_campaign=google_jobs_apply&utm_source=google_jobs_apply&utm_medium=organic","is_direct":false},{"publisher":"Talent.com","apply_link":"https:\/\/www.talent.com\/view?id=7d27f1f4ffa4&utm_campaign=google_jobs_apply&utm_source=google_jobs_apply&utm_medium=organic","is_direct":false}],"job_description":"Posting Date\n11\/06\/2025\n\n3424 Donnell Dr, Forestville, Maryland, 20747-3209, United States of America\n\nMake a real impact\u2014every day.\n\nAs a DaVita RN, you\u2019ll ensure compassionate and professional delivery of all dialysis-related nursing services in an outpatient setting, ensuring the safety, comfort, and wellbeing of your patients. You\u2019ll work in a fast-paced environment, collaborate with our professional team of clinicians, and use your critical thinking skills to solve problems and support patient care.\n\nKey Responsibilities:\n\u2022 Deliver dialysis treatments and monitor patient status\n\u2022 Assess, troubleshoot, and respond to clinical situations\n\u2022 Educate patients and build meaningful relationships\n\u2022 Work as part of a supportive care team\n\nQualifications:\n\u2022 Current RN license in state of practice\n\u2022 CPR certification and basic EKG interpretation\n\u2022 2+ years\u2019 experience with acutely ill patients (ICU, ER, Med\/Surg preferred)\n\u2022 Strong assessment, time management, and communication skills\n\u2022 CNN certification a plus\n\nWhat We Offer:\n\u2022 Medical, dental, vision, 401(k) with match\n\u2022 Paid time off and PTO cash out\n\u2022 Parental leave, family support, and mental health tools\n\u2022 Career growth and training through DaVita\u2019s StarLearning platform\n\u2022 Performance-based pay and advancement opportunities\n\nStart making a difference today.\nApply now to join a team that values your skills and supports your career.\n\nAt DaVita, we strive to be a community first and a company second. We want all teammates to experience DaVita as \"a place where I belong.\" Our goal is to embed belonging into everything we do in our Village, so that it becomes part of who we are. We are proud to be an equal opportunity workplace and comply with state and federal affirmative action requirements. Individuals are recruited, hired, assigned and promoted without regard to race, national origin, religion, age, color, sex, sexual orientation, gender identity, disability, protected veteran status, or any other protected characteristic.\n\nThis position will be open for a minimum of three days.\n\nThe Wage Range for the role is $40.00 - $56.00 per hour.\n\nRegistered Nurse ICHD Intermediate: $41.00 - $43.25 per hour.\n\nFor location-specific minimum wage details, see the following link: DaVita.jobs\/WageRates\n\nCompensation for the role will depend on a number of factors, including a candidate\u2019s qualifications, skills, competencies and experience. DaVita offers a competitive total rewards package, which includes a 401k match, healthcare coverage and a broad range of other benefits. Learn more at https:\/\/careers.davita.com\/benefits\n\nColorado Residents: Please do not respond to any questions in this initial application that may seek age-identifying information such as age, date of birth, or dates of school attendance or graduation. You may also redact this information from any materials you submit during the application process. You will not be penalized for redacting or removing this information.","job_is_remote":false,"job_posted_at":"5 days ago","job_posted_at_timestamp":1762387200,"job_posted_at_datetime_utc":"2025-11-06T00:00:00.000Z","job_location":"Forestville, MD","job_city":"Forestville","job_state":"Maryland","job_country":"US","job_latitude":38.8451131,"job_longitude":-76.8749722,"job_benefits":["paid_time_off","health_insurance","dental_coverage"],"job_google_link":"https:\/\/www.google.com\/search?q=jobs&gl=us&hl=en&udm=8#vhid=vt%3D20\/docid%3DEx2lqXI1HahAPnP_AAAAAA%3D%3D&vssid=jobs-detail-viewer","job_salary":null,"job_min_salary":null,"job_max_salary":null,"job_salary_period":null,"job_highlights":{"Qualifications":["Current RN license in state of practice","CPR certification and basic EKG interpretation","Strong assessment, time management, and communication skills"],"Benefits":["Medical, dental, vision, 401(k) with match","Paid time off and PTO cash out","Parental leave, family support, and mental health tools","Career growth and training through DaVita\u2019s StarLearning platform","Performance-based pay and advancement opportunities","The Wage Range for the role is $40.00 - $56.00 per hour","Registered Nurse ICHD Intermediate: $41.00 - $43.25 per hour","DaVita offers a competitive total rewards package, which includes a 401k match, healthcare coverage and a broad range of other benefits"],"Responsibilities":["As a DaVita RN, you\u2019ll ensure compassionate and professional delivery of all dialysis-related nursing services in an outpatient setting, ensuring the safety, comfort, and wellbeing of your patients","You\u2019ll work in a fast-paced environment, collaborate with our professional team of clinicians, and use your critical thinking skills to solve problems and support patient care","Deliver dialysis treatments and monitor patient status","Assess, troubleshoot, and respond to clinical situations","Educate patients and build meaningful relationships","Work as part of a supportive care team"]},"job_onet_soc":"29114100","job_onet_job_zone":"3"},{"job_id":"4_LDxuX1jCPDgr_cAAAAAA==","job_title":"lpn rn","employer_name":"HiringCafe","employer_logo":null,"employer_website":"https:\/\/hiring.cafe","job_publisher":"Hiring Cafe","job_employment_type":"Full-time","job_employment_types":["FULLTIME"],"job_apply_link":"https:\/\/hiring.cafe\/jobs\/lpn-rn\/locations\/washington-dc-us?utm_campaign=google_jobs_apply&utm_source=google_jobs_apply&utm_medium=organic","job_apply_is_direct":false,"apply_options":[{"publisher":"Hiring Cafe","apply_link":"https:\/\/hiring.cafe\/jobs\/lpn-rn\/locations\/washington-dc-us?utm_campaign=google_jobs_apply&utm_source=google_jobs_apply&utm_medium=organic","is_direct":false}],"job_description":"Find Lpn Rn positions in Washington, DC, US. Browse opportunities in Washington, DC, US, Washington, District of Columbia. Apply to remote, hybrid, and onsite positions.","job_is_remote":false,"job_posted_at":null,"job_posted_at_timestamp":null,"job_posted_at_datetime_utc":null,"job_location":"District of Columbia","job_city":"Washington","job_state":"District of Columbia","job_country":"US","job_latitude":38.9071923,"job_longitude":-77.0368707,"job_benefits":null,"job_google_link":"https:\/\/www.google.com\/search?q=jobs&gl=us&hl=en&udm=8#vhid=vt%3D20\/docid%3D4_LDxuX1jCPDgr_cAAAAAA%3D%3D&vssid=jobs-detail-viewer","job_salary":null,"job_min_salary":null,"job_max_salary":null,"job_salary_period":null,"job_highlights":[],"job_onet_soc":"29206100","job_onet_job_zone":"3"}]}